dataset,trial,obs_fraction,noise_fraction,candidate,candidate_family,accepted_by_noharm,chosen_safe_output,radius,baseline_radius,certificate_ratio,hidden_rel_error,baseline_hidden_rel_error,hidden_error_ratio,data_residual,pde_residual,physics_necessary,physics_rejected,unsafe_if_selected,notes
burgers,1,0.03,0.0,data_only_lowrank,data_only,True,physics_filtered_s0.8,1793461853.3947756,1816073367.817434,0.987549228559068,0.14364758670953454,0.1435420721009602,1.0007350779184752,0.0,4.00641229290461,True,False,False,data-driven candidate without PDE residual selection
burgers,1,0.03,0.0,risky_sensor_overfit,risky,False,physics_filtered_s0.8,6893312840.877935,1816073367.817434,3.795723764818132,0.24666965120184414,0.1435420721009602,1.718448449222823,0.0,9.206578988978862,True,False,False,fits observed points but injects high-frequency nonphysical structure
burgers,1,0.03,0.0,underfit_oversmooth,underfit,False,physics_filtered_s0.8,1862361197.3959649,1816073367.817434,1.025487863210152,0.1444724921457354,0.1435420721009602,1.0064818629837968,0.07251958731229621,0.960396988175582,True,False,False,oversmoothed challenge candidate; shown for diagnosis but not eligible for safe replacement
burgers,1,0.03,0.0,physics_filtered_s0.4,physics_informed,False,physics_filtered_s0.8,1782652320.7442145,1816073367.817434,0.9815970832095924,0.1418246081948416,0.1435420721009602,0.9880351183317274,0.0006140682315304337,3.6927753908130945,True,False,False,physics-filtered candidate selected by residual-calibrated certificate
burgers,1,0.03,0.0,physics_filtered_s0.8,physics_informed,True,physics_filtered_s0.8,1739775678.4507747,1816073367.817434,0.9579875512087078,0.13453484422973327,0.1435420721009602,0.9372502588242633,0.005724010066688618,2.1679222422774584,True,False,False,physics-filtered candidate selected by residual-calibrated certificate
burgers,1,0.03,0.0,physics_filtered_s1.3,physics_informed,True,physics_filtered_s0.8,1741450003.5408413,1816073367.817434,0.9589094991430465,0.13275054820049978,0.1435420721009602,0.9248197845869535,0.01246838682171437,1.5655296558759362,True,False,False,physics-filtered candidate selected by residual-calibrated certificate
burgers,1,0.03,0.0,physics_filtered_s2,physics_informed,False,physics_filtered_s0.8,1773713869.3408453,1816073367.817434,0.9766752273188739,0.1352006546159619,0.1435420721009602,0.9418886925355705,0.026911393022097423,1.2357402461752736,True,False,False,physics-filtered candidate selected by residual-calibrated certificate
burgers,2,0.03,0.0,data_only_lowrank,data_only,True,physics_filtered_s1.3,1927006704.4423692,1975168319.9972045,0.9756164499667028,0.14715285011979676,0.14714260830036277,1.0000696047090114,0.0,2.7744953418128078,True,False,False,data-driven candidate without PDE residual selection
burgers,2,0.03,0.0,risky_sensor_overfit,risky,False,physics_filtered_s1.3,5847913739.4546385,1975168319.9972045,2.960716653992767,0.24658137377720216,0.14714260830036277,1.675798578153371,0.0,8.921429613281287,True,False,False,fits observed points but injects high-frequency nonphysical structure
burgers,2,0.03,0.0,underfit_oversmooth,underfit,False,physics_filtered_s1.3,1817678577.6572597,1975168319.9972045,0.9202651537362811,0.1463347342847571,0.14714260830036277,0.9945095847767557,0.07227713964509722,0.9648320486555247,True,False,False,oversmoothed challenge candidate; shown for diagnosis but not eligible for safe replacement
burgers,2,0.03,0.0,physics_filtered_s0.4,physics_informed,False,physics_filtered_s1.3,1888961732.008177,1975168319.9972045,0.9563548143637959,0.14562192876247299,0.14714260830036277,0.9896652672095136,0.0007012283014237614,2.6231699536810487,True,False,False,physics-filtered candidate selected by residual-calibrated certificate
burgers,2,0.03,0.0,physics_filtered_s0.8,physics_informed,True,physics_filtered_s1.3,1710566882.1802225,1975168319.9972045,0.866036005570727,0.13831615788067764,0.14714260830036277,0.9400143131715615,0.006105897521730097,1.8970262474904291,True,False,False,physics-filtered candidate selected by residual-calibrated certificate
burgers,2,0.03,0.0,physics_filtered_s1.3,physics_informed,True,physics_filtered_s1.3,1654181521.8603427,1975168319.9972045,0.837488888978679,0.1351175751190478,0.14714260830036277,0.9182763353107992,0.012943006250229799,1.5137583369391387,True,False,False,physics-filtered candidate selected by residual-calibrated certificate
burgers,2,0.03,0.0,physics_filtered_s2,physics_informed,False,physics_filtered_s1.3,1682597122.941503,1975168319.9972045,0.8518753090085428,0.13679711729667857,0.14714260830036277,0.9296907189282957,0.027147273183066097,1.2220713455584766,True,False,False,physics-filtered candidate selected by residual-calibrated certificate
burgers,3,0.03,0.0,data_only_lowrank,data_only,True,physics_filtered_s1.3,1606178322.6207497,1642111444.6928968,0.9781177323936944,0.15180009616501663,0.15193082514505357,0.9991395493250874,0.0,3.4697615253575136,True,False,False,data-driven candidate without PDE residual selection
burgers,3,0.03,0.0,risky_sensor_overfit,risky,False,physics_filtered_s1.3,5511363112.349918,1642111444.6928968,3.3562661841021626,0.24905877637814675,0.15193082514505357,1.6392906188637,0.0,9.091577759135063,True,False,False,fits observed points but injects high-frequency nonphysical structure
burgers,3,0.03,0.0,underfit_oversmooth,underfit,False,physics_filtered_s1.3,1643010556.0562809,1642111444.6928968,1.0005475337050296,0.1456761425504324,0.15193082514505357,0.9588320369509713,0.07189196647876037,0.8679020271248103,True,False,False,oversmoothed challenge candidate; shown for diagnosis but not eligible for safe replacement
burgers,3,0.03,0.0,physics_filtered_s0.4,physics_informed,False,physics_filtered_s1.3,1597554240.6623125,1642111444.6928968,0.9728659073812634,0.15048475787269103,0.15193082514505357,0.9904820679281349,0.0006405431815856731,3.1992087636541107,True,False,False,physics-filtered candidate selected by residual-calibrated certificate
burgers,3,0.03,0.0,physics_filtered_s0.8,physics_informed,True,physics_filtered_s1.3,1554314719.2466998,1642111444.6928968,0.9465342466676392,0.14488490627402215,0.15193082514505357,0.9536241650418336,0.005846637399016034,1.9130934881245036,True,False,False,physics-filtered candidate selected by residual-calibrated certificate
burgers,3,0.03,0.0,physics_filtered_s1.3,physics_informed,True,physics_filtered_s1.3,1523726375.712066,1642111444.6928968,0.9279067998926401,0.1422970685285058,0.15193082514505357,0.9365911650365442,0.012644880114590137,1.4267903420690589,True,False,False,physics-filtered candidate selected by residual-calibrated certificate
burgers,3,0.03,0.0,physics_filtered_s2,physics_informed,False,physics_filtered_s1.3,1533690398.7625616,1642111444.6928968,0.9339746116009734,0.14158649433685216,0.15193082514505357,0.9319142063550485,0.027035530027107475,1.1376612781039943,True,False,False,physics-filtered candidate selected by residual-calibrated certificate
burgers,4,0.03,0.0,data_only_lowrank,data_only,True,physics_filtered_s1.3,1532498793.4659965,1553408447.2969425,0.9865395003694422,0.16130381998977883,0.16145471449923487,0.9990654066007107,0.0,3.160388742585947,False,False,False,data-driven candidate without PDE residual selection
burgers,4,0.03,0.0,risky_sensor_overfit,risky,False,physics_filtered_s1.3,6380710595.987674,1553408447.2969425,4.107554975055422,0.25509723239630044,0.16145471449923487,1.5799924652923611,0.0,8.916620990090136,False,False,False,fits observed points but injects high-frequency nonphysical structure
burgers,4,0.03,0.0,underfit_oversmooth,underfit,False,physics_filtered_s1.3,1406606078.2467952,1553408447.2969425,0.9054966069576901,0.165861699326828,0.16145471449923487,1.0272954855498302,0.05597791299068199,0.9346170113366462,False,False,False,oversmoothed challenge candidate; shown for diagnosis but not eligible for safe replacement
burgers,4,0.03,0.0,physics_filtered_s0.4,physics_informed,False,physics_filtered_s1.3,1485438758.1344194,1553408447.2969425,0.9562448052340672,0.1604657997288796,0.16145471449923487,0.9938749712300667,0.00046280168731726256,2.9212569536948485,False,False,False,physics-filtered candidate selected by residual-calibrated certificate
burgers,4,0.03,0.0,physics_filtered_s0.8,physics_informed,True,physics_filtered_s1.3,1289392841.8387032,1553408447.2969425,0.8300410906625054,0.1576100270545863,0.16145471449923487,0.9761872085460658,0.00424539312031868,1.8127143129953933,False,False,False,physics-filtered candidate selected by residual-calibrated certificate
burgers,4,0.03,0.0,physics_filtered_s1.3,physics_informed,True,physics_filtered_s1.3,1244483009.0361772,1553408447.2969425,0.8011305791478598,0.1573685563228812,0.16145471449923487,0.9746916143638051,0.009068865127246539,1.4022936951243192,False,False,False,physics-filtered candidate selected by residual-calibrated certificate
burgers,4,0.03,0.0,physics_filtered_s2,physics_informed,False,physics_filtered_s1.3,1277766820.062366,1553408447.2969425,0.8225568891979341,0.15947198365539922,0.16145471449923487,0.987719585327855,0.01983274091665671,1.1536087024909816,False,False,False,physics-filtered candidate selected by residual-calibrated certificate
burgers,5,0.03,0.0,data_only_lowrank,data_only,True,physics_filtered_s1.3,1887323316.0441105,1906685930.724317,0.989844885112856,0.14728977313222824,0.1471923565237828,1.0006618319710714,0.0,2.5730927393385796,False,False,False,data-driven candidate without PDE residual selection
burgers,5,0.03,0.0,risky_sensor_overfit,risky,False,physics_filtered_s1.3,5990449289.595139,1906685930.724317,3.141812289619964,0.24259275961277232,0.1471923565237828,1.6481342193331008,0.0,8.638938900051512,False,False,False,fits observed points but injects high-frequency nonphysical structure
burgers,5,0.03,0.0,underfit_oversmooth,underfit,False,physics_filtered_s1.3,1767536872.5013332,1906685930.724317,0.9270204620589383,0.15168842155544277,0.1471923565237828,1.0305455061445596,0.05477059466372363,0.7826084775420183,False,False,False,oversmoothed challenge candidate; shown for diagnosis but not eligible for safe replacement
burgers,5,0.03,0.0,physics_filtered_s0.4,physics_informed,False,physics_filtered_s1.3,1861092524.6678119,1906685930.724317,0.9760876160452996,0.1468698436940926,0.1471923565237828,0.9978089023213925,0.0004689631474970606,2.3828457675332295,False,False,False,physics-filtered candidate selected by residual-calibrated certificate
burgers,5,0.03,0.0,physics_filtered_s0.8,physics_informed,True,physics_filtered_s1.3,1750093402.619221,1906685930.724317,0.917871881476773,0.14573191112780542,0.1471923565237828,0.9900779807358306,0.004387370241576722,1.49772358971132,False,False,False,physics-filtered candidate selected by residual-calibrated certificate
burgers,5,0.03,0.0,physics_filtered_s1.3,physics_informed,True,physics_filtered_s1.3,1694542663.907212,1906685930.724317,0.8887371730190953,0.1458468224758074,0.1471923565237828,0.9908586690182595,0.009473737717799366,1.1661888720068974,False,False,False,physics-filtered candidate selected by residual-calibrated certificate
burgers,5,0.03,0.0,physics_filtered_s2,physics_informed,False,physics_filtered_s1.3,1686943382.2996259,1906685930.724317,0.8847515760809045,0.14713106829644493,0.1471923565237828,0.9995836181321851,0.020074258468308653,0.9759954113246523,False,False,False,physics-filtered candidate selected by residual-calibrated certificate
burgers,1,0.03,0.01,data_only_lowrank,data_only,True,physics_filtered_s1.3,1410686588.9402418,1434470741.2724073,0.9834195625969558,0.14524594849412892,0.14532943096500375,0.9994255638976913,0.0,2.210460768410719,False,False,False,data-driven candidate without PDE residual selection
burgers,1,0.03,0.01,risky_sensor_overfit,risky,False,physics_filtered_s1.3,6309409362.445526,1434470741.2724073,4.398423182092191,0.24335034693699767,0.14532943096500375,1.6744739542393412,0.0,8.52380322136576,False,False,False,fits observed points but injects high-frequency nonphysical structure
burgers,1,0.03,0.01,underfit_oversmooth,underfit,False,physics_filtered_s1.3,1399609593.628251,1434470741.2724073,0.9756975540586951,0.153411665299381,0.14532943096500375,1.055613197407123,0.057767003947544006,0.7351887626596506,False,False,False,oversmoothed challenge candidate; shown for diagnosis but not eligible for safe replacement
burgers,1,0.03,0.01,physics_filtered_s0.4,physics_informed,False,physics_filtered_s1.3,1400668023.079595,1434470741.2724073,0.97643540769411,0.14456799420498934,0.14532943096500375,0.9947606155480473,0.0006198197833415733,2.0572802788502584,False,False,False,physics-filtered candidate selected by residual-calibrated certificate
burgers,1,0.03,0.01,physics_filtered_s0.8,physics_informed,True,physics_filtered_s1.3,1351071811.9066992,1434470741.2724073,0.9418608362191261,0.1419752556881482,0.14532943096500375,0.9769201925889314,0.005207042120572665,1.3648594173710755,False,False,False,physics-filtered candidate selected by residual-calibrated certificate
burgers,1,0.03,0.01,physics_filtered_s1.3,physics_informed,True,physics_filtered_s1.3,1296958303.5767252,1434470741.2724073,0.9041371610175154,0.14201156813827068,0.14532943096500375,0.9771700556062233,0.010537519824443687,1.0991500713834956,False,False,False,physics-filtered candidate selected by residual-calibrated certificate
burgers,1,0.03,0.01,physics_filtered_s2,physics_informed,False,physics_filtered_s1.3,1295501141.8400304,1434470741.2724073,0.9031213426429961,0.14493560196515162,0.14532943096500375,0.997290094661251,0.0217359410437089,0.9197766558443697,False,False,False,physics-filtered candidate selected by residual-calibrated certificate
burgers,2,0.03,0.01,data_only_lowrank,data_only,True,physics_filtered_s0.8,1440453753.6024141,1473070448.8502102,0.977858020793741,0.1267078977470151,0.12690283940346678,0.9984638510976862,0.0,1.4166213332895277,False,False,False,data-driven candidate without PDE residual selection
burgers,2,0.03,0.01,risky_sensor_overfit,risky,False,physics_filtered_s0.8,6031794482.172554,1473070448.8502102,4.09470876758176,0.23142882190661435,0.12690283940346678,1.8236693756630666,0.0,8.541506682387745,False,False,False,fits observed points but injects high-frequency nonphysical structure
burgers,2,0.03,0.01,underfit_oversmooth,underfit,False,physics_filtered_s0.8,1713542094.040143,1473070448.8502102,1.1632451763441662,0.13664805990954465,0.12690283940346678,1.0767927695771862,0.05265058366024715,0.6747059765960239,False,False,False,oversmoothed challenge candidate; shown for diagnosis but not eligible for safe replacement
burgers,2,0.03,0.01,physics_filtered_s0.4,physics_informed,False,physics_filtered_s0.8,1423798049.1223338,1473070448.8502102,0.9665512265443004,0.1264303077278815,0.12690283940346678,0.9962764294415886,0.0004185212649909369,1.3439282249153328,False,False,False,physics-filtered candidate selected by residual-calibrated certificate
burgers,2,0.03,0.01,physics_filtered_s0.8,physics_informed,True,physics_filtered_s0.8,1395423848.0400298,1473070448.8502102,0.9472892821447971,0.12540796975265653,0.12690283940346678,0.9882203608774601,0.003865728082697402,1.0341984079202988,False,False,False,physics-filtered candidate selected by residual-calibrated certificate
burgers,2,0.03,0.01,physics_filtered_s1.3,physics_informed,True,physics_filtered_s0.8,1422495353.3643246,1473070448.8502102,0.9656668861116849,0.12580453664199281,0.12690283940346678,0.9913453255448963,0.008544787937900367,0.9002051854809213,False,False,False,physics-filtered candidate selected by residual-calibrated certificate
burgers,2,0.03,0.01,physics_filtered_s2,physics_informed,False,physics_filtered_s0.8,1514632625.6031055,1473070448.8502102,1.0282146565259904,0.1287147085066784,0.12690283940346678,1.0142776088440133,0.01867872632393146,0.795902039206801,False,False,False,physics-filtered candidate selected by residual-calibrated certificate
burgers,3,0.03,0.01,data_only_lowrank,data_only,True,physics_filtered_s1.3,3111836109.068324,3130257564.2804666,0.994115035317748,0.11912631126317404,0.11940197775250047,0.9976912736663748,0.0,1.6821935658690967,False,False,False,data-driven candidate without PDE residual selection
burgers,3,0.03,0.01,risky_sensor_overfit,risky,False,physics_filtered_s1.3,6811530737.921064,3130257564.2804666,2.1760288404531942,0.23202810496067033,0.11940197775250047,1.9432517729285939,0.0,8.580685293191307,False,False,False,fits observed points but injects high-frequency nonphysical structure
burgers,3,0.03,0.01,underfit_oversmooth,underfit,False,physics_filtered_s1.3,3045035810.0193834,3130257564.2804666,0.9727748428009397,0.12942482036878086,0.11940197775250047,1.0839420150642065,0.06456293673787208,0.656887094682598,False,False,False,oversmoothed challenge candidate; shown for diagnosis but not eligible for safe replacement
burgers,3,0.03,0.01,physics_filtered_s0.4,physics_informed,False,physics_filtered_s1.3,3093976364.1166334,3130257564.2804666,0.988409516016241,0.11867300768311541,0.11940197775250047,0.9938948241553419,0.0004944173192867233,1.588000193096052,False,False,False,physics-filtered candidate selected by residual-calibrated certificate
burgers,3,0.03,0.01,physics_filtered_s0.8,physics_informed,True,physics_filtered_s1.3,3016237165.4182053,3130257564.2804666,0.9635747549456141,0.11677925270991552,0.11940197775250047,0.9780344924520475,0.0045477702199737,1.1743576498640103,False,False,False,physics-filtered candidate selected by residual-calibrated certificate
burgers,3,0.03,0.01,physics_filtered_s1.3,physics_informed,True,physics_filtered_s1.3,2992323614.4813504,3130257564.2804666,0.9559352714699622,0.11643565133309718,0.11940197775250047,0.9751568066441316,0.010305587142977487,0.973301719396276,False,False,False,physics-filtered candidate selected by residual-calibrated certificate
burgers,3,0.03,0.01,physics_filtered_s2,physics_informed,False,physics_filtered_s1.3,2997681756.0202436,3130257564.2804666,0.9576469969203006,0.11939827666917112,0.11940197775250047,0.9999690031572425,0.023151027126261093,0.8108374011171563,False,False,False,physics-filtered candidate selected by residual-calibrated certificate
burgers,4,0.03,0.01,data_only_lowrank,data_only,True,physics_filtered_s1.3,1893994248.364232,1921614707.3093624,0.985626432374779,0.15148577463435553,0.15137378093213288,1.0007398487408603,0.0,1.950958580670845,False,False,False,data-driven candidate without PDE residual selection
burgers,4,0.03,0.01,risky_sensor_overfit,risky,False,physics_filtered_s1.3,6694711756.361844,1921614707.3093624,3.483899103653174,0.24573880820308763,0.15137378093213288,1.6233908322052093,0.0,8.492882107654527,False,False,False,fits observed points but injects high-frequency nonphysical structure
burgers,4,0.03,0.01,underfit_oversmooth,underfit,False,physics_filtered_s1.3,1576175021.2778497,1921614707.3093624,0.8202346783059357,0.14820410213144758,0.15137378093213288,0.9790605824724331,0.05830584767150298,0.7639040058354623,False,False,False,oversmoothed challenge candidate; shown for diagnosis but not eligible for safe replacement
burgers,4,0.03,0.01,physics_filtered_s0.4,physics_informed,False,physics_filtered_s1.3,1828357588.720488,1921614707.3093624,0.9514693979838171,0.15097427444149406,0.15137378093213288,0.9973607946556127,0.0004230794547718757,1.8496349671236132,False,False,False,physics-filtered candidate selected by residual-calibrated certificate
burgers,4,0.03,0.01,physics_filtered_s0.8,physics_informed,True,physics_filtered_s1.3,1504827390.9947906,1921614707.3093624,0.7831056794428078,0.14842839381988893,0.15137378093213288,0.9805422901173021,0.003991405974365063,1.3829304018966668,False,False,False,physics-filtered candidate selected by residual-calibrated certificate
burgers,4,0.03,0.01,physics_filtered_s1.3,physics_informed,True,physics_filtered_s1.3,1405470133.3619065,1921614707.3093624,0.7314005913963056,0.14641082261260976,0.15137378093213288,0.9672138841354868,0.00923703804215782,1.1488181457476223,False,False,False,physics-filtered candidate selected by residual-calibrated certificate
burgers,4,0.03,0.01,physics_filtered_s2,physics_informed,False,physics_filtered_s1.3,1432363704.8182259,1921614707.3093624,0.7453958899095938,0.14528442517491819,0.15137378093213288,0.9597727180976963,0.02071666055656863,0.9570750610673624,False,False,False,physics-filtered candidate selected by residual-calibrated certificate
burgers,5,0.03,0.01,data_only_lowrank,data_only,True,physics_filtered_s0.8,1589391194.7792025,1608148823.952326,0.9883358872675582,0.14389030456630816,0.14401183822528596,0.9991560856282743,0.0,3.149148827380614,False,False,False,data-driven candidate without PDE residual selection
burgers,5,0.03,0.01,risky_sensor_overfit,risky,False,physics_filtered_s0.8,6641763091.111486,1608148823.952326,4.130067436661809,0.2448052898796629,0.14401183822528596,1.6998969869060352,0.0,8.841551434025929,False,False,False,fits observed points but injects high-frequency nonphysical structure
burgers,5,0.03,0.01,underfit_oversmooth,underfit,False,physics_filtered_s0.8,1675314843.6976664,1608148823.952326,1.0417660472370134,0.1442196359187278,0.14401183822528596,1.0014429209084557,0.05661478476394564,0.8564460526911922,False,False,False,oversmoothed challenge candidate; shown for diagnosis but not eligible for safe replacement
burgers,5,0.03,0.01,physics_filtered_s0.4,physics_informed,False,physics_filtered_s0.8,1586849242.782846,1608148823.952326,0.9867552176438917,0.1426734875705345,0.14401183822528596,0.9907066622283612,0.00045363702605191486,2.905557237577042,False,False,False,physics-filtered candidate selected by residual-calibrated certificate
burgers,5,0.03,0.01,physics_filtered_s0.8,physics_informed,True,physics_filtered_s0.8,1579787239.6289747,1608148823.952326,0.9823638310702815,0.13772767239869263,0.14401183822528596,0.9563635468792571,0.004217726849287244,1.7602526036522483,False,False,False,physics-filtered candidate selected by residual-calibrated certificate
burgers,5,0.03,0.01,physics_filtered_s1.3,physics_informed,True,physics_filtered_s0.8,1580131313.188959,1608148823.952326,0.9825777873626715,0.1362885937184275,0.14401183822528596,0.9463707664384998,0.009261980571379395,1.3332125218879216,False,False,False,physics-filtered candidate selected by residual-calibrated certificate
burgers,5,0.03,0.01,physics_filtered_s2,physics_informed,False,physics_filtered_s0.8,1600881283.0525942,1608148823.952326,0.9954808032742452,0.13724734286462306,0.14401183822528596,0.9530281993134908,0.02031555374282774,1.0777312648456987,False,False,False,physics-filtered candidate selected by residual-calibrated certificate
burgers,1,0.03,0.03,data_only_lowrank,data_only,True,physics_filtered_s1.3,1486492192.3329518,1533292100.286618,0.9694775001156545,0.11365020113513029,0.11396506480134498,0.9972371913466571,0.0,2.505544092393241,False,False,False,data-driven candidate without PDE residual selection
burgers,1,0.03,0.03,risky_sensor_overfit,risky,False,physics_filtered_s1.3,6384462995.651587,1533292100.286618,4.1638921862691,0.22489465575357154,0.11396506480134498,1.9733648740832728,0.0,8.721404039780591,False,False,False,fits observed points but injects high-frequency nonphysical structure
burgers,1,0.03,0.03,underfit_oversmooth,underfit,False,physics_filtered_s1.3,1348809538.15751,1533292100.286618,0.8796820500838538,0.1263271908145664,0.11396506480134498,1.1084729432976819,0.0676547381156459,0.7282236145021536,False,False,False,oversmoothed challenge candidate; shown for diagnosis but not eligible for safe replacement
burgers,1,0.03,0.03,physics_filtered_s0.4,physics_informed,False,physics_filtered_s1.3,1449585818.5544167,1533292100.286618,0.9454074786424882,0.11316116294992963,0.11396506480134498,0.992946067693555,0.0005766471796140107,2.325534472520006,False,False,False,physics-filtered candidate selected by residual-calibrated certificate
burgers,1,0.03,0.03,physics_filtered_s0.8,physics_informed,True,physics_filtered_s1.3,1287586651.1175187,1533292100.286618,0.8397530065385652,0.11166630858903186,0.11396506480134498,0.9798292905172302,0.005371451532243233,1.4785076507891497,False,False,False,physics-filtered candidate selected by residual-calibrated certificate
burgers,1,0.03,0.03,physics_filtered_s1.3,physics_informed,True,physics_filtered_s1.3,1249910054.820275,1533292100.286618,0.8151806525231752,0.11237169031321007,0.11396506480134498,0.9860187462544036,0.011919778516650539,1.1311334202191456,False,False,False,physics-filtered candidate selected by residual-calibrated certificate
burgers,1,0.03,0.03,physics_filtered_s2,physics_informed,False,physics_filtered_s1.3,1267311545.0146492,1533292100.286618,0.8265297556660931,0.11611367188154319,0.11396506480134498,1.018853208067969,0.025549375003085198,0.9175426432279401,False,False,False,physics-filtered candidate selected by residual-calibrated certificate
burgers,2,0.03,0.03,data_only_lowrank,data_only,True,physics_filtered_s0.8,1530137287.5993342,1575098988.3033333,0.9714546825070144,0.14573470436706532,0.14558312596834055,1.0010411810896043,0.0,2.0669953561251817,False,False,False,data-driven candidate without PDE residual selection
burgers,2,0.03,0.03,risky_sensor_overfit,risky,False,physics_filtered_s0.8,5323120162.475251,1575098988.3033333,3.3795464297829403,0.24500320273953552,0.14558312596834055,1.6829093420561156,0.0,8.657604300037827,False,False,False,fits observed points but injects high-frequency nonphysical structure
burgers,2,0.03,0.03,underfit_oversmooth,underfit,False,physics_filtered_s0.8,1670888812.542034,1575098988.3033333,1.0608151138119157,0.15067050765700304,0.14558312596834055,1.0349448581611984,0.054926695954360776,0.7811343252738806,False,False,False,oversmoothed challenge candidate; shown for diagnosis but not eligible for safe replacement
burgers,2,0.03,0.03,physics_filtered_s0.4,physics_informed,False,physics_filtered_s0.8,1523739400.1059358,1575098988.3033333,0.9673927870065353,0.14523476461682858,0.14558312596834055,0.9976071309762551,0.0004870425851644611,1.9454810901369224,False,False,False,physics-filtered candidate selected by residual-calibrated certificate
burgers,2,0.03,0.03,physics_filtered_s0.8,physics_informed,True,physics_filtered_s0.8,1506013800.889863,1575098988.3033333,0.9561391455860895,0.1431695703340126,0.14558312596834055,0.9834214602876692,0.004468156015295726,1.3771029887990112,False,False,False,physics-filtered candidate selected by residual-calibrated certificate
burgers,2,0.03,0.03,physics_filtered_s1.3,physics_informed,True,physics_filtered_s0.8,1517852481.9208233,1575098988.3033333,0.963655296074963,0.14253726256624663,0.14558312596834055,0.9790781838017726,0.009449288967425631,1.124479261064416,False,False,False,physics-filtered candidate selected by residual-calibrated certificate
burgers,2,0.03,0.03,physics_filtered_s2,physics_informed,False,physics_filtered_s0.8,1555981480.808908,1575098988.3033333,0.9878626628317384,0.14398103265657636,0.14558312596834055,0.9889953364986709,0.020015822724698325,0.9502127021196637,False,False,False,physics-filtered candidate selected by residual-calibrated certificate
burgers,3,0.03,0.03,data_only_lowrank,data_only,True,physics_filtered_s1.3,3146694579.8949447,3198224177.5644035,0.9838880594953475,0.12973528644418073,0.12969969725031882,1.0002743968846197,0.0,2.3557154332877057,True,False,False,data-driven candidate without PDE residual selection
burgers,3,0.03,0.03,risky_sensor_overfit,risky,False,physics_filtered_s1.3,6132144547.684657,3198224177.5644035,1.917359199114857,0.23417010067094585,0.12969969725031882,1.8054791617377097,0.0,8.672302973791055,True,False,False,fits observed points but injects high-frequency nonphysical structure
burgers,3,0.03,0.03,underfit_oversmooth,underfit,False,physics_filtered_s1.3,3171788356.673069,3198224177.5644035,0.9917342189216184,0.13315624499394196,0.12969969725031882,1.0266503917578573,0.06233865496043728,0.749980824239668,True,False,False,oversmoothed challenge candidate; shown for diagnosis but not eligible for safe replacement
burgers,3,0.03,0.03,physics_filtered_s0.4,physics_informed,False,physics_filtered_s1.3,3145055181.1233835,3198224177.5644035,0.9833754629165768,0.1286375829543756,0.12969969725031882,0.9918109731984558,0.00047696600306737253,2.1984855216448826,True,False,False,physics-filtered candidate selected by residual-calibrated certificate
burgers,3,0.03,0.03,physics_filtered_s0.8,physics_informed,True,physics_filtered_s1.3,3142335313.9172764,3198224177.5644035,0.9825250324729615,0.12406467346908909,0.12969969725031882,0.9565533004189611,0.004475552157381531,1.4752838572170053,True,False,False,physics-filtered candidate selected by residual-calibrated certificate
burgers,3,0.03,0.03,physics_filtered_s1.3,physics_informed,True,physics_filtered_s1.3,3140520898.212965,3198224177.5644035,0.9819577127343893,0.12275089219581475,0.12969969725031882,0.946423891475711,0.010062924268946545,1.1657303528365872,True,False,False,physics-filtered candidate selected by residual-calibrated certificate
burgers,3,0.03,0.03,physics_filtered_s2,physics_informed,False,physics_filtered_s1.3,3138395206.422421,3198224177.5644035,0.9812930652073473,0.12477168179189932,0.12969969725031882,0.9620044181763161,0.022389937099151724,0.9528780078676546,True,False,False,physics-filtered candidate selected by residual-calibrated certificate
burgers,4,0.03,0.03,data_only_lowrank,data_only,True,physics_filtered_s1.3,1731922889.3459177,1808409027.817583,0.9577052882975429,0.15423175220736196,0.15405059858476478,1.0011759358500403,0.0,4.464290884300053,True,False,False,data-driven candidate without PDE residual selection
burgers,4,0.03,0.03,risky_sensor_overfit,risky,False,physics_filtered_s1.3,6540177850.718104,1808409027.817583,3.6165368288450184,0.25026416061628504,0.15405059858476478,1.6245581835695053,0.0,9.515865700883133,True,False,False,fits observed points but injects high-frequency nonphysical structure
burgers,4,0.03,0.03,underfit_oversmooth,underfit,False,physics_filtered_s1.3,1468940789.332307,1808409027.817583,0.8122834860568288,0.1461547101577718,0.15405059858476478,0.9487448377320189,0.07663721553881889,0.9730762505248401,True,False,False,oversmoothed challenge candidate; shown for diagnosis but not eligible for safe replacement
burgers,4,0.03,0.03,physics_filtered_s0.4,physics_informed,False,physics_filtered_s1.3,1678657999.2216623,1808409027.817583,0.9282512824255769,0.15163585322836928,0.15405059858476478,0.9843249855595262,0.000758190623573999,4.092808250340871,True,False,False,physics-filtered candidate selected by residual-calibrated certificate
burgers,4,0.03,0.03,physics_filtered_s0.8,physics_informed,True,physics_filtered_s1.3,1425726860.1371233,1808409027.817583,0.7883873826142713,0.14054127235514965,0.15405059858476478,0.9123059153639441,0.007020316058729913,2.291543157898669,True,False,False,physics-filtered candidate selected by residual-calibrated certificate
burgers,4,0.03,0.03,physics_filtered_s1.3,physics_informed,True,physics_filtered_s1.3,1334198302.0111911,1808409027.817583,0.7377746303452837,0.1368636222616158,0.15405059858476478,0.8884329143675449,0.014461836939470405,1.6206828988431452,True,False,False,physics-filtered candidate selected by residual-calibrated certificate
burgers,4,0.03,0.03,physics_filtered_s2,physics_informed,False,physics_filtered_s1.3,1334622784.6881542,1808409027.817583,0.7380093574841298,0.1379367199303912,0.15405059858476478,0.8953987923234035,0.02956662426732414,1.2727883644428193,True,False,False,physics-filtered candidate selected by residual-calibrated certificate
burgers,5,0.03,0.03,data_only_lowrank,data_only,True,physics_filtered_s1.3,2331630275.059685,2372234837.467075,0.9828834136628966,0.1369602499044694,0.13700774791071982,0.9996533188233921,0.0,3.418571003265772,True,False,False,data-driven candidate without PDE residual selection
burgers,5,0.03,0.03,risky_sensor_overfit,risky,False,physics_filtered_s1.3,6231529471.603317,2372234837.467075,2.626860280939537,0.2418708197789808,0.13700774791071982,1.765380596831859,0.0,9.101508279923413,True,False,False,fits observed points but injects high-frequency nonphysical structure
burgers,5,0.03,0.03,underfit_oversmooth,underfit,False,physics_filtered_s1.3,2312208147.222664,2372234837.467075,0.9746961433596921,0.14310640790332377,0.13700774791071982,1.0445132489553335,0.06909782702124649,0.8737200370430128,True,False,False,oversmoothed challenge candidate; shown for diagnosis but not eligible for safe replacement
burgers,5,0.03,0.03,physics_filtered_s0.4,physics_informed,False,physics_filtered_s1.3,2325118315.761125,2372234837.467075,0.9801383400320274,0.1356242158309402,0.13700774791071982,0.989901796782536,0.0006250899579702083,3.1452890336796795,True,False,False,physics-filtered candidate selected by residual-calibrated certificate
burgers,5,0.03,0.03,physics_filtered_s0.8,physics_informed,True,physics_filtered_s1.3,2297169405.9291615,2372234837.467075,0.9683566608363009,0.13010023158343564,0.13700774791071982,0.9495830240729525,0.005856029042028464,1.8353351808820848,True,False,False,physics-filtered candidate selected by residual-calibrated certificate
burgers,5,0.03,0.03,physics_filtered_s1.3,physics_informed,True,physics_filtered_s1.3,2276718226.4015865,2372234837.467075,0.9597356005582166,0.12965934062224282,0.13700774791071982,0.9463650238655706,0.012358207570923055,1.3535777624480718,True,False,False,physics-filtered candidate selected by residual-calibrated certificate
burgers,5,0.03,0.03,physics_filtered_s2,physics_informed,False,physics_filtered_s1.3,2273702500.440557,2372234837.467075,0.9584643411055692,0.133304100657164,0.13700774791071982,0.9729676072265472,0.025794177601648507,1.1041944650567492,True,False,False,physics-filtered candidate selected by residual-calibrated certificate
burgers,1,0.03,0.05,data_only_lowrank,data_only,True,physics_filtered_s1.3,2634762103.49624,2723308428.9604278,0.9674857520644518,0.14384468638300632,0.14410476554843485,0.9981952077335061,0.0,1.2641840419755004,False,False,False,data-driven candidate without PDE residual selection
burgers,1,0.03,0.05,risky_sensor_overfit,risky,False,physics_filtered_s1.3,5843189485.253593,2723308428.9604278,2.145621635476714,0.24228218149810127,0.14410476554843485,1.6812919446094712,0.0,8.422771157234187,False,False,False,fits observed points but injects high-frequency nonphysical structure
burgers,1,0.03,0.05,underfit_oversmooth,underfit,False,physics_filtered_s1.3,2429115137.745708,2723308428.9604278,0.8919720997863534,0.15337131189744888,0.14410476554843485,1.0643042324983705,0.0589345632017178,0.6535789621239669,False,False,False,oversmoothed challenge candidate; shown for diagnosis but not eligible for safe replacement
burgers,1,0.03,0.05,physics_filtered_s0.4,physics_informed,False,physics_filtered_s1.3,2606648025.568095,2723308428.9604278,0.9571622508300077,0.14360418413696222,0.14410476554843485,0.9965262674654509,0.0005073607924590508,1.2196186021196238,False,False,False,physics-filtered candidate selected by residual-calibrated certificate
burgers,1,0.03,0.05,physics_filtered_s0.8,physics_informed,True,physics_filtered_s1.3,2484102646.5063763,2723308428.9604278,0.9121635361201581,0.14273587570424082,0.14410476554843485,0.9905007316033247,0.0046807210875224265,1.024277453462918,False,False,False,physics-filtered candidate selected by residual-calibrated certificate
burgers,1,0.03,0.05,physics_filtered_s1.3,physics_informed,True,physics_filtered_s1.3,2435791211.451747,2723308428.9604278,0.8944235568578491,0.14295713224194578,0.14410476554843485,0.9920361182844062,0.010185174028197965,0.8985455012535535,False,False,False,physics-filtered candidate selected by residual-calibrated certificate
burgers,1,0.03,0.05,physics_filtered_s2,physics_informed,False,physics_filtered_s1.3,2412150388.947747,2723308428.9604278,0.8857426368957191,0.1456152920389659,0.14410476554843485,1.0104821411267821,0.021840646766073155,0.7840383924843207,False,False,False,physics-filtered candidate selected by residual-calibrated certificate
burgers,2,0.03,0.05,data_only_lowrank,data_only,True,physics_filtered_s1.3,2963838880.161025,3017328047.1243,0.9822726710096195,0.14890371456278834,0.14889349064863233,1.0000686659511533,0.0,2.429583142698638,False,False,False,data-driven candidate without PDE residual selection
burgers,2,0.03,0.05,risky_sensor_overfit,risky,False,physics_filtered_s1.3,7194502728.931051,3017328047.1243,2.384395271766309,0.24705680447654857,0.14889349064863233,1.6592854623706053,0.0,8.6674776082187,False,False,False,fits observed points but injects high-frequency nonphysical structure
burgers,2,0.03,0.05,underfit_oversmooth,underfit,False,physics_filtered_s1.3,2796735280.8442507,3017328047.1243,0.926891354590931,0.14933067942058542,0.14889349064863233,1.002936251739721,0.0672320231491769,0.8150965533798308,False,False,False,oversmoothed challenge candidate; shown for diagnosis but not eligible for safe replacement
burgers,2,0.03,0.05,physics_filtered_s0.4,physics_informed,False,physics_filtered_s1.3,2935002824.115821,3017328047.1243,0.9727158526607871,0.1483051448482579,0.14889349064863233,0.9960485458510816,0.0006196005146546325,2.2569042299210476,False,False,False,physics-filtered candidate selected by residual-calibrated certificate
burgers,2,0.03,0.05,physics_filtered_s0.8,physics_informed,True,physics_filtered_s1.3,2809765263.7760797,3017328047.1243,0.9312097391776674,0.14625152989565676,0.14889349064863233,0.9822560358921769,0.005761762886900763,1.5010056009346118,False,False,False,physics-filtered candidate selected by residual-calibrated certificate
burgers,2,0.03,0.05,physics_filtered_s1.3,physics_informed,True,physics_filtered_s1.3,2763725839.6868267,3017328047.1243,0.915951396905891,0.14518237503479345,0.14889349064863233,0.9750753669710674,0.012512063988002782,1.2114737993831037,False,False,False,physics-filtered candidate selected by residual-calibrated certificate
burgers,2,0.03,0.05,physics_filtered_s2,physics_informed,False,physics_filtered_s1.3,2750258927.195554,3017328047.1243,0.9114882055389106,0.14511985936899743,0.14889349064863233,0.9746554986106492,0.026016022361882225,1.0111289737446307,False,False,False,physics-filtered candidate selected by residual-calibrated certificate
burgers,3,0.03,0.05,data_only_lowrank,data_only,True,physics_filtered_s1.3,2044182083.5284286,2142208028.0691068,0.9542406977957997,0.1728740368639951,0.173519018863916,0.9962829319509753,0.0,2.7814191115650995,False,False,False,data-driven candidate without PDE residual selection
burgers,3,0.03,0.05,risky_sensor_overfit,risky,False,physics_filtered_s1.3,5913072446.560126,2142208028.0691068,2.760269950015038,0.26648744961350757,0.173519018863916,1.535782367585695,0.0,8.721070250042283,False,False,False,fits observed points but injects high-frequency nonphysical structure
burgers,3,0.03,0.05,underfit_oversmooth,underfit,False,physics_filtered_s1.3,1903357725.126715,2142208028.0691068,0.8885027505206013,0.1715004162687972,0.173519018863916,0.9883666781352062,0.06480742228922627,0.8383724512120009,False,False,False,oversmoothed challenge candidate; shown for diagnosis but not eligible for safe replacement
burgers,3,0.03,0.05,physics_filtered_s0.4,physics_informed,False,physics_filtered_s1.3,2004587013.8285277,2142208028.0691068,0.9357573996375017,0.1720608892516087,0.173519018863916,0.9915967158940516,0.0005880131147741108,2.5820235271353424,False,False,False,physics-filtered candidate selected by residual-calibrated certificate
burgers,3,0.03,0.05,physics_filtered_s0.8,physics_informed,True,physics_filtered_s1.3,1830945810.464702,2142208028.0691068,0.8547002842273151,0.16857635623886874,0.173519018863916,0.9715151534489997,0.005462609479574636,1.6582086615920153,False,False,False,physics-filtered candidate selected by residual-calibrated certificate
burgers,3,0.03,0.05,physics_filtered_s1.3,physics_informed,True,physics_filtered_s1.3,1787791828.5957117,2142208028.0691068,0.8345556571399602,0.16698876117095585,0.173519018863916,0.9623657525458698,0.011559627072667401,1.3041716522586482,False,False,False,physics-filtered candidate selected by residual-calibrated certificate
burgers,3,0.03,0.05,physics_filtered_s2,physics_informed,False,physics_filtered_s1.3,1806691469.1773822,2142208028.0691068,0.8433781619266245,0.16711400812378352,0.173519018863916,0.9630875578767607,0.024285215144674178,1.0751444830333745,False,False,False,physics-filtered candidate selected by residual-calibrated certificate
burgers,4,0.03,0.05,data_only_lowrank,data_only,True,physics_filtered_s1.3,1844619390.0857317,1951064902.1460004,0.9454423520492896,0.14785169723939512,0.14809705006729273,0.9983432969881272,0.0,3.298740585498671,True,False,False,data-driven candidate without PDE residual selection
burgers,4,0.03,0.05,risky_sensor_overfit,risky,False,physics_filtered_s1.3,5513794978.628827,1951064902.1460004,2.8260438556216845,0.2457119811000019,0.14809705006729273,1.6591281256898465,0.0,9.009979876247328,True,False,False,fits observed points but injects high-frequency nonphysical structure
burgers,4,0.03,0.05,underfit_oversmooth,underfit,False,physics_filtered_s1.3,1572180159.558353,1951064902.1460004,0.8058061819620109,0.14929926412385333,0.14809705006729273,1.0081177447829393,0.07233406301395146,0.8754669885969735,True,False,False,oversmoothed challenge candidate; shown for diagnosis but not eligible for safe replacement
burgers,4,0.03,0.05,physics_filtered_s0.4,physics_informed,False,physics_filtered_s1.3,1807895471.9432192,1951064902.1460004,0.9266198525506213,0.14652597942720888,0.14809705006729273,0.9893916142127113,0.0006342555494749732,3.057497995606776,True,False,False,physics-filtered candidate selected by residual-calibrated certificate
burgers,4,0.03,0.05,physics_filtered_s0.8,physics_informed,True,physics_filtered_s1.3,1647661537.2792394,1951064902.1460004,0.8444934535324561,0.14115245893525177,0.14809705006729273,0.9531078361801362,0.005859845636291172,1.9133117951154945,True,False,False,physics-filtered candidate selected by residual-calibrated certificate
burgers,4,0.03,0.05,physics_filtered_s1.3,physics_informed,True,physics_filtered_s1.3,1574843580.416923,1951064902.1460004,0.8071712933202443,0.13955066920625986,0.14809705006729273,0.9422920250059549,0.012599903442834898,1.4539398042058136,True,False,False,physics-filtered candidate selected by residual-calibrated certificate
burgers,4,0.03,0.05,physics_filtered_s2,physics_informed,False,physics_filtered_s1.3,1546080721.2019928,1951064902.1460004,0.792429159840577,0.14130919452706597,0.14809705006729273,0.9541661664557353,0.02687502524952926,1.1566475705786932,True,False,False,physics-filtered candidate selected by residual-calibrated certificate
burgers,5,0.03,0.05,data_only_lowrank,data_only,True,physics_filtered_s1.3,2872182756.5095024,2932883308.4059625,0.9793034548212383,0.15019255362168119,0.1503784814739991,0.9987636006728208,0.0,2.7198323130823954,True,False,False,data-driven candidate without PDE residual selection
burgers,5,0.03,0.05,risky_sensor_overfit,risky,False,physics_filtered_s1.3,7053036129.64784,2932883308.4059625,2.404813075730995,0.2441854069816931,0.1503784814739991,1.6238055111780718,0.0,8.823664049753974,True,False,False,fits observed points but injects high-frequency nonphysical structure
burgers,5,0.03,0.05,underfit_oversmooth,underfit,False,physics_filtered_s1.3,2718056607.42369,2932883308.4059625,0.9267523871929865,0.1456386602359866,0.1503784814739991,0.9684807214933839,0.06459737481480565,0.8239065639737327,True,False,False,oversmoothed challenge candidate; shown for diagnosis but not eligible for safe replacement
burgers,5,0.03,0.05,physics_filtered_s0.4,physics_informed,False,physics_filtered_s1.3,2843307528.4818506,2932883308.4059625,0.9694581166364928,0.1491929219731759,0.1503784814739991,0.9921161625639883,0.0005493485782145823,2.529143632839038,True,False,False,physics-filtered candidate selected by residual-calibrated certificate
burgers,5,0.03,0.05,physics_filtered_s0.8,physics_informed,True,physics_filtered_s1.3,2717975026.713053,2932883308.4059625,0.9267245713196435,0.14470766647157407,0.1503784814739991,0.9622897175992043,0.005132586285574085,1.6348788997294876,True,False,False,physics-filtered candidate selected by residual-calibrated certificate
burgers,5,0.03,0.05,physics_filtered_s1.3,physics_informed,True,physics_filtered_s1.3,2685126719.000456,2932883308.4059625,0.9155245663216777,0.14236513197580342,0.1503784814739991,0.946712126491795,0.011016665939054343,1.2822351990391851,True,False,False,physics-filtered candidate selected by residual-calibrated certificate
burgers,5,0.03,0.05,physics_filtered_s2,physics_informed,False,physics_filtered_s1.3,2684450359.2331576,2932883308.4059625,0.9152939537482555,0.14155244846470205,0.1503784814739991,0.9413078724846387,0.02360572868836774,1.0565097300573478,True,False,False,physics-filtered candidate selected by residual-calibrated certificate
burgers,1,0.05,0.0,data_only_lowrank,data_only,True,physics_filtered_s0.8,1289601310.337965,1326361636.03083,0.9722848394478062,0.10579811978435218,0.10584218042270806,0.9995837137974718,0.0,2.0397413765648835,False,False,False,data-driven candidate without PDE residual selection
burgers,1,0.05,0.0,risky_sensor_overfit,risky,False,physics_filtered_s0.8,5866748818.776097,1326361636.03083,4.423189467642089,0.22398596963151454,0.10584218042270806,2.1162259576933558,0.0,8.46920118773298,False,False,False,fits observed points but injects high-frequency nonphysical structure
burgers,1,0.05,0.0,underfit_oversmooth,underfit,False,physics_filtered_s0.8,1483773847.1623933,1326361636.03083,1.1186797075966577,0.12276594209401188,0.10584218042270806,1.1598961926384597,0.06020725229362321,0.7117694788650498,False,False,False,oversmoothed challenge candidate; shown for diagnosis but not eligible for safe replacement
burgers,1,0.05,0.0,physics_filtered_s0.4,physics_informed,False,physics_filtered_s0.8,1285343980.9819286,1326361636.03083,0.969075059218655,0.10542894547563818,0.10584218042270806,0.996095744188039,0.0005311045208948318,1.912037579521486,False,False,False,physics-filtered candidate selected by residual-calibrated certificate
burgers,1,0.05,0.0,physics_filtered_s0.8,physics_informed,True,physics_filtered_s0.8,1275620602.8331532,1326361636.03083,0.961744194178052,0.10407405634678481,0.10584218042270806,0.9832947122796877,0.0046730782044594275,1.320161885703467,False,False,False,physics-filtered candidate selected by residual-calibrated certificate
burgers,1,0.05,0.0,physics_filtered_s1.3,physics_informed,True,physics_filtered_s0.8,1296882009.3800678,1326361636.03083,0.9777740656469976,0.104531038046207,0.10584218042270806,0.9876122886711868,0.010129360942383056,1.0690336699656127,False,False,False,physics-filtered candidate selected by residual-calibrated certificate
burgers,1,0.05,0.0,physics_filtered_s2,physics_informed,False,physics_filtered_s0.8,1352204706.746228,1326361636.03083,1.0194841813977176,0.1095313402497105,0.10584218042270806,1.0348552893679435,0.02203107865656412,0.8993288732958475,False,False,False,physics-filtered candidate selected by residual-calibrated certificate
burgers,2,0.05,0.0,data_only_lowrank,data_only,True,physics_filtered_s1.3,2039814007.9818783,2062579085.5414226,0.9889628098533887,0.12560116729430165,0.12566761612716307,0.9994712334338096,0.0,1.4611322463639218,False,False,False,data-driven candidate without PDE residual selection
burgers,2,0.05,0.0,risky_sensor_overfit,risky,False,physics_filtered_s1.3,5691013374.672752,2062579085.5414226,2.7591734128240097,0.2314804327967633,0.12566761612716307,1.8420054420439251,0.0,8.419725872900043,False,False,False,fits observed points but injects high-frequency nonphysical structure
burgers,2,0.05,0.0,underfit_oversmooth,underfit,False,physics_filtered_s1.3,1995610953.7973921,2062579085.5414226,0.9675318477659965,0.1349364110019536,0.12566761612716307,1.0737564311265178,0.0587077746735822,0.7091314630350722,False,False,False,oversmoothed challenge candidate; shown for diagnosis but not eligible for safe replacement
burgers,2,0.05,0.0,physics_filtered_s0.4,physics_informed,False,physics_filtered_s1.3,2016505787.811055,2062579085.5414226,0.9776622879319686,0.12504559148253566,0.12566761612716307,0.995050239156339,0.000527844298189366,1.4040417858953587,False,False,False,physics-filtered candidate selected by residual-calibrated certificate
burgers,2,0.05,0.0,physics_filtered_s0.8,physics_informed,True,physics_filtered_s1.3,1914325410.1986997,2062579085.5414226,0.9281221862560453,0.12257921440497006,0.12566761612716307,0.9754240446477215,0.004788577710398081,1.1453451193524993,False,False,False,physics-filtered candidate selected by residual-calibrated certificate
burgers,2,0.05,0.0,physics_filtered_s1.3,physics_informed,True,physics_filtered_s1.3,1885745079.6635187,2062579085.5414226,0.9142655876240084,0.12201642659726894,0.12566761612716307,0.970945660915773,0.010385714360819226,0.9936502533455683,False,False,False,physics-filtered candidate selected by residual-calibrated certificate
burgers,2,0.05,0.0,physics_filtered_s2,physics_informed,False,physics_filtered_s1.3,1901930071.4967496,2062579085.5414226,0.922112555503537,0.12501344992408273,0.12566761612716307,0.9947944727191038,0.021943122973244817,0.8648084112366468,False,False,False,physics-filtered candidate selected by residual-calibrated certificate
burgers,3,0.05,0.0,data_only_lowrank,data_only,True,data_only_lowrank,532092387.8035472,578218271.1791393,0.9202275582168491,0.09517927472015801,0.09521656468929814,0.9996083667767114,0.0,1.4707788082830606,False,False,False,data-driven candidate without PDE residual selection
burgers,3,0.05,0.0,risky_sensor_overfit,risky,False,data_only_lowrank,6472978420.346613,578218271.1791393,11.194697129072912,0.21745706874533,0.09521656468929814,2.2838155257189956,0.0,8.338955643119219,False,False,False,fits observed points but injects high-frequency nonphysical structure
burgers,3,0.05,0.0,underfit_oversmooth,underfit,False,data_only_lowrank,909752990.5269362,578218271.1791393,1.5733729559802916,0.11633533813635276,0.09521656468929814,1.2217972630575955,0.06606249101466213,0.7065906796543305,False,False,False,oversmoothed challenge candidate; shown for diagnosis but not eligible for safe replacement
burgers,3,0.05,0.0,physics_filtered_s0.4,physics_informed,False,data_only_lowrank,528197020.1683964,578218271.1791393,0.9134907118920051,0.09488432006781852,0.09521656468929814,0.9965106426223181,0.0005357786577492215,1.41565606707103,False,False,False,physics-filtered candidate selected by residual-calibrated certificate
burgers,3,0.05,0.0,physics_filtered_s0.8,physics_informed,True,data_only_lowrank,541617765.8171742,578218271.1791393,0.9367012299917002,0.09431734493062986,0.09521656468929814,0.990556057524307,0.004790399549830744,1.1568983443654932,False,False,False,physics-filtered candidate selected by residual-calibrated certificate
burgers,3,0.05,0.0,physics_filtered_s1.3,physics_informed,False,data_only_lowrank,592292596.630688,578218271.1791393,1.0243408521540618,0.0960953806766246,0.09521656468929814,1.0092296544113402,0.01070067639258957,0.9922184183101422,False,False,False,physics-filtered candidate selected by residual-calibrated certificate
burgers,3,0.05,0.0,physics_filtered_s2,physics_informed,False,data_only_lowrank,697633080.414726,578218271.1791393,1.206522026694294,0.10243852423988194,0.09521656468929814,1.0758477222222202,0.023829050056859973,0.8597087820729047,False,False,False,physics-filtered candidate selected by residual-calibrated certificate
burgers,4,0.05,0.0,data_only_lowrank,data_only,True,physics_filtered_s1.3,1163187900.9991367,1183042268.3563156,0.9832175333982243,0.08750210151963296,0.08756922674899058,0.9992334609674096,0.0,1.8991067055272506,False,False,False,data-driven candidate without PDE residual selection
burgers,4,0.05,0.0,risky_sensor_overfit,risky,False,physics_filtered_s1.3,6693271733.0695,1183042268.3563156,5.657677592846227,0.21379348513338184,0.08756922674899058,2.441422552967842,0.0,8.58870955206097,False,False,False,fits observed points but injects high-frequency nonphysical structure
burgers,4,0.05,0.0,underfit_oversmooth,underfit,False,physics_filtered_s1.3,1217664208.1776357,1183042268.3563156,1.029265175680851,0.11404109435735969,0.08756922674899058,1.3022964640643233,0.056195465417951854,0.7128834553454617,False,False,False,oversmoothed challenge candidate; shown for diagnosis but not eligible for safe replacement
burgers,4,0.05,0.0,physics_filtered_s0.4,physics_informed,False,physics_filtered_s1.3,1138777002.9723191,1183042268.3563156,0.9625835301341369,0.08696962682752409,0.08756922674899058,0.9931528466709161,0.0005158568132920162,1.7755296039265716,False,False,False,physics-filtered candidate selected by residual-calibrated certificate
burgers,4,0.05,0.0,physics_filtered_s0.8,physics_informed,True,physics_filtered_s1.3,1031597871.977368,1183042268.3563156,0.871987332634057,0.08592842975752535,0.08756922674899058,0.9812628585022259,0.004607421370332,1.2282481073176037,False,False,False,physics-filtered candidate selected by residual-calibrated certificate
burgers,4,0.05,0.0,physics_filtered_s1.3,physics_informed,True,physics_filtered_s1.3,1017214216.3384564,1183042268.3563156,0.8598291401301698,0.08910589389261428,0.08756922674899058,1.0175480268543522,0.009894944710443358,0.9985922996172689,False,False,False,physics-filtered candidate selected by residual-calibrated certificate
burgers,4,0.05,0.0,physics_filtered_s2,physics_informed,False,physics_filtered_s1.3,1068005967.093455,1183042268.3563156,0.9027623066902852,0.09782995409350838,0.08756922674899058,1.117172752624756,0.020756028851225423,0.8542606344600621,False,False,False,physics-filtered candidate selected by residual-calibrated certificate
burgers,5,0.05,0.0,data_only_lowrank,data_only,True,physics_filtered_s1.3,1327828847.5280397,1347969833.3275132,0.9850582814974763,0.14302883744234626,0.1428845744916723,1.0010096467738816,0.0,3.22094586195383,False,False,False,data-driven candidate without PDE residual selection
burgers,5,0.05,0.0,risky_sensor_overfit,risky,False,physics_filtered_s1.3,5949954865.563564,1347969833.3275132,4.414011885470672,0.24047468909036918,0.1428845744916723,1.6829996516013117,0.0,8.764621012392192,False,False,False,fits observed points but injects high-frequency nonphysical structure
burgers,5,0.05,0.0,underfit_oversmooth,underfit,False,physics_filtered_s1.3,1389261865.977563,1347969833.3275132,1.0306327572243354,0.1479074042978423,0.1428845744916723,1.0351530584949713,0.055067090744890815,0.8924654959768457,False,False,False,oversmoothed challenge candidate; shown for diagnosis but not eligible for safe replacement
burgers,5,0.05,0.0,physics_filtered_s0.4,physics_informed,False,physics_filtered_s1.3,1323731347.5640988,1347969833.3275132,0.9820185250707126,0.1419376966674864,0.1428845744916723,0.9933731277253133,0.0004771024182803037,2.9807230959133526,False,False,False,physics-filtered candidate selected by residual-calibrated certificate
burgers,5,0.05,0.0,physics_filtered_s0.8,physics_informed,True,physics_filtered_s1.3,1307405490.8669317,1347969833.3275132,0.9699070843741013,0.13773520534869182,0.1428845744916723,0.9639613361885712,0.0043774152508033555,1.8318719948158115,False,False,False,physics-filtered candidate selected by residual-calibrated certificate
burgers,5,0.05,0.0,physics_filtered_s1.3,physics_informed,True,physics_filtered_s1.3,1290846681.6821475,1347969833.3275132,0.9576228263919266,0.1370857531125812,0.1428845744916723,0.9594160433295164,0.009365377768421172,1.3917185584752187,False,False,False,physics-filtered candidate selected by residual-calibrated certificate
burgers,5,0.05,0.0,physics_filtered_s2,physics_informed,False,physics_filtered_s1.3,1301733886.7895005,1347969833.3275132,0.9656995687923686,0.13955313925412283,0.1428845744916723,0.9766844304196018,0.019983063361043923,1.1386357312859154,False,False,False,physics-filtered candidate selected by residual-calibrated certificate
burgers,1,0.05,0.01,data_only_lowrank,data_only,True,physics_filtered_s0.8,990793667.7825056,1005487798.7401191,0.9853860673634973,0.09192483350356433,0.09203962105625807,0.9987528463027642,0.0,1.7982938416294565,False,False,False,data-driven candidate without PDE residual selection
burgers,1,0.05,0.01,risky_sensor_overfit,risky,False,physics_filtered_s0.8,6420746712.495975,1005487798.7401191,6.385703258200846,0.2174656571740423,0.09203962105625807,2.362739597099779,0.0,8.379588240332176,False,False,False,fits observed points but injects high-frequency nonphysical structure
burgers,1,0.05,0.01,underfit_oversmooth,underfit,False,physics_filtered_s0.8,1198820137.3055727,1005487798.7401191,1.192277160207911,0.1119359251989429,0.09203962105625807,1.2161710784240114,0.05592518213337614,0.6973492216269754,False,False,False,oversmoothed challenge candidate; shown for diagnosis but not eligible for safe replacement
burgers,1,0.05,0.01,physics_filtered_s0.4,physics_informed,False,physics_filtered_s0.8,984427666.3087759,1005487798.7401191,0.9790548105529161,0.09150880932906594,0.09203962105625807,0.9942327910296163,0.00047708505270207684,1.6921006092900817,False,False,False,physics-filtered candidate selected by residual-calibrated certificate
burgers,1,0.05,0.01,physics_filtered_s0.8,physics_informed,True,physics_filtered_s0.8,970164723.5989391,1005487798.7401191,0.9648697128046307,0.09044015291616235,0.09203962105625807,0.98262196081728,0.004285203984333741,1.2015351668712557,False,False,False,physics-filtered candidate selected by residual-calibrated certificate
burgers,1,0.05,0.01,physics_filtered_s1.3,physics_informed,True,physics_filtered_s0.8,990009320.276397,1005487798.7401191,0.9846060007062077,0.09221190017337313,0.09203962105625807,1.0018717929749827,0.009252597363390153,0.9953389830392716,False,False,False,physics-filtered candidate selected by residual-calibrated certificate
burgers,1,0.05,0.01,physics_filtered_s2,physics_informed,False,physics_filtered_s0.8,1051277592.1154246,1005487798.7401191,1.0455398796809672,0.09839131481923989,0.09203962105625807,1.0690104293022937,0.020165511394438843,0.8609516251591796,False,False,False,physics-filtered candidate selected by residual-calibrated certificate
burgers,2,0.05,0.01,data_only_lowrank,data_only,True,physics_filtered_s0.8,922285994.7569002,962252172.0534649,0.9584660045907966,0.11940360314798171,0.11949479384063852,0.9992368647141425,0.0,1.6406895860189807,False,False,False,data-driven candidate without PDE residual selection
burgers,2,0.05,0.01,risky_sensor_overfit,risky,False,physics_filtered_s0.8,5540194452.817164,962252172.0534649,5.757528653839546,0.2293182921889653,0.11949479384063852,1.9190651309283924,0.0,8.399662408096699,False,False,False,fits observed points but injects high-frequency nonphysical structure
burgers,2,0.05,0.01,underfit_oversmooth,underfit,False,physics_filtered_s0.8,1153477860.571527,962252172.0534649,1.1987272090121477,0.1254949041584107,0.11949479384063852,1.0502123157325487,0.057304111288853994,0.7098328459051221,False,False,False,oversmoothed challenge candidate; shown for diagnosis but not eligible for safe replacement
burgers,2,0.05,0.01,physics_filtered_s0.4,physics_informed,False,physics_filtered_s0.8,905867022.9271761,962252172.0534649,0.9414029391007123,0.11880403472804835,0.11949479384063852,0.9942193371662232,0.0004752124521448982,1.5818256025156652,False,False,False,physics-filtered candidate selected by residual-calibrated certificate
burgers,2,0.05,0.01,physics_filtered_s0.8,physics_informed,True,physics_filtered_s0.8,842800457.6820623,962252172.0534649,0.8758623593267757,0.11617240232460241,0.11949479384063852,0.9721963492280747,0.004321710592079918,1.2931521805192754,False,False,False,physics-filtered candidate selected by residual-calibrated certificate
burgers,2,0.05,0.01,physics_filtered_s1.3,physics_informed,True,physics_filtered_s0.8,863733923.4481592,962252172.0534649,0.8976170161351096,0.11493365570178099,0.11949479384063852,0.9618298170721795,0.009661833762842362,1.0868342228710595,False,False,False,physics-filtered candidate selected by residual-calibrated certificate
burgers,2,0.05,0.01,physics_filtered_s2,physics_informed,False,physics_filtered_s0.8,959769460.1345361,962252172.0534649,0.9974198947105201,0.11683929016037707,0.11949479384063852,0.9777772437117161,0.02115490536844387,0.8977365325882357,False,False,False,physics-filtered candidate selected by residual-calibrated certificate
burgers,3,0.05,0.01,data_only_lowrank,data_only,True,data_only_lowrank,429173883.97462577,457291470.4440211,0.9385127685804118,0.11646974992308096,0.1164199270201629,1.00042795853934,0.0,1.5063560327319567,False,False,False,data-driven candidate without PDE residual selection
burgers,3,0.05,0.01,risky_sensor_overfit,risky,False,data_only_lowrank,6450823853.41708,457291470.4440211,14.1065912450837,0.23004709341624976,0.1164199270201629,1.9760113178427918,0.0,8.454520810803428,False,False,False,fits observed points but injects high-frequency nonphysical structure
burgers,3,0.05,0.01,underfit_oversmooth,underfit,False,data_only_lowrank,814420848.9972447,457291470.4440211,1.7809666298968094,0.12497274649094178,0.1164199270201629,1.073465253660777,0.05914497120027325,0.6507964831334926,False,False,False,oversmoothed challenge candidate; shown for diagnosis but not eligible for safe replacement
burgers,3,0.05,0.01,physics_filtered_s0.4,physics_informed,False,data_only_lowrank,426792961.37764,457291470.4440211,0.9333061930134676,0.11576993288709829,0.1164199270201629,0.9944168137646533,0.0005200282276045776,1.444458166098634,False,False,False,physics-filtered candidate selected by residual-calibrated certificate
burgers,3,0.05,0.01,physics_filtered_s0.8,physics_informed,True,data_only_lowrank,434745504.2379724,457291470.4440211,0.9506967270039893,0.11256759694528054,0.1164199270201629,0.9669100456042883,0.0045898653652871185,1.1580050726799838,False,False,False,physics-filtered candidate selected by residual-calibrated certificate
burgers,3,0.05,0.01,physics_filtered_s1.3,physics_informed,False,data_only_lowrank,481597362.2647329,457291470.4440211,1.0531518591350748,0.11125829273459767,0.1164199270201629,0.9556636529618597,0.010200474972328956,0.9776453715197153,False,False,False,physics-filtered candidate selected by residual-calibrated certificate
burgers,3,0.05,0.01,physics_filtered_s2,physics_informed,False,data_only_lowrank,590750731.9433582,457291470.4440211,1.2918472574390043,0.11406996423376797,0.1164199270201629,0.9798147718563012,0.022205730648439944,0.8192961448135048,False,False,False,physics-filtered candidate selected by residual-calibrated certificate
burgers,4,0.05,0.01,data_only_lowrank,data_only,True,physics_filtered_s1.3,1346490810.029125,1394978166.2741437,0.9652414945141945,0.1130135559740458,0.11312967151815234,0.9989736066272685,0.0,1.2651988701174584,False,False,False,data-driven candidate without PDE residual selection
burgers,4,0.05,0.01,risky_sensor_overfit,risky,False,physics_filtered_s1.3,5273311633.729512,1394978166.2741437,3.780210874421092,0.22689706848082325,0.11312967151815234,2.0056371191921176,0.0,8.368634227104147,False,False,False,fits observed points but injects high-frequency nonphysical structure
burgers,4,0.05,0.01,underfit_oversmooth,underfit,False,physics_filtered_s1.3,1361006902.0493815,1394978166.2741437,0.9756474581136304,0.12693225533779318,0.11312967151815234,1.1220067523691528,0.06111424913296217,0.6652746038969306,False,False,False,oversmoothed challenge candidate; shown for diagnosis but not eligible for safe replacement
burgers,4,0.05,0.01,physics_filtered_s0.4,physics_informed,False,physics_filtered_s1.3,1310962347.1386406,1394978166.2741437,0.9397726637113601,0.11282315087002887,0.11312967151815234,0.9972905370889229,0.0005909833291995051,1.23027513803854,False,False,False,physics-filtered candidate selected by residual-calibrated certificate
burgers,4,0.05,0.01,physics_filtered_s0.8,physics_informed,True,physics_filtered_s1.3,1161956135.8841357,1394978166.2741437,0.8329565035326768,0.11245428555772258,0.11312967151815234,0.9940299838905178,0.005146713342353526,1.0657738729588753,False,False,False,physics-filtered candidate selected by residual-calibrated certificate
burgers,4,0.05,0.01,physics_filtered_s1.3,physics_informed,True,physics_filtered_s1.3,1141214400.6206129,1394978166.2741437,0.8180876433849068,0.11336239033651345,0.11312967151815234,1.0020570979676335,0.010856282970910548,0.9376675414605655,False,False,False,physics-filtered candidate selected by residual-calibrated certificate
burgers,4,0.05,0.01,physics_filtered_s2,physics_informed,False,physics_filtered_s1.3,1201262430.322789,1394978166.2741437,0.8611334996957326,0.11728284972047572,0.11312967151815234,1.0367116614549725,0.022789472617432076,0.8172222511025686,False,False,False,physics-filtered candidate selected by residual-calibrated certificate
burgers,5,0.05,0.01,data_only_lowrank,data_only,True,physics_filtered_s0.8,812071885.1591886,837919178.2347158,0.9691529997797868,0.08606531449678888,0.08622805461625199,0.9981126778148308,0.0,2.2827066270114718,True,False,False,data-driven candidate without PDE residual selection
burgers,5,0.05,0.01,risky_sensor_overfit,risky,False,physics_filtered_s0.8,5724143007.82093,837919178.2347158,6.831378439004408,0.21613362349606163,0.08622805461625199,2.5065348447837867,0.0,8.684163432662325,True,False,False,fits observed points but injects high-frequency nonphysical structure
burgers,5,0.05,0.01,underfit_oversmooth,underfit,False,physics_filtered_s0.8,1027840725.7015452,837919178.2347158,1.2266585518032254,0.10517139541472449,0.08622805461625199,1.2196888342379746,0.06885717676536195,0.7628662970068417,True,False,False,oversmoothed challenge candidate; shown for diagnosis but not eligible for safe replacement
burgers,5,0.05,0.01,physics_filtered_s0.4,physics_informed,False,physics_filtered_s0.8,809936077.4826945,837919178.2347158,0.9666040574331111,0.08497235675704035,0.08622805461625199,0.9854374789529298,0.0006087017028663964,2.1292878164308613,True,False,False,physics-filtered candidate selected by residual-calibrated certificate
burgers,5,0.05,0.01,physics_filtered_s0.8,physics_informed,True,physics_filtered_s0.8,804829901.4411235,837919178.2347158,0.9605101808705429,0.08090585592010503,0.08622805461625199,0.9382776438507041,0.005531366386172278,1.4083146735428853,True,False,False,physics-filtered candidate selected by residual-calibrated certificate
burgers,5,0.05,0.01,physics_filtered_s1.3,physics_informed,True,physics_filtered_s0.8,808835555.3323194,837919178.2347158,0.9652906585051935,0.08205228158486105,0.08622805461625199,0.9515729184552949,0.012143581426846151,1.113969503159564,True,False,False,physics-filtered candidate selected by residual-calibrated certificate
burgers,5,0.05,0.01,physics_filtered_s2,physics_informed,False,physics_filtered_s0.8,870426353.83737,837919178.2347158,1.0387951206357857,0.08928163651727238,0.08622805461625199,1.0354128585362916,0.026003401186567257,0.9406392625540624,True,False,False,physics-filtered candidate selected by residual-calibrated certificate
burgers,1,0.05,0.03,data_only_lowrank,data_only,True,physics_filtered_s1.3,1706315511.7457461,1774194331.9019034,0.9617410455350782,0.123631773677017,0.12369721166826943,0.9994709824791572,0.0,1.7006351670793944,False,False,False,data-driven candidate without PDE residual selection
burgers,1,0.05,0.03,risky_sensor_overfit,risky,False,physics_filtered_s1.3,6510968179.033152,1774194331.9019034,3.669816807527231,0.23402280409657236,0.12369721166826943,1.8919003988730292,0.0,8.559439659457219,False,False,False,fits observed points but injects high-frequency nonphysical structure
burgers,1,0.05,0.03,underfit_oversmooth,underfit,False,physics_filtered_s1.3,1717873888.9515612,1774194331.9019034,0.9682557643558878,0.13631888106790982,0.12369721166826943,1.102036814155416,0.06354520722714214,0.7929617221446282,False,False,False,oversmoothed challenge candidate; shown for diagnosis but not eligible for safe replacement
burgers,1,0.05,0.03,physics_filtered_s0.4,physics_informed,False,physics_filtered_s1.3,1700488682.818627,1774194331.9019034,0.9584568343174306,0.12319395454883791,0.12369721166826943,0.995931540301999,0.0005242427416015851,1.6293138912741127,False,False,False,physics-filtered candidate selected by residual-calibrated certificate
burgers,1,0.05,0.03,physics_filtered_s0.8,physics_informed,True,physics_filtered_s1.3,1680017838.2076766,1774194331.9019034,0.9469187269957788,0.12144303236697336,0.12369721166826943,0.9817766360948936,0.0048015436352693746,1.299199755570163,False,False,False,physics-filtered candidate selected by residual-calibrated certificate
burgers,1,0.05,0.03,physics_filtered_s1.3,physics_informed,True,physics_filtered_s1.3,1667085462.3942764,1774194331.9019034,0.9396295729381525,0.1215473882491239,0.12369721166826943,0.9826202758240538,0.010649818723650568,1.1130324229662498,False,False,False,physics-filtered candidate selected by residual-calibrated certificate
burgers,1,0.05,0.03,physics_filtered_s2,physics_informed,False,physics_filtered_s1.3,1668156656.4031467,1774194331.9019034,0.9402333365674288,0.12545270588240764,0.12369721166826943,1.0141918656811109,0.023194557469772382,0.9608241266703024,False,False,False,physics-filtered candidate selected by residual-calibrated certificate
burgers,2,0.05,0.03,data_only_lowrank,data_only,False,physics_filtered_s1.3,1267582027.1337354,1238860937.5738673,1.0231834653016942,0.12546610603799047,0.12547395211323475,0.9999374684855933,0.0,2.099704703134979,True,False,False,data-driven candidate without PDE residual selection
burgers,2,0.05,0.03,risky_sensor_overfit,risky,False,physics_filtered_s1.3,6565946984.377671,1238860937.5738673,5.299987097208944,0.23458376694873628,0.12547395211323475,1.8695813991350578,0.0,8.58502890724216,True,False,False,fits observed points but injects high-frequency nonphysical structure
burgers,2,0.05,0.03,underfit_oversmooth,underfit,False,physics_filtered_s1.3,1363331110.4243088,1238860937.5738673,1.1004714646134526,0.1286884711646326,0.12547395211323475,1.025619014912922,0.06371435776667428,0.7515521465550905,True,False,False,oversmoothed challenge candidate; shown for diagnosis but not eligible for safe replacement
burgers,2,0.05,0.03,physics_filtered_s0.4,physics_informed,False,physics_filtered_s1.3,1259246135.1624048,1238860937.5738673,1.0164547908245933,0.1244445501784028,0.12547395211323475,0.9917958913504632,0.0005960898726249234,1.968008587499387,True,False,False,physics-filtered candidate selected by residual-calibrated certificate
burgers,2,0.05,0.03,physics_filtered_s0.8,physics_informed,True,physics_filtered_s1.3,1234084749.89674,1238860937.5738673,0.9961446942652976,0.12021398689789861,0.12547395211323475,0.958079225785864,0.005387466919886432,1.3618312510987203,True,False,False,physics-filtered candidate selected by residual-calibrated certificate
burgers,2,0.05,0.03,physics_filtered_s1.3,physics_informed,True,physics_filtered_s1.3,1221089877.0346086,1238860937.5738673,0.9856553225626269,0.11894085639799792,0.12547395211323475,0.9479326537009933,0.011554717977289845,1.109514517170551,True,False,False,physics-filtered candidate selected by residual-calibrated certificate
burgers,2,0.05,0.03,physics_filtered_s2,physics_informed,False,physics_filtered_s1.3,1242794426.0398197,1238860937.5738673,1.0031750847465217,0.12061013258317806,0.12547395211323475,0.9612364203956169,0.024192668643185755,0.9408801582433505,True,False,False,physics-filtered candidate selected by residual-calibrated certificate
burgers,3,0.05,0.03,data_only_lowrank,data_only,False,physics_filtered_s1.3,1257158512.4807024,1251662240.2449667,1.0043911784337762,0.13320723648181615,0.1334373189740947,0.9982757260484116,0.0,1.5522763873692609,False,False,False,data-driven candidate without PDE residual selection
burgers,3,0.05,0.03,risky_sensor_overfit,risky,False,physics_filtered_s1.3,6399805783.957148,1251662240.2449667,5.113045339375758,0.23597634588454935,0.1334373189740947,1.7684433987211101,0.0,8.411254651546653,False,False,False,fits observed points but injects high-frequency nonphysical structure
burgers,3,0.05,0.03,underfit_oversmooth,underfit,False,physics_filtered_s1.3,1117964723.0041535,1251662240.2449667,0.8931840292516559,0.1309378335893227,0.1334373189740947,0.9812684681843877,0.0607927292701382,0.6977072431173507,False,False,False,oversmoothed challenge candidate; shown for diagnosis but not eligible for safe replacement
burgers,3,0.05,0.03,physics_filtered_s0.4,physics_informed,False,physics_filtered_s1.3,1238329820.275919,1251662240.2449667,0.9893482286671534,0.1325797539773564,0.1334373189740947,0.9935732746706464,0.0005653285802646872,1.492037963972376,False,False,False,physics-filtered candidate selected by residual-calibrated certificate
burgers,3,0.05,0.03,physics_filtered_s0.8,physics_informed,True,physics_filtered_s1.3,1163373482.4730654,1251662240.2449667,0.9294627936090634,0.1296133771540424,0.1334373189740947,0.9713427858831155,0.005070552064519825,1.2316140958281445,False,False,False,physics-filtered candidate selected by residual-calibrated certificate
burgers,3,0.05,0.03,physics_filtered_s1.3,physics_informed,True,physics_filtered_s1.3,1111021585.2683814,1251662240.2449667,0.8876368955980807,0.12690273724710613,0.1334373189740947,0.9510288292796995,0.010534470112162528,1.065621264712835,False,False,False,physics-filtered candidate selected by residual-calibrated certificate
burgers,3,0.05,0.03,physics_filtered_s2,physics_informed,False,physics_filtered_s1.3,1072941966.0981482,1251662240.2449667,0.8572136568473612,0.12567179343405124,0.1334373189740947,0.9418039450980513,0.02211801202403769,0.901209924687346,False,False,False,physics-filtered candidate selected by residual-calibrated certificate
burgers,4,0.05,0.03,data_only_lowrank,data_only,True,physics_filtered_s1.3,1069903667.9218465,1119517882.7371538,0.9556825169295166,0.12616647582837423,0.12633080511047504,0.9986992144714363,0.0,2.220951043584015,False,False,False,data-driven candidate without PDE residual selection
burgers,4,0.05,0.03,risky_sensor_overfit,risky,False,physics_filtered_s1.3,6068760306.421932,1119517882.7371538,5.420869465331076,0.2335145565218942,0.12633080511047504,1.8484371750487902,0.0,8.520584133507494,False,False,False,fits observed points but injects high-frequency nonphysical structure
burgers,4,0.05,0.03,underfit_oversmooth,underfit,False,physics_filtered_s1.3,982263067.136471,1119517882.7371538,0.8773982821381084,0.13438701580426476,0.12633080511047504,1.06377075397945,0.06036788163041188,0.7482843015853776,False,False,False,oversmoothed challenge candidate; shown for diagnosis but not eligible for safe replacement
burgers,4,0.05,0.03,physics_filtered_s0.4,physics_informed,False,physics_filtered_s1.3,1038085666.3866963,1119517882.7371538,0.9272613527607433,0.12564804439417057,0.12633080511047504,0.9945954534469879,0.0005302252257514558,2.0756385570373563,False,False,False,physics-filtered candidate selected by residual-calibrated certificate
burgers,4,0.05,0.03,physics_filtered_s0.8,physics_informed,True,physics_filtered_s1.3,904456960.0281137,1119517882.7371538,0.807898626698817,0.12379377178968778,0.12633080511047504,0.9799175401474837,0.0048840341514864724,1.4078953817533335,False,False,False,physics-filtered candidate selected by residual-calibrated certificate
burgers,4,0.05,0.03,physics_filtered_s1.3,physics_informed,True,physics_filtered_s1.3,859342330.2080133,1119517882.7371538,0.7676003603506297,0.12340072491570993,0.12633080511047504,0.9768062889080807,0.010513687160457455,1.1337323940198745,False,False,False,physics-filtered candidate selected by residual-calibrated certificate
burgers,4,0.05,0.03,physics_filtered_s2,physics_informed,False,physics_filtered_s1.3,871173049.8636148,1119517882.7371538,0.7781680518882371,0.1255936891289292,0.12633080511047504,0.9941651920772974,0.022421622801844353,0.9485005059809363,False,False,False,physics-filtered candidate selected by residual-calibrated certificate
burgers,5,0.05,0.03,data_only_lowrank,data_only,True,physics_filtered_s1.3,1905823303.0930305,1932732186.7978313,0.986077282776884,0.12295847642642263,0.12282391248269722,1.0010955842392926,0.0,1.3161511501457517,False,False,False,data-driven candidate without PDE residual selection
burgers,5,0.05,0.03,risky_sensor_overfit,risky,False,physics_filtered_s1.3,6853930121.952185,1932732186.7978313,3.5462389299305044,0.22798112487157438,0.12282391248269722,1.856162373119607,0.0,8.357913944214564,False,False,False,fits observed points but injects high-frequency nonphysical structure
burgers,5,0.05,0.03,underfit_oversmooth,underfit,False,physics_filtered_s1.3,1888689734.2375498,1932732186.7978313,0.9772123355418159,0.13103547396722762,0.12282391248269722,1.0668563744427237,0.0619218638902461,0.6736774825706484,False,False,False,oversmoothed challenge candidate; shown for diagnosis but not eligible for safe replacement
burgers,5,0.05,0.03,physics_filtered_s0.4,physics_informed,False,physics_filtered_s1.3,1894662142.240198,1932732186.7978313,0.9803024729356279,0.12258565106882728,0.12282391248269722,0.9980601382088233,0.0005781324062901921,1.273159639721303,False,False,False,physics-filtered candidate selected by residual-calibrated certificate
burgers,5,0.05,0.03,physics_filtered_s0.8,physics_informed,True,physics_filtered_s1.3,1846135779.4173203,1932732186.7978313,0.9551948231772428,0.12112408463049691,0.12282391248269722,0.986160448573677,0.005246524005888894,1.0735331362578884,False,False,False,physics-filtered candidate selected by residual-calibrated certificate
burgers,5,0.05,0.03,physics_filtered_s1.3,physics_informed,True,physics_filtered_s1.3,1826209897.22227,1932732186.7978313,0.9448851267117104,0.12088648060038154,0.12282391248269722,0.9842259390363187,0.011447480482377743,0.9339480530313299,False,False,False,physics-filtered candidate selected by residual-calibrated certificate
burgers,5,0.05,0.03,physics_filtered_s2,physics_informed,False,physics_filtered_s1.3,1826965407.896082,1932732186.7978313,0.9452760296412382,0.12314303366053046,0.12282391248269722,1.002598200711735,0.023938636373465473,0.8184218694967446,False,False,False,physics-filtered candidate selected by residual-calibrated certificate
burgers,1,0.05,0.05,data_only_lowrank,data_only,True,physics_filtered_s1.3,1373949619.5201743,1495841982.16506,0.9185125406973399,0.11182220106638556,0.11161185063964633,1.0018846603163716,0.0,1.5064423165054304,False,False,False,data-driven candidate without PDE residual selection
burgers,1,0.05,0.05,risky_sensor_overfit,risky,False,physics_filtered_s1.3,5630680651.537786,1495841982.16506,3.7642215679680415,0.22670281646004384,0.11161185063964633,2.031171557131086,0.0,8.471012564621205,False,False,False,fits observed points but injects high-frequency nonphysical structure
burgers,1,0.05,0.05,underfit_oversmooth,underfit,False,physics_filtered_s1.3,1383587903.376943,1495841982.16506,0.9249559244047677,0.12330409102906566,0.11161185063964633,1.104758055003178,0.07033909634167411,0.7408118490520805,False,False,False,oversmoothed challenge candidate; shown for diagnosis but not eligible for safe replacement
burgers,1,0.05,0.05,physics_filtered_s0.4,physics_informed,False,physics_filtered_s1.3,1358732270.291462,1495841982.16506,0.9083394412589306,0.11088557248071076,0.11161185063964633,0.9934928221710618,0.0007450297055037295,1.4591459379065974,False,False,False,physics-filtered candidate selected by residual-calibrated certificate
burgers,1,0.05,0.05,physics_filtered_s0.8,physics_informed,True,physics_filtered_s1.3,1297560094.3988838,1495841982.16506,0.8674446297601663,0.10730955963907166,0.11161185063964633,0.9614530986012708,0.006582947725442585,1.2405470371602503,False,False,False,physics-filtered candidate selected by residual-calibrated certificate
burgers,1,0.05,0.05,physics_filtered_s1.3,physics_informed,True,physics_filtered_s1.3,1268075142.82447,1495841982.16506,0.8477333554905823,0.1068844703973429,0.11161185063964633,0.9576444596503999,0.013666718816916551,1.0760478979155932,False,False,False,physics-filtered candidate selected by residual-calibrated certificate
burgers,1,0.05,0.05,physics_filtered_s2,physics_informed,False,physics_filtered_s1.3,1273014489.7813804,1495841982.16506,0.8510354067873116,0.11107105486061118,0.11161185063964633,0.9951546741951592,0.027629929538359885,0.9242353045841697,False,False,False,physics-filtered candidate selected by residual-calibrated certificate
burgers,2,0.05,0.05,data_only_lowrank,data_only,True,physics_filtered_s1.3,2085550162.4203787,2170567038.0946846,0.9608319511988289,0.12928961753465507,0.12872975552163632,1.004349126662641,0.0,2.4773733613525164,True,False,False,data-driven candidate without PDE residual selection
burgers,2,0.05,0.05,risky_sensor_overfit,risky,False,physics_filtered_s1.3,5605756384.129051,2170567038.0946846,2.58262301313198,0.23712715060235892,0.12872975552163632,1.8420539186113936,0.0,8.624369314465051,True,False,False,fits observed points but injects high-frequency nonphysical structure
burgers,2,0.05,0.05,underfit_oversmooth,underfit,False,physics_filtered_s1.3,1809498000.6249776,2170567038.0946846,0.8336522064821126,0.13475503693189012,0.12872975552163632,1.0468056618673085,0.06505879063690491,0.7916069052757626,True,False,False,oversmoothed challenge candidate; shown for diagnosis but not eligible for safe replacement
burgers,2,0.05,0.05,physics_filtered_s0.4,physics_informed,False,physics_filtered_s1.3,2049361908.9735625,2170567038.0946846,0.9441596932995373,0.12785768320183855,0.12872975552163632,0.9932255575468375,0.0006433802188645997,2.310176869895782,True,False,False,physics-filtered candidate selected by residual-calibrated certificate
burgers,2,0.05,0.05,physics_filtered_s0.8,physics_informed,True,physics_filtered_s1.3,1877067448.1708958,2170567038.0946846,0.8647820662653103,0.1220014342208951,0.12872975552163632,0.9477329753760149,0.005796081035677014,1.526789931649836,True,False,False,physics-filtered candidate selected by residual-calibrated certificate
burgers,2,0.05,0.05,physics_filtered_s1.3,physics_informed,True,physics_filtered_s1.3,1779119089.0594938,2170567038.0946846,0.8196563652883984,0.1208316343520098,0.12872975552163632,0.9386457222841716,0.01201794898930771,1.2022955419286332,True,False,False,physics-filtered candidate selected by residual-calibrated certificate
burgers,2,0.05,0.05,physics_filtered_s2,physics_informed,False,physics_filtered_s1.3,1760600948.7137907,2170567038.0946846,0.8111248894018217,0.12405547758412135,0.12872975552163632,0.9636892191744042,0.02464675235371714,1.002325419528047,True,False,False,physics-filtered candidate selected by residual-calibrated certificate
burgers,3,0.05,0.05,data_only_lowrank,data_only,True,physics_filtered_s1.3,1266208026.3503184,1324338096.7302055,0.956106321698809,0.09128198083173408,0.09121934115929009,1.0006866928728844,0.0,1.2215211522102063,False,False,False,data-driven candidate without PDE residual selection
burgers,3,0.05,0.05,risky_sensor_overfit,risky,False,physics_filtered_s1.3,6553654406.317493,1324338096.7302055,4.948626353420236,0.2171957910211002,0.09121934115929009,2.381027841885473,0.0,8.396316975830242,False,False,False,fits observed points but injects high-frequency nonphysical structure
burgers,3,0.05,0.05,underfit_oversmooth,underfit,False,physics_filtered_s1.3,1120942469.711555,1324338096.7302055,0.8464171441410355,0.10278740998642444,0.09121934115929009,1.126815965550628,0.06433711474217486,0.653448375189496,False,False,False,oversmoothed challenge candidate; shown for diagnosis but not eligible for safe replacement
burgers,3,0.05,0.05,physics_filtered_s0.4,physics_informed,False,physics_filtered_s1.3,1241400578.2347171,1324338096.7302055,0.9373743618036351,0.09085064953351482,0.09121934115929009,0.9959581858179899,0.0006225406744934667,1.1874578298767124,False,False,False,physics-filtered candidate selected by residual-calibrated certificate
burgers,3,0.05,0.05,physics_filtered_s0.8,physics_informed,True,physics_filtered_s1.3,1126452351.8722398,1324338096.7302055,0.8505776241380157,0.08930890493789641,0.09121934115929009,0.9790566759407231,0.005654415406920076,1.0317102711517914,False,False,False,physics-filtered candidate selected by residual-calibrated certificate
burgers,3,0.05,0.05,physics_filtered_s1.3,physics_informed,True,physics_filtered_s1.3,1065310024.4269797,1324338096.7302055,0.8044094080335173,0.08914168184635397,0.09121934115929009,0.9772234781844645,0.012020979679518254,0.9119922823315717,False,False,False,physics-filtered candidate selected by residual-calibrated certificate
burgers,3,0.05,0.05,physics_filtered_s2,physics_informed,False,physics_filtered_s1.3,1042990123.4312819,1324338096.7302055,0.7875557805113569,0.0924070700769061,0.09121934115929009,1.0130205820553881,0.02469820301337044,0.803798851692575,False,False,False,physics-filtered candidate selected by residual-calibrated certificate
burgers,4,0.05,0.05,data_only_lowrank,data_only,True,physics_filtered_s1.3,1942727519.4449046,2041115072.0934691,0.9517971553913159,0.13252618928821822,0.1323624791810676,1.0012368316698377,0.0,1.9183862799585167,False,False,False,data-driven candidate without PDE residual selection
burgers,4,0.05,0.05,risky_sensor_overfit,risky,False,physics_filtered_s1.3,6816428078.273558,2041115072.0934691,3.339560895644306,0.237028590215049,0.1323624791810676,1.7907536310876344,0.0,8.564591478559993,False,False,False,fits observed points but injects high-frequency nonphysical structure
burgers,4,0.05,0.05,underfit_oversmooth,underfit,False,physics_filtered_s1.3,1646857229.829196,2041115072.0934691,0.8068419327971045,0.13637625495752617,0.1323624791810676,1.0303241205533595,0.06430841415518482,0.7362026775704222,False,False,False,oversmoothed challenge candidate; shown for diagnosis but not eligible for safe replacement
burgers,4,0.05,0.05,physics_filtered_s0.4,physics_informed,False,physics_filtered_s1.3,1912395156.8981822,2041115072.0934691,0.9369364731292364,0.13190135909929201,0.1323624791810676,0.9965162326542606,0.0006126452167132075,1.808454831117905,False,False,False,physics-filtered candidate selected by residual-calibrated certificate
burgers,4,0.05,0.05,physics_filtered_s0.8,physics_informed,True,physics_filtered_s1.3,1775675557.2733517,2041115072.0934691,0.8699536746118535,0.12934276400721909,0.1323624791810676,0.9771860183224973,0.005520162424973579,1.3375271997397657,False,False,False,physics-filtered candidate selected by residual-calibrated certificate
burgers,4,0.05,0.05,physics_filtered_s1.3,physics_informed,True,physics_filtered_s1.3,1689761546.5211768,2041115072.0934691,0.8278619709510416,0.12818730303035075,0.1323624791810676,0.9684564978117869,0.011639333863805309,1.1201202407090614,False,False,False,physics-filtered candidate selected by residual-calibrated certificate
burgers,4,0.05,0.05,physics_filtered_s2,physics_informed,False,physics_filtered_s1.3,1619583013.3603354,2041115072.0934691,0.7934795227881054,0.12940872957568464,0.1323624791810676,0.9776843889247494,0.024374523825785883,0.9422670942666239,False,False,False,physics-filtered candidate selected by residual-calibrated certificate
burgers,5,0.05,0.05,data_only_lowrank,data_only,True,physics_filtered_s1.3,1478049189.30084,1717655204.3213792,0.8605040089432826,0.11691280264883072,0.11680286521376856,1.0009412220655718,0.0,1.5137791980170368,False,False,False,data-driven candidate without PDE residual selection
burgers,5,0.05,0.05,risky_sensor_overfit,risky,False,physics_filtered_s1.3,5570056549.849178,1717655204.3213792,3.2428257637712727,0.23136235685178502,0.11680286521376856,1.9807935055905763,0.0,8.365349842080741,False,False,False,fits observed points but injects high-frequency nonphysical structure
burgers,5,0.05,0.05,underfit_oversmooth,underfit,False,physics_filtered_s1.3,1444952298.9508796,1717655204.3213792,0.8412353627873526,0.12202076406441104,0.11680286521376856,1.0446726956573211,0.06180494027428326,0.7041349788889203,False,False,False,oversmoothed challenge candidate; shown for diagnosis but not eligible for safe replacement
burgers,5,0.05,0.05,physics_filtered_s0.4,physics_informed,False,physics_filtered_s1.3,1463280051.6623526,1717655204.3213792,0.8519055791761615,0.11644170183440107,0.11680286521376856,0.9969079236223921,0.000586433144832471,1.4540376434924418,False,False,False,physics-filtered candidate selected by residual-calibrated certificate
burgers,5,0.05,0.05,physics_filtered_s0.8,physics_informed,True,physics_filtered_s1.3,1413473163.5019383,1717655204.3213792,0.8229085557717511,0.1144416147670664,0.11680286521376856,0.9797843105701176,0.005379105769487987,1.186727347221915,False,False,False,physics-filtered candidate selected by residual-calibrated certificate
burgers,5,0.05,0.05,physics_filtered_s1.3,physics_informed,True,physics_filtered_s1.3,1380014700.046901,1717655204.3213792,0.8034294057241395,0.11343784266151104,0.11680286521376856,0.9711905821225346,0.011437759391559351,1.0235884261720714,False,False,False,physics-filtered candidate selected by residual-calibrated certificate
burgers,5,0.05,0.05,physics_filtered_s2,physics_informed,False,physics_filtered_s1.3,1360645462.2363405,1717655204.3213792,0.7921528481462098,0.11451413033780614,0.11680286521376856,0.980405147829601,0.023573510271777696,0.8770075442495492,False,False,False,physics-filtered candidate selected by residual-calibrated certificate
burgers,1,0.1,0.0,data_only_lowrank,data_only,True,data_only_lowrank,421720242.6259426,455573402.75370955,0.9256910962686983,0.08167487994542216,0.0816896484972938,0.9998192114528202,0.0,1.2352275738935,False,False,False,data-driven candidate without PDE residual selection
burgers,1,0.1,0.0,risky_sensor_overfit,risky,False,data_only_lowrank,5187777152.865047,455573402.75370955,11.387357386334612,0.21573500637037904,0.0816896484972938,2.640909960273424,0.0,8.194710077408315,False,False,False,fits observed points but injects high-frequency nonphysical structure
burgers,1,0.1,0.0,underfit_oversmooth,underfit,False,data_only_lowrank,836059672.4882995,455573402.75370955,1.8351810431310167,0.10404440119585662,0.0816896484972938,1.2736546564774327,0.06199925054956763,0.6775105680676817,False,False,False,oversmoothed challenge candidate; shown for diagnosis but not eligible for safe replacement
burgers,1,0.1,0.0,physics_filtered_s0.4,physics_informed,False,data_only_lowrank,417919436.7415148,455573402.75370955,0.9173481906876133,0.08097353688227302,0.0816896484972938,0.9912337532455444,0.0005355843920436341,1.2023359336486577,False,False,False,physics-filtered candidate selected by residual-calibrated certificate
burgers,1,0.1,0.0,physics_filtered_s0.8,physics_informed,True,data_only_lowrank,435797313.83447826,455573402.75370955,0.956590773737679,0.0784370505693005,0.0816896484972938,0.96018347503281,0.00464774652484425,1.03812143323983,False,False,False,physics-filtered candidate selected by residual-calibrated certificate
burgers,1,0.1,0.0,physics_filtered_s1.3,physics_informed,False,data_only_lowrank,493473928.5714229,455573402.75370955,1.0831930169509982,0.07952391544816148,0.0816896484972938,0.97348828046215,0.010291198701028677,0.9146424839714224,False,False,False,physics-filtered candidate selected by residual-calibrated certificate
burgers,1,0.1,0.0,physics_filtered_s2,physics_informed,False,data_only_lowrank,612350898.287987,455573402.75370955,1.344132239912684,0.08689908146214442,0.0816896484972938,1.0637710292505351,0.022650470102497065,0.8256074376359237,False,False,False,physics-filtered candidate selected by residual-calibrated certificate
burgers,2,0.1,0.0,data_only_lowrank,data_only,True,physics_filtered_s0.8,692258139.8614619,750452327.6394314,0.9224545175827212,0.07784206820964332,0.07788980109145983,0.9993871741595557,0.0,1.191164808970172,False,False,False,data-driven candidate without PDE residual selection
burgers,2,0.1,0.0,risky_sensor_overfit,risky,False,physics_filtered_s0.8,5162165099.175535,750452327.6394314,6.878738207679719,0.21255953612297285,0.07788980109145983,2.728977775545376,0.0,8.085487763834422,False,False,False,fits observed points but injects high-frequency nonphysical structure
burgers,2,0.1,0.0,underfit_oversmooth,underfit,False,physics_filtered_s0.8,1035173422.6718295,750452327.6394314,1.3793993096510158,0.10608094340085994,0.07788980109145983,1.361936247274987,0.054117096709392125,0.6878285292998211,False,False,False,oversmoothed challenge candidate; shown for diagnosis but not eligible for safe replacement
burgers,2,0.1,0.0,physics_filtered_s0.4,physics_informed,False,physics_filtered_s0.8,682166859.7637485,750452327.6394314,0.909007587343387,0.07758111001771623,0.07788980109145983,0.9960368229162997,0.0004673129746959122,1.1587646165970475,False,False,False,physics-filtered candidate selected by residual-calibrated certificate
burgers,2,0.1,0.0,physics_filtered_s0.8,physics_informed,True,physics_filtered_s0.8,652567177.6459154,750452327.6394314,0.8695651324029916,0.07721091591131125,0.07788980109145983,0.9912840298520893,0.004116962207448532,1.012637271504404,False,False,False,physics-filtered candidate selected by residual-calibrated certificate
burgers,2,0.1,0.0,physics_filtered_s1.3,physics_informed,True,physics_filtered_s0.8,694750330.3426733,750452327.6394314,0.9257754353671336,0.07977498854099868,0.07788980109145983,1.0242032643824706,0.009063314270471384,0.915054540514305,False,False,True,physics-filtered candidate selected by residual-calibrated certificate
burgers,2,0.1,0.0,physics_filtered_s2,physics_informed,False,physics_filtered_s0.8,801496754.1553472,750452327.6394314,1.068018213330722,0.08821803118234185,0.07788980109145983,1.1326005451936099,0.019718468312759554,0.8311287586587931,False,False,False,physics-filtered candidate selected by residual-calibrated certificate
burgers,3,0.1,0.0,data_only_lowrank,data_only,True,data_only_lowrank,961310807.5417348,980252380.0114801,0.9806768411319506,0.08445503715435682,0.08448241715739566,0.9996759088463637,0.0,1.751317649485658,False,False,False,data-driven candidate without PDE residual selection
burgers,3,0.1,0.0,risky_sensor_overfit,risky,False,data_only_lowrank,5822643106.920321,980252380.0114801,5.9399428408958626,0.21491412559881917,0.08448241715739566,2.5438917685780433,0.0,8.204791973278292,False,False,False,fits observed points but injects high-frequency nonphysical structure
burgers,3,0.1,0.0,underfit_oversmooth,underfit,False,data_only_lowrank,1208448345.8311448,980252380.0114801,1.2327930750007383,0.10956257495453937,0.08448241715739566,1.29686837379571,0.05627965765754306,0.7200446448896209,False,False,False,oversmoothed challenge candidate; shown for diagnosis but not eligible for safe replacement
burgers,3,0.1,0.0,physics_filtered_s0.4,physics_informed,False,data_only_lowrank,961989995.9323584,980252380.0114801,0.9813697120746518,0.08407134060719391,0.08448241715739566,0.9951341762578713,0.000524761166648337,1.6580725165125665,False,False,False,physics-filtered candidate selected by residual-calibrated certificate
burgers,3,0.1,0.0,physics_filtered_s0.8,physics_informed,True,data_only_lowrank,973002397.1163774,980252380.0114801,0.9926039629763329,0.08335827568978892,0.08448241715739566,0.9866937818966626,0.00460136896460402,1.2319942269089639,False,False,False,physics-filtered candidate selected by residual-calibrated certificate
burgers,3,0.1,0.0,physics_filtered_s1.3,physics_informed,False,data_only_lowrank,992973176.294608,980252380.0114801,1.0129770623795669,0.08579057525969554,0.08448241715739566,1.0154843829674904,0.009753343485951143,1.038481101926482,False,False,False,physics-filtered candidate selected by residual-calibrated certificate
burgers,3,0.1,0.0,physics_filtered_s2,physics_informed,False,data_only_lowrank,1048476692.5208169,980252380.0114801,1.0695987216154863,0.09363613443060774,0.08448241715739566,1.1083505607450816,0.02076340774995839,0.9048100636504461,False,False,False,physics-filtered candidate selected by residual-calibrated certificate
burgers,4,0.1,0.0,data_only_lowrank,data_only,True,data_only_lowrank,906856425.7743636,925266882.1360235,0.9801025447715599,0.09746076023772697,0.09747291424793304,0.9998753088352829,0.0,1.6992405635096655,False,True,False,data-driven candidate without PDE residual selection
burgers,4,0.1,0.0,risky_sensor_overfit,risky,False,data_only_lowrank,6255444537.011992,925266882.1360235,6.760692139516541,0.22095811423029424,0.09747291424793304,2.266866810465892,0.0,8.13097451112869,False,True,False,fits observed points but injects high-frequency nonphysical structure
burgers,4,0.1,0.0,underfit_oversmooth,underfit,False,data_only_lowrank,1144032072.465698,925266882.1360235,1.236434692036793,0.11132192516732806,0.09747291424793304,1.1420806079833261,0.058101461973822516,0.7318857743133902,False,True,False,oversmoothed challenge candidate; shown for diagnosis but not eligible for safe replacement
burgers,4,0.1,0.0,physics_filtered_s0.4,physics_informed,False,data_only_lowrank,908661368.0392272,925266882.1360235,0.9820532708806549,0.09667460415353162,0.09747291424793304,0.991809928926895,0.000507883167388534,1.6115966254125276,False,True,False,physics-filtered candidate selected by residual-calibrated certificate
burgers,4,0.1,0.0,physics_filtered_s0.8,physics_informed,False,data_only_lowrank,928440474.7620516,925266882.1360235,1.0034299213419393,0.09345884848768349,0.09747291424793304,0.9588186544725834,0.00440997935147727,1.21225052065805,False,True,False,physics-filtered candidate selected by residual-calibrated certificate
burgers,4,0.1,0.0,physics_filtered_s1.3,physics_informed,False,data_only_lowrank,955489828.2729021,925266882.1360235,1.0326640310167672,0.09333885873390614,0.09747291424793304,0.9575876483546079,0.009599736783707416,1.028127763309714,False,True,False,physics-filtered candidate selected by residual-calibrated certificate
burgers,4,0.1,0.0,physics_filtered_s2,physics_informed,False,data_only_lowrank,1008172122.8471252,925266882.1360235,1.0896014353390784,0.09807018424791697,0.09747291424793304,1.0061275483921468,0.021064988412246948,0.9033427761435813,False,True,False,physics-filtered candidate selected by residual-calibrated certificate
burgers,5,0.1,0.0,data_only_lowrank,data_only,True,physics_filtered_s0.8,695340820.9105005,703024443.9269321,0.9890706175541882,0.08145731535526332,0.08150373637273899,0.9994304430626002,0.0,1.8626506918802053,True,False,False,data-driven candidate without PDE residual selection
burgers,5,0.1,0.0,risky_sensor_overfit,risky,False,physics_filtered_s0.8,6330046340.007963,703024443.9269321,9.004020265141547,0.21544167690020632,0.08150373637273899,2.6433349743904864,0.0,8.333482928510119,True,False,False,fits observed points but injects high-frequency nonphysical structure
burgers,5,0.1,0.0,underfit_oversmooth,underfit,False,physics_filtered_s0.8,1052906483.4058777,703024443.9269321,1.4976811866235908,0.1003419342765234,0.08150373637273899,1.2311329362423462,0.06170034043160911,0.747815194312988,True,False,False,oversmoothed challenge candidate; shown for diagnosis but not eligible for safe replacement
burgers,5,0.1,0.0,physics_filtered_s0.4,physics_informed,False,physics_filtered_s0.8,670364594.8967948,703024443.9269321,0.9535437930896017,0.08056381147071229,0.08150373637273899,0.9884677078027855,0.0005857217824763752,1.7538511432278672,True,False,False,physics-filtered candidate selected by residual-calibrated certificate
burgers,5,0.1,0.0,physics_filtered_s0.8,physics_informed,True,physics_filtered_s0.8,623166144.693361,703024443.9269321,0.8864075069886602,0.077177438078344,0.08150373637273899,0.9469190188342218,0.005116278880969958,1.2583558635463588,True,False,False,physics-filtered candidate selected by residual-calibrated certificate
burgers,5,0.1,0.0,physics_filtered_s1.3,physics_informed,True,physics_filtered_s0.8,690235105.3441209,703024443.9269321,0.9818081167827211,0.07826428120243856,0.08150373637273899,0.9602539059504491,0.010828667300462697,1.0535774770108344,True,False,False,physics-filtered candidate selected by residual-calibrated certificate
burgers,5,0.1,0.0,physics_filtered_s2,physics_informed,False,physics_filtered_s0.8,825746307.7939743,703024443.9269321,1.174562726697732,0.08536829802509095,0.08150373637273899,1.0474157605932426,0.022906859536927324,0.9273607548285953,True,False,False,physics-filtered candidate selected by residual-calibrated certificate
burgers,1,0.1,0.01,data_only_lowrank,data_only,True,physics_filtered_s0.8,472277538.60078144,501077488.4306225,0.9425239598768592,0.09059668805686884,0.09062376871664843,0.9997011748555286,0.0,2.0204699317837105,True,False,False,data-driven candidate without PDE residual selection
burgers,1,0.1,0.01,risky_sensor_overfit,risky,False,physics_filtered_s0.8,5850202773.698064,501077488.4306225,11.675245663142704,0.21639351896392137,0.09062376871664843,2.3878229963943225,0.0,8.322124600824433,True,False,False,fits observed points but injects high-frequency nonphysical structure
burgers,1,0.1,0.01,underfit_oversmooth,underfit,False,physics_filtered_s0.8,891361646.7949815,501077488.4306225,1.7788898271736995,0.11286029683434831,0.09062376871664843,1.2453719198765727,0.057721410062545636,0.751349987605768,True,False,False,oversmoothed challenge candidate; shown for diagnosis but not eligible for safe replacement
burgers,1,0.1,0.01,physics_filtered_s0.4,physics_informed,False,physics_filtered_s0.8,463938225.1988273,501077488.4306225,0.9258811978400475,0.08945028218413162,0.09062376871664843,0.9870510071461166,0.0005277683470388886,1.891588748186187,True,False,False,physics-filtered candidate selected by residual-calibrated certificate
burgers,1,0.1,0.01,physics_filtered_s0.8,physics_informed,True,physics_filtered_s0.8,466308292.8387081,501077488.4306225,0.9306111402034609,0.08527334049138557,0.09062376871664843,0.9409599898351955,0.004652845098834522,1.297761139350366,True,False,False,physics-filtered candidate selected by residual-calibrated certificate
burgers,1,0.1,0.01,physics_filtered_s1.3,physics_informed,False,physics_filtered_s0.8,531271513.21368885,501077488.4306225,1.0602581945511744,0.08706736241159975,0.09062376871664843,0.9607563627470715,0.009762862761580103,1.0697532200283064,True,False,False,physics-filtered candidate selected by residual-calibrated certificate
burgers,1,0.1,0.01,physics_filtered_s2,physics_informed,False,physics_filtered_s0.8,656169131.3524402,501077488.4306225,1.3095162854103974,0.09542126117497017,0.09062376871664843,1.0529385670581526,0.02090578672708189,0.9422902944964886,True,False,False,physics-filtered candidate selected by residual-calibrated certificate
burgers,2,0.1,0.01,data_only_lowrank,data_only,True,physics_filtered_s0.8,921666775.800042,971827789.7657635,0.9483848738490884,0.06341737617285648,0.06341924639319141,0.9999705101930207,0.0,1.3910685739985862,False,False,False,data-driven candidate without PDE residual selection
burgers,2,0.1,0.01,risky_sensor_overfit,risky,False,physics_filtered_s0.8,5459218466.017293,971827789.7657635,5.617475157129547,0.21014981599026647,0.06341924639319141,3.313659936670489,0.0,8.249311980298064,False,False,False,fits observed points but injects high-frequency nonphysical structure
burgers,2,0.1,0.01,underfit_oversmooth,underfit,False,physics_filtered_s0.8,1153865581.2221105,971827789.7657635,1.1873148652193029,0.09974743830140119,0.06341924639319141,1.5728259790633066,0.0656147899348117,0.7069861528679928,False,False,False,oversmoothed challenge candidate; shown for diagnosis but not eligible for safe replacement
burgers,2,0.1,0.01,physics_filtered_s0.4,physics_informed,False,physics_filtered_s0.8,917320032.4636053,971827789.7657635,0.94391212324223,0.0630927996369496,0.06341924639319141,0.9948525601327278,0.0006574074738357357,1.3303097134241262,False,False,False,physics-filtered candidate selected by residual-calibrated certificate
burgers,2,0.1,0.01,physics_filtered_s0.8,physics_informed,True,physics_filtered_s0.8,911477021.2760978,971827789.7657635,0.9378997296380958,0.06364010768059616,0.06341924639319141,1.0034825593011931,0.005755611160419365,1.055585490150222,False,False,False,physics-filtered candidate selected by residual-calibrated certificate
burgers,2,0.1,0.01,physics_filtered_s1.3,physics_informed,True,physics_filtered_s0.8,930311673.3803983,971827789.7657635,0.9572803774263631,0.06889038111617561,0.06341924639319141,1.0862693114954027,0.012222542196486315,0.9333998899420805,False,False,True,physics-filtered candidate selected by residual-calibrated certificate
burgers,2,0.1,0.01,physics_filtered_s2,physics_informed,False,physics_filtered_s0.8,992743133.8639315,971827789.7657635,1.021521656736333,0.08038045147796087,0.06341924639319141,1.2674457053359585,0.02526835063567347,0.8679138865013292,False,False,False,physics-filtered candidate selected by residual-calibrated certificate
burgers,3,0.1,0.01,data_only_lowrank,data_only,True,physics_filtered_s0.8,1336818736.5016534,1355192947.9957936,0.986441626986538,0.08970937025660398,0.08977371612859492,0.9992832437403165,0.0,1.4604666469018135,False,False,False,data-driven candidate without PDE residual selection
burgers,3,0.1,0.01,risky_sensor_overfit,risky,False,physics_filtered_s0.8,6528453047.742777,1355192947.9957936,4.817360551792836,0.21533413774318344,0.08977371612859492,2.398632328334642,0.0,8.169973116149396,False,False,False,fits observed points but injects high-frequency nonphysical structure
burgers,3,0.1,0.01,underfit_oversmooth,underfit,False,physics_filtered_s0.8,1504195563.588088,1355192947.9957936,1.1099493734915429,0.1110173415599047,0.08977371612859492,1.2366352463302628,0.053281098948882756,0.6774159207461854,False,False,False,oversmoothed challenge candidate; shown for diagnosis but not eligible for safe replacement
burgers,3,0.1,0.01,physics_filtered_s0.4,physics_informed,False,physics_filtered_s0.8,1329968281.1943939,1355192947.9957936,0.9813866602252435,0.08902606399754931,0.08977371612859492,0.9916718148219873,0.00047226214228673045,1.3956632014681167,False,False,False,physics-filtered candidate selected by residual-calibrated certificate
burgers,3,0.1,0.01,physics_filtered_s0.8,physics_informed,True,physics_filtered_s0.8,1305543868.7463937,1355192947.9957936,0.9633638299824195,0.08689705649022846,0.08977371612859492,0.9679565493845237,0.004108973409181573,1.099842987560315,False,False,False,physics-filtered candidate selected by residual-calibrated certificate
burgers,3,0.1,0.01,physics_filtered_s1.3,physics_informed,True,physics_filtered_s0.8,1312811698.8091779,1355192947.9957936,0.9687267785378505,0.0882963388915983,0.08977371612859492,0.9835433208995835,0.00882214862157063,0.9396812972583547,False,False,False,physics-filtered candidate selected by residual-calibrated certificate
burgers,3,0.1,0.01,physics_filtered_s2,physics_informed,False,physics_filtered_s0.8,1363844613.6047792,1355192947.9957936,1.0063840839946672,0.09529264587952017,0.08977371612859492,1.0614760086566795,0.01922685118544885,0.8262884262862885,False,False,False,physics-filtered candidate selected by residual-calibrated certificate
burgers,4,0.1,0.01,data_only_lowrank,data_only,True,physics_filtered_s1.3,664606619.7958356,688381968.3998848,0.9654619823071281,0.09426517419981206,0.09422792442981649,1.0003953156054384,0.0,1.2153846159330217,False,False,False,data-driven candidate without PDE residual selection
burgers,4,0.1,0.01,risky_sensor_overfit,risky,False,physics_filtered_s1.3,6028855185.62438,688381968.3998848,8.758008580088468,0.21696141202188995,0.09422792442981649,2.302517150117067,0.0,8.081169786044242,False,False,False,fits observed points but injects high-frequency nonphysical structure
burgers,4,0.1,0.01,underfit_oversmooth,underfit,False,physics_filtered_s1.3,801174622.4149265,688381968.3998848,1.163851842716368,0.1160427505393543,0.09422792442981649,1.2315112663290653,0.052412711174894065,0.6733803249248305,False,False,False,oversmoothed challenge candidate; shown for diagnosis but not eligible for safe replacement
burgers,4,0.1,0.01,physics_filtered_s0.4,physics_informed,False,physics_filtered_s1.3,634498945.5763851,688381968.3998848,0.921725110045011,0.09402055721174951,0.09422792442981649,0.9977993018490051,0.0005203307772985354,1.1799067040260032,False,False,False,physics-filtered candidate selected by residual-calibrated certificate
burgers,4,0.1,0.01,physics_filtered_s0.8,physics_informed,True,physics_filtered_s1.3,517013169.4526668,688381968.3998848,0.7510556539626428,0.0936043929328792,0.09422792442981649,0.993382731268849,0.004269054494613427,1.0203660562954928,False,False,False,physics-filtered candidate selected by residual-calibrated certificate
burgers,4,0.1,0.01,physics_filtered_s1.3,physics_informed,True,physics_filtered_s1.3,514312081.18184966,688381968.3998848,0.747131832022484,0.09536643581951401,0.09422792442981649,1.0120825264439888,0.008762645565650725,0.9191857352470982,False,False,False,physics-filtered candidate selected by residual-calibrated certificate
burgers,4,0.1,0.01,physics_filtered_s2,physics_informed,False,physics_filtered_s1.3,601122768.6042149,688381968.3998848,0.8732401431163279,0.10171898091599242,0.09422792442981649,1.0794993260270311,0.018747587031049576,0.8295793796395697,False,False,False,physics-filtered candidate selected by residual-calibrated certificate
burgers,5,0.1,0.01,data_only_lowrank,data_only,True,physics_filtered_s0.8,368702199.21264863,401008845.76715404,0.9194365737925285,0.06456739962232548,0.06470335581902006,0.9978987767176595,0.0,1.2333974415803486,False,False,False,data-driven candidate without PDE residual selection
burgers,5,0.1,0.01,risky_sensor_overfit,risky,False,physics_filtered_s0.8,6204669339.2741375,401008845.76715404,15.472649555658135,0.2073620151825832,0.06470335581902006,3.2048108255680714,0.0,8.198617353789498,False,False,False,fits observed points but injects high-frequency nonphysical structure
burgers,5,0.1,0.01,underfit_oversmooth,underfit,False,physics_filtered_s0.8,797365833.3234727,401008845.76715404,1.988399611978793,0.09870434063945148,0.06470335581902006,1.5254902839044255,0.05798064681908331,0.6666041954707396,False,False,False,oversmoothed challenge candidate; shown for diagnosis but not eligible for safe replacement
burgers,5,0.1,0.01,physics_filtered_s0.4,physics_informed,False,physics_filtered_s0.8,359910483.9318605,401008845.76715404,0.8975125804103651,0.06399923083186579,0.06470335581902006,0.989117643447847,0.0005406443403802991,1.1884625302186997,False,False,False,physics-filtered candidate selected by residual-calibrated certificate
burgers,5,0.1,0.01,physics_filtered_s0.8,physics_informed,True,physics_filtered_s0.8,364012696.76136875,401008845.76715404,0.9077423119307769,0.06328790180078728,0.06470335581902006,0.9781239473394542,0.004765722771580849,0.9851324611573589,False,False,False,physics-filtered candidate selected by residual-calibrated certificate
burgers,5,0.1,0.01,physics_filtered_s1.3,physics_informed,False,physics_filtered_s0.8,435912253.7201336,401008845.76715404,1.087038997571755,0.06758658830149938,0.06470335581902006,1.0445607873801688,0.010275347914913554,0.8692557797901764,False,False,False,physics-filtered candidate selected by residual-calibrated certificate
burgers,5,0.1,0.01,physics_filtered_s2,physics_informed,False,physics_filtered_s0.8,570705880.6516688,401008845.76715404,1.4231752907092963,0.07880665813450549,0.06470335581902006,1.2179686375729166,0.021666204231845496,0.7964027967546957,False,False,False,physics-filtered candidate selected by residual-calibrated certificate
burgers,1,0.1,0.03,data_only_lowrank,data_only,True,physics_filtered_s1.3,1256392731.8282304,1393908401.6021688,0.9013452608393229,0.07741444995969443,0.07714991415733038,1.0034288541244667,0.0,1.3140805357672856,False,False,False,data-driven candidate without PDE residual selection
burgers,1,0.1,0.03,risky_sensor_overfit,risky,False,physics_filtered_s1.3,6528448549.653358,1393908401.6021688,4.683556352877643,0.21207667120907178,0.07714991415733038,2.7488905661494174,0.0,8.082336606959334,False,False,False,fits observed points but injects high-frequency nonphysical structure
burgers,1,0.1,0.03,underfit_oversmooth,underfit,False,physics_filtered_s1.3,1136465860.7885337,1393908401.6021688,0.8153088534958762,0.10469239956238242,0.07714991415733038,1.3569995599415465,0.05588928689867091,0.6822104224477606,False,False,False,oversmoothed challenge candidate; shown for diagnosis but not eligible for safe replacement
burgers,1,0.1,0.03,physics_filtered_s0.4,physics_informed,False,physics_filtered_s1.3,1209985014.8271601,1393908401.6021688,0.8680520279785919,0.07688840861688305,0.07714991415733038,0.9966104234294977,0.000571153183337843,1.2614702271644878,False,False,False,physics-filtered candidate selected by residual-calibrated certificate
burgers,1,0.1,0.03,physics_filtered_s0.8,physics_informed,True,physics_filtered_s1.3,1013573362.7033863,1393908401.6021688,0.7271448837946435,0.07587838820595147,0.07714991415733038,0.9835187638735483,0.004812718658030495,1.0409479205477072,False,False,False,physics-filtered candidate selected by residual-calibrated certificate
burgers,1,0.1,0.03,physics_filtered_s1.3,physics_informed,True,physics_filtered_s1.3,956237500.3493122,1393908401.6021688,0.6860117201748734,0.07839399058472837,0.07714991415733038,1.0161254414858432,0.009903338329510371,0.9181822689881676,False,False,False,physics-filtered candidate selected by residual-calibrated certificate
burgers,1,0.1,0.03,physics_filtered_s2,physics_informed,False,physics_filtered_s1.3,982505124.932443,1393908401.6021688,0.7048563046202636,0.08683899114233323,0.07714991415733038,1.125587657351355,0.020679233047791012,0.826621572574536,False,False,False,physics-filtered candidate selected by residual-calibrated certificate
burgers,2,0.1,0.03,data_only_lowrank,data_only,False,physics_filtered_s0.8,820422244.9775013,765764118.51123,1.0713772363381762,0.0861900686541351,0.0852027864230862,1.0115874406399672,0.0,1.4981956266134493,True,False,False,data-driven candidate without PDE residual selection
burgers,2,0.1,0.03,risky_sensor_overfit,risky,False,physics_filtered_s0.8,4953635424.319596,765764118.51123,6.468878998862299,0.21513609970154873,0.0852027864230862,2.524989014217631,0.0,8.142694045689836,True,False,False,fits observed points but injects high-frequency nonphysical structure
burgers,2,0.1,0.03,underfit_oversmooth,underfit,False,physics_filtered_s0.8,1037172128.0084189,765764118.51123,1.354427692465991,0.10671271744048651,0.0852027864230862,1.2524557226255175,0.061296676828970005,0.7003688885330089,True,False,False,oversmoothed challenge candidate; shown for diagnosis but not eligible for safe replacement
burgers,2,0.1,0.03,physics_filtered_s0.4,physics_informed,False,physics_filtered_s0.8,802670965.258403,765764118.51123,1.04819610354547,0.08511716272115526,0.0852027864230862,0.9989950598269784,0.0006140095351465095,1.4276116519997402,True,False,False,physics-filtered candidate selected by residual-calibrated certificate
burgers,2,0.1,0.03,physics_filtered_s0.8,physics_informed,True,physics_filtered_s0.8,743976537.8658905,765764118.51123,0.9715479217181159,0.08128092450846013,0.0852027864230862,0.9539702622387782,0.005181835368939087,1.1182695864057828,True,False,False,physics-filtered candidate selected by residual-calibrated certificate
burgers,2,0.1,0.03,physics_filtered_s1.3,physics_informed,True,physics_filtered_s0.8,752082470.957594,765764118.51123,0.9821333394672039,0.08202586728651626,0.0852027864230862,0.9627134361339167,0.010689731266076868,0.9652522387774694,True,False,False,physics-filtered candidate selected by residual-calibrated certificate
burgers,2,0.1,0.03,physics_filtered_s2,physics_informed,False,physics_filtered_s0.8,826317885.0889447,765764118.51123,1.0790762652805423,0.08959027348838726,0.0852027864230862,1.0514946429388223,0.022571843167905836,0.8634818186152412,True,False,False,physics-filtered candidate selected by residual-calibrated certificate
burgers,3,0.1,0.03,data_only_lowrank,data_only,False,physics_filtered_s1.3,657454926.947413,643463606.7942868,1.0217437629811426,0.07059131271726768,0.0701542481996805,1.0062300506070128,0.0,1.5361914580913714,False,False,False,data-driven candidate without PDE residual selection
burgers,3,0.1,0.03,risky_sensor_overfit,risky,False,physics_filtered_s1.3,5164317978.128804,643463606.7942868,8.025812063960005,0.21223475067473704,0.0701542481996805,3.0252587137364313,0.0,8.141667541139359,False,False,False,fits observed points but injects high-frequency nonphysical structure
burgers,3,0.1,0.03,underfit_oversmooth,underfit,False,physics_filtered_s1.3,804976574.5672747,643463606.7942868,1.2510055985569095,0.09837488508320813,0.0701542481996805,1.4022655449432053,0.06094401013066645,0.707135774927291,False,False,False,oversmoothed challenge candidate; shown for diagnosis but not eligible for safe replacement
burgers,3,0.1,0.03,physics_filtered_s0.4,physics_informed,False,physics_filtered_s1.3,639949898.4549326,643463606.7942868,0.9945393829546019,0.06987581144749927,0.0701542481996805,0.9960310777989559,0.0005778984123174774,1.4603063872945368,False,False,False,physics-filtered candidate selected by residual-calibrated certificate
burgers,3,0.1,0.03,physics_filtered_s0.8,physics_informed,True,physics_filtered_s1.3,585134298.4594039,643463606.7942868,0.9093510375427796,0.06826033177616574,0.0701542481996805,0.9730035390145283,0.005082942310207656,1.126055196888449,False,False,False,physics-filtered candidate selected by residual-calibrated certificate
burgers,3,0.1,0.03,physics_filtered_s1.3,physics_informed,True,physics_filtered_s1.3,580911869.7056233,643463606.7942868,0.9027890055813814,0.07151970068886633,0.0701542481996805,1.0194635752389487,0.01079190316774313,0.9722389698920192,False,False,False,physics-filtered candidate selected by residual-calibrated certificate
burgers,3,0.1,0.03,physics_filtered_s2,physics_informed,False,physics_filtered_s1.3,636330734.4153305,643463606.7942868,0.9889148783184615,0.08089591385207794,0.0701542481996805,1.153114970609766,0.02284818303317957,0.8775256964953584,False,False,False,physics-filtered candidate selected by residual-calibrated certificate
burgers,4,0.1,0.03,data_only_lowrank,data_only,False,physics_filtered_s1.3,1012788228.7912967,911561562.651128,1.111047536762923,0.07660230499663212,0.07580581345686321,1.0105069981105292,0.0,1.1147856184418212,False,False,False,data-driven candidate without PDE residual selection
burgers,4,0.1,0.03,risky_sensor_overfit,risky,False,physics_filtered_s1.3,6520454729.732553,911561562.651128,7.1530601957029365,0.2092786353191114,0.07580581345686321,2.7607201317803844,0.0,8.136362918194898,False,False,False,fits observed points but injects high-frequency nonphysical structure
burgers,4,0.1,0.03,underfit_oversmooth,underfit,False,physics_filtered_s1.3,1036457206.2733393,911561562.651128,1.1370128455822255,0.10194958706619676,0.07580581345686321,1.3448782146881861,0.05691210205520864,0.6555109437981745,False,False,False,oversmoothed challenge candidate; shown for diagnosis but not eligible for safe replacement
burgers,4,0.1,0.03,physics_filtered_s0.4,physics_informed,False,physics_filtered_s1.3,989402521.3406312,911561562.651128,1.085392980440197,0.07630101946557268,0.07580581345686321,1.0065325597750456,0.0005141723596835027,1.0787993401971698,False,False,False,physics-filtered candidate selected by residual-calibrated certificate
burgers,4,0.1,0.03,physics_filtered_s0.8,physics_informed,True,physics_filtered_s1.3,898277439.3644457,911561562.651128,0.9854270695134977,0.07588098311147436,0.07580581345686321,1.0009916080335042,0.0046111014572870835,0.9291880614126004,False,False,False,physics-filtered candidate selected by residual-calibrated certificate
burgers,4,0.1,0.03,physics_filtered_s1.3,physics_informed,True,physics_filtered_s1.3,882489504.8297275,911561562.651128,0.9681074114875476,0.07808008859887353,0.07580581345686321,1.0300013288858705,0.009865033774490108,0.8405628698655165,False,False,True,physics-filtered candidate selected by residual-calibrated certificate
burgers,4,0.1,0.03,physics_filtered_s2,physics_informed,False,physics_filtered_s1.3,928035917.0087867,911561562.651128,1.0180726733472019,0.08555836675401762,0.07580581345686321,1.1286517860741034,0.021018970035078285,0.7784196544296976,False,False,False,physics-filtered candidate selected by residual-calibrated certificate
burgers,5,0.1,0.03,data_only_lowrank,data_only,True,physics_filtered_s1.3,1215725102.7831924,1233112589.650086,0.9858995139512544,0.08138029121721559,0.08086681879636717,1.006349605777557,0.0,1.4044975611341692,False,False,False,data-driven candidate without PDE residual selection
burgers,5,0.1,0.03,risky_sensor_overfit,risky,False,physics_filtered_s1.3,6582038855.951795,1233112589.650086,5.3377436182202525,0.21387548071120907,0.08086681879636717,2.6447866243771707,0.0,8.108907763941977,False,False,False,fits observed points but injects high-frequency nonphysical structure
burgers,5,0.1,0.03,underfit_oversmooth,underfit,False,physics_filtered_s1.3,1303956820.0354311,1233112589.650086,1.0574515506369522,0.10408300238827706,0.08086681879636717,1.2870915900510944,0.06382634352598071,0.711693912097579,False,False,False,oversmoothed challenge candidate; shown for diagnosis but not eligible for safe replacement
burgers,5,0.1,0.03,physics_filtered_s0.4,physics_informed,False,physics_filtered_s1.3,1202903501.5331314,1233112589.650086,0.975501760041614,0.08052536486271766,0.08086681879636717,0.9957775767647653,0.0006256032407297818,1.3524789410357438,False,False,False,physics-filtered candidate selected by residual-calibrated certificate
burgers,5,0.1,0.03,physics_filtered_s0.8,physics_informed,True,physics_filtered_s1.3,1168416335.759957,1233112589.650086,0.9475341875242006,0.07770358719520327,0.08086681879636717,0.9608834420692348,0.005427131804263831,1.1225139804031432,False,False,False,physics-filtered candidate selected by residual-calibrated certificate
burgers,5,0.1,0.03,physics_filtered_s1.3,physics_informed,True,physics_filtered_s1.3,1167670886.1226997,1233112589.650086,0.9469296607003613,0.07894843264958075,0.08086681879636717,0.9762772151011226,0.011377240371853047,0.9867842831354098,False,False,False,physics-filtered candidate selected by residual-calibrated certificate
burgers,5,0.1,0.03,physics_filtered_s2,physics_informed,False,physics_filtered_s1.3,1196700208.2426412,1233112589.650086,0.9704711623958221,0.0868469887622182,0.08086681879636717,1.073950849727821,0.023922344612475027,0.8897640096335406,False,False,False,physics-filtered candidate selected by residual-calibrated certificate
burgers,1,0.1,0.05,data_only_lowrank,data_only,True,physics_filtered_s1.3,1471154452.8200212,1588866752.2677505,0.9259143038396885,0.08154313752967506,0.07990287284895001,1.0205282316044544,0.0,1.5918002209114246,True,False,True,data-driven candidate without PDE residual selection
burgers,1,0.1,0.05,risky_sensor_overfit,risky,False,physics_filtered_s1.3,6368448515.533663,1588866752.2677505,4.008170292722239,0.21347907607053426,0.07990287284895001,2.671732172526858,0.0,8.277305233210582,True,False,False,fits observed points but injects high-frequency nonphysical structure
burgers,1,0.1,0.05,underfit_oversmooth,underfit,False,physics_filtered_s1.3,1041159406.0460227,1588866752.2677505,0.6552842801701284,0.09930778841669824,0.07990287284895001,1.2428562938304961,0.06281057827308835,0.7116797763227838,True,False,False,oversmoothed challenge candidate; shown for diagnosis but not eligible for safe replacement
burgers,1,0.1,0.05,physics_filtered_s0.4,physics_informed,False,physics_filtered_s1.3,1425495716.991968,1588866752.2677505,0.8971776361720659,0.080216614683797,0.07990287284895001,1.003926540093698,0.0006584582461689301,1.5122580755229624,True,False,False,physics-filtered candidate selected by residual-calibrated certificate
burgers,1,0.1,0.05,physics_filtered_s0.8,physics_informed,True,physics_filtered_s1.3,1246154469.6247091,1588866752.2677505,0.7843039498725135,0.07597645637745938,0.07990287284895001,0.950860133904521,0.005729500709019882,1.1783562029841426,True,False,False,physics-filtered candidate selected by residual-calibrated certificate
burgers,1,0.1,0.05,physics_filtered_s1.3,physics_informed,True,physics_filtered_s1.3,1139884937.6079268,1588866752.2677505,0.7174200957890251,0.0767900174710393,0.07990287284895001,0.9610420092809885,0.0117124494179566,1.0110376521976754,True,False,False,physics-filtered candidate selected by residual-calibrated certificate
burgers,1,0.1,0.05,physics_filtered_s2,physics_informed,False,physics_filtered_s1.3,1048967985.9464576,1588866752.2677505,0.6601988394868804,0.0837636026188969,0.07990287284895001,1.0483177842203117,0.02392307236336677,0.8986498888760867,True,False,False,physics-filtered candidate selected by residual-calibrated certificate
burgers,2,0.1,0.05,data_only_lowrank,data_only,False,physics_filtered_s1.3,1236598551.1829062,1189615864.8787305,1.0394939977611724,0.10935756687523544,0.1076577222574815,1.0157893421957478,0.0,2.074001743062628,True,False,False,data-driven candidate without PDE residual selection
burgers,2,0.1,0.05,risky_sensor_overfit,risky,False,physics_filtered_s1.3,5365208539.954784,1189615864.8787305,4.510034455955842,0.22645579975661997,0.1076577222574815,2.1034793882496365,0.0,8.413973160519149,True,False,False,fits observed points but injects high-frequency nonphysical structure
burgers,2,0.1,0.05,underfit_oversmooth,underfit,False,physics_filtered_s1.3,928951595.3984782,1189615864.8787305,0.780883664066783,0.11903793548468887,0.1076577222574815,1.1057073564949105,0.06316209175391192,0.7585010560295351,True,False,False,oversmoothed challenge candidate; shown for diagnosis but not eligible for safe replacement
burgers,2,0.1,0.05,physics_filtered_s0.4,physics_informed,False,physics_filtered_s1.3,1195895639.9498806,1189615864.8787305,1.0052788259273848,0.1080150452751458,0.1076577222574815,1.003319065359811,0.0006736357773514126,1.954235247438393,True,False,False,physics-filtered candidate selected by residual-calibrated certificate
burgers,2,0.1,0.05,physics_filtered_s0.8,physics_informed,True,physics_filtered_s1.3,1032889267.9852341,1189615864.8787305,0.8682544495911938,0.10308950795559667,0.1076577222574815,0.9575672398871977,0.005917493734033077,1.414418931418975,True,False,False,physics-filtered candidate selected by residual-calibrated certificate
burgers,2,0.1,0.05,physics_filtered_s1.3,physics_informed,True,physics_filtered_s1.3,971201935.7428207,1189615864.8787305,0.816399616393671,0.1024603352135789,0.1076577222574815,0.9517230447025072,0.011984342504285317,1.1601725554649225,True,False,False,physics-filtered candidate selected by residual-calibrated certificate
burgers,2,0.1,0.05,physics_filtered_s2,physics_informed,False,physics_filtered_s1.3,922144394.1256576,1189615864.8787305,0.7751614797266183,0.10644147737771953,0.1076577222574815,0.9887026693928948,0.024287324967725954,0.9890172204884008,True,False,False,physics-filtered candidate selected by residual-calibrated certificate
burgers,3,0.1,0.05,data_only_lowrank,data_only,False,physics_filtered_s1.3,1195679398.553795,1175604141.048081,1.0170765454158885,0.10616196929752089,0.10489717853133149,1.0120574336019874,0.0,2.6923781949909897,True,False,False,data-driven candidate without PDE residual selection
burgers,3,0.1,0.05,risky_sensor_overfit,risky,False,physics_filtered_s1.3,5505581103.052164,1175604141.048081,4.683193016097918,0.22571348169351044,0.10489717853133149,2.1517593213809927,0.0,8.49239323604602,True,False,False,fits observed points but injects high-frequency nonphysical structure
burgers,3,0.1,0.05,underfit_oversmooth,underfit,False,physics_filtered_s1.3,1203787878.5464215,1175604141.048081,1.0239738331248256,0.11257750814714126,0.10489717853133149,1.073217694911046,0.06580513917526484,0.8516830261630192,True,False,False,oversmoothed challenge candidate; shown for diagnosis but not eligible for safe replacement
burgers,3,0.1,0.05,physics_filtered_s0.4,physics_informed,False,physics_filtered_s1.3,1164507406.683863,1175604141.048081,0.9905608240250626,0.10451866016660143,0.10489717853133149,0.9963915295813853,0.0007043045606016196,2.517871326441946,True,False,False,physics-filtered candidate selected by residual-calibrated certificate
burgers,3,0.1,0.05,physics_filtered_s0.8,physics_informed,True,physics_filtered_s1.3,1063793911.4951115,1175604141.048081,0.9048912591841606,0.09824282175290364,0.10489717853133149,0.9365630527671739,0.006239045910233466,1.7084097412166086,True,False,False,physics-filtered candidate selected by residual-calibrated certificate
burgers,3,0.1,0.05,physics_filtered_s1.3,physics_informed,True,physics_filtered_s1.3,1034298722.5160782,1175604141.048081,0.8798018707164256,0.09666762193480098,0.10489717853133149,0.9215464446930383,0.012637111616756678,1.3651029639690633,True,False,False,physics-filtered candidate selected by residual-calibrated certificate
burgers,3,0.1,0.05,physics_filtered_s2,physics_informed,False,physics_filtered_s1.3,1056393802.7024616,1175604141.048081,0.8985965307681374,0.10005574059619265,0.10489717853133149,0.9538458707481192,0.025418983344006055,1.1435545954462154,True,False,False,physics-filtered candidate selected by residual-calibrated certificate
burgers,4,0.1,0.05,data_only_lowrank,data_only,False,physics_filtered_s1.3,1271993912.392378,1114107558.4719284,1.1417155396890057,0.07503802218036647,0.07308283419905937,1.0267530399129692,0.0,1.6305791629914075,True,False,False,data-driven candidate without PDE residual selection
burgers,4,0.1,0.05,risky_sensor_overfit,risky,False,physics_filtered_s1.3,5580429126.140156,1114107558.4719284,5.008878257494349,0.21225940919147235,0.07308283419905937,2.9043675100287767,0.0,8.327282869873429,True,False,False,fits observed points but injects high-frequency nonphysical structure
burgers,4,0.1,0.05,underfit_oversmooth,underfit,False,physics_filtered_s1.3,1137467508.2864954,1114107558.4719284,1.0209674098671468,0.09765504795240418,0.07308283419905937,1.336224149231542,0.06492807996647781,0.7268033166435844,True,False,False,oversmoothed challenge candidate; shown for diagnosis but not eligible for safe replacement
burgers,4,0.1,0.05,physics_filtered_s0.4,physics_informed,False,physics_filtered_s1.3,1236229235.1720994,1114107558.4719284,1.1096139019716094,0.07373229776083237,0.07308283419905937,1.0088866772598766,0.0006986579241707296,1.5486527725892654,True,False,False,physics-filtered candidate selected by residual-calibrated certificate
burgers,4,0.1,0.05,physics_filtered_s0.8,physics_informed,True,physics_filtered_s1.3,1093232627.7039647,1114107558.4719284,0.981263092051368,0.06966212352240968,0.07308283419905937,0.9531940610255244,0.0060224277474845355,1.20192478779928,True,False,False,physics-filtered candidate selected by residual-calibrated certificate
burgers,4,0.1,0.05,physics_filtered_s1.3,physics_informed,True,physics_filtered_s1.3,1043263173.6045612,1114107558.4719284,0.9364115391474995,0.07111746416631276,0.07308283419905937,0.9731076379938066,0.012152173412885426,1.0307216830403085,True,False,False,physics-filtered candidate selected by residual-calibrated certificate
burgers,4,0.1,0.05,physics_filtered_s2,physics_informed,False,physics_filtered_s1.3,1051269746.2038767,1114107558.4719284,0.9435980738213123,0.07948025861666569,0.07308283419905937,1.0875366217885556,0.02467884993939424,0.9138722838142062,True,False,False,physics-filtered candidate selected by residual-calibrated certificate
burgers,5,0.1,0.05,data_only_lowrank,data_only,True,physics_filtered_s1.3,1486702911.3692436,1528011521.9507906,0.9729657728439057,0.0853222294635368,0.08386613347047003,1.0173621452640607,0.0,1.748358977411064,True,False,False,data-driven candidate without PDE residual selection
burgers,5,0.1,0.05,risky_sensor_overfit,risky,False,physics_filtered_s1.3,5255207332.615379,1528011521.9507906,3.4392458807549637,0.21301657324692938,0.08386613347047003,2.5399593903943876,0.0,8.168376926919404,True,False,False,fits observed points but injects high-frequency nonphysical structure
burgers,5,0.1,0.05,underfit_oversmooth,underfit,False,physics_filtered_s1.3,1504566328.5778835,1528011521.9507906,0.9846564027586814,0.10156363093509639,0.08386613347047003,1.211020786711799,0.06341485929999906,0.7431690345087821,True,False,False,oversmoothed challenge candidate; shown for diagnosis but not eligible for safe replacement
burgers,5,0.1,0.05,physics_filtered_s0.4,physics_informed,False,physics_filtered_s1.3,1475495331.558362,1528011521.9507906,0.9656310246107425,0.08405184899546957,0.08386613347047003,1.0022144281167165,0.0006970271982988598,1.654482298714921,True,False,False,physics-filtered candidate selected by residual-calibrated certificate
burgers,5,0.1,0.05,physics_filtered_s0.8,physics_informed,True,physics_filtered_s1.3,1456077801.9853268,1528011521.9507906,0.9529233131216006,0.08004608512633757,0.08386613347047003,0.9544506442945532,0.005947446744343752,1.2546602735757986,True,False,False,physics-filtered candidate selected by residual-calibrated certificate
burgers,5,0.1,0.05,physics_filtered_s1.3,physics_informed,True,physics_filtered_s1.3,1432293192.4850924,1528011521.9507906,0.9373575865818761,0.0806613052332098,0.08386613347047003,0.9617863837808801,0.011810054053798827,1.0717622035416112,True,False,False,physics-filtered candidate selected by residual-calibrated certificate
burgers,5,0.1,0.05,physics_filtered_s2,physics_informed,False,physics_filtered_s1.3,1409416528.7746003,1528011521.9507906,0.9223860609213327,0.08671055710383634,0.08386613347047003,1.0339162366813288,0.023938303671090098,0.945324542398521,True,False,False,physics-filtered candidate selected by residual-calibrated certificate
burgers,1,0.2,0.0,data_only_lowrank,data_only,True,data_only_lowrank,470972778.34721124,471689304.00517803,0.9984809372358401,0.054163515558322,0.05418159570159508,0.9996663046918677,0.0,1.2012162373402417,False,True,False,data-driven candidate without PDE residual selection
burgers,1,0.2,0.0,risky_sensor_overfit,risky,False,data_only_lowrank,5407260918.647658,471689304.00517803,11.463607236233408,0.20466475591318947,0.05418159570159508,3.7773851666643856,0.0,7.565065899900705,False,True,False,fits observed points but injects high-frequency nonphysical structure
burgers,1,0.2,0.0,underfit_oversmooth,underfit,False,data_only_lowrank,849974254.7411295,471689304.00517803,1.8019790729276295,0.09581569895693434,0.05418159570159508,1.7684178126253516,0.054873935741985035,0.7057314811251927,False,True,False,oversmoothed challenge candidate; shown for diagnosis but not eligible for safe replacement
burgers,1,0.2,0.0,physics_filtered_s0.4,physics_informed,False,data_only_lowrank,468578690.1784323,471689304.00517803,0.9934053755293302,0.05405953539839433,0.05418159570159508,0.9977471999002994,0.0004948459273839725,1.1557795593704863,False,True,False,physics-filtered candidate selected by residual-calibrated certificate
burgers,1,0.2,0.0,physics_filtered_s0.8,physics_informed,False,data_only_lowrank,482587647.17554694,471689304.00517803,1.0231049190173056,0.055818652849727826,0.05418159570159508,1.0302142660418976,0.0042093736577112,0.9616529914913978,False,True,False,physics-filtered candidate selected by residual-calibrated certificate
burgers,1,0.2,0.0,physics_filtered_s1.3,physics_informed,False,data_only_lowrank,530410764.03937453,471689304.00517803,1.1244918202206082,0.061935217705445855,0.05418159570159508,1.1431043494069595,0.009021524180700922,0.8852217677120245,False,True,False,physics-filtered candidate selected by residual-calibrated certificate
burgers,1,0.2,0.0,physics_filtered_s2,physics_informed,False,data_only_lowrank,638240621.4016945,471689304.00517803,1.3530953871167029,0.07483684554280032,0.05418159570159508,1.381222619458879,0.019693653343053424,0.8468107179485627,False,True,False,physics-filtered candidate selected by residual-calibrated certificate
burgers,2,0.2,0.0,data_only_lowrank,data_only,True,data_only_lowrank,317691508.96426105,319113736.67371845,0.9955431949615144,0.06583997218415283,0.06584428805126764,0.9999344534166518,0.0,1.1057054794115246,False,True,False,data-driven candidate without PDE residual selection
burgers,2,0.2,0.0,risky_sensor_overfit,risky,False,data_only_lowrank,5975647511.547225,319113736.67371845,18.725760833220086,0.21178293482778648,0.06584428805126764,3.2164207571000194,0.0,7.555804214207721,False,True,False,fits observed points but injects high-frequency nonphysical structure
burgers,2,0.2,0.0,underfit_oversmooth,underfit,False,data_only_lowrank,747612024.7915857,319113736.67371845,2.3427760665658535,0.0974230968822157,0.06584428805126764,1.4795983032709015,0.05167469708635743,0.6951031382754638,False,True,False,oversmoothed challenge candidate; shown for diagnosis but not eligible for safe replacement
burgers,2,0.2,0.0,physics_filtered_s0.4,physics_informed,False,data_only_lowrank,318373948.5777534,319113736.67371845,0.9976817416145222,0.06515880396838315,0.06584428805126764,0.9895893158820344,0.0004244954557249496,1.07332033199792,False,True,False,physics-filtered candidate selected by residual-calibrated certificate
burgers,2,0.2,0.0,physics_filtered_s0.8,physics_informed,False,data_only_lowrank,351011282.4219268,319113736.67371845,1.0999566677407635,0.06331929463753386,0.06584428805126764,0.9616520507788097,0.0037024697121030648,0.93308489200318,False,True,False,physics-filtered candidate selected by residual-calibrated certificate
burgers,2,0.2,0.0,physics_filtered_s1.3,physics_informed,False,data_only_lowrank,412154460.8091291,319113736.67371845,1.291559758928652,0.06678743358392977,0.06584428805126764,1.01432387773581,0.0082109098063412,0.8555655669238154,False,True,False,physics-filtered candidate selected by residual-calibrated certificate
burgers,2,0.2,0.0,physics_filtered_s2,physics_informed,False,data_only_lowrank,528380440.0165442,319113736.67371845,1.6557746636798432,0.0776476323334458,0.06584428805126764,1.179261476284907,0.018304244479680935,0.8199328888978448,False,True,False,physics-filtered candidate selected by residual-calibrated certificate
burgers,3,0.2,0.0,data_only_lowrank,data_only,True,data_only_lowrank,461443871.95957816,464240225.90444326,0.9939764936581762,0.0562382884854291,0.056245932824036,0.9998640908022509,0.0,1.0706957592554986,False,True,False,data-driven candidate without PDE residual selection
burgers,3,0.2,0.0,risky_sensor_overfit,risky,False,data_only_lowrank,6052828094.315117,464240225.90444326,13.038137922070112,0.20831025733292427,0.056245932824036,3.70356125092483,0.0,7.594684553121594,False,True,False,fits observed points but injects high-frequency nonphysical structure
burgers,3,0.2,0.0,underfit_oversmooth,underfit,False,data_only_lowrank,811580587.8155856,464240225.90444326,1.748191006573043,0.09034051591237269,0.056245932824036,1.6061697508581567,0.057584063450307615,0.7120527278409562,False,True,False,oversmoothed challenge candidate; shown for diagnosis but not eligible for safe replacement
burgers,3,0.2,0.0,physics_filtered_s0.4,physics_informed,False,data_only_lowrank,459431728.2866963,464240225.90444326,0.9896422210971078,0.05558445373172664,0.056245932824036,0.9882395213291774,0.0004823228691054929,1.0481971466420792,False,True,False,physics-filtered candidate selected by residual-calibrated certificate
burgers,3,0.2,0.0,physics_filtered_s0.8,physics_informed,False,data_only_lowrank,468977225.55702585,464240225.90444326,1.01020376819642,0.054338873310683274,0.056245932824036,0.966094268179621,0.004256780569101129,0.9481255527348073,False,True,False,physics-filtered candidate selected by residual-calibrated certificate
burgers,3,0.2,0.0,physics_filtered_s1.3,physics_informed,False,data_only_lowrank,507913663.4267514,464240225.90444326,1.0940750824365177,0.058721031210120324,0.056245932824036,1.0440049308593318,0.00939970972436118,0.8872482198793137,False,True,False,physics-filtered candidate selected by residual-calibrated certificate
burgers,3,0.2,0.0,physics_filtered_s2,physics_informed,False,data_only_lowrank,604649931.3874557,464240225.90444326,1.3024505367010433,0.07031421587822696,0.056245932824036,1.2501208949090261,0.020737133168546498,0.8538469726112872,False,True,False,physics-filtered candidate selected by residual-calibrated certificate
burgers,4,0.2,0.0,data_only_lowrank,data_only,True,data_only_lowrank,423297937.516128,432193538.5454334,0.9794175520086581,0.05515336259010808,0.055162450734678514,0.9998352476104808,0.0,1.0366593596118023,False,False,False,data-driven candidate without PDE residual selection
burgers,4,0.2,0.0,risky_sensor_overfit,risky,False,data_only_lowrank,5116924650.603099,432193538.5454334,11.839428853620387,0.20563166494252913,0.055162450734678514,3.727747085202084,0.0,7.493304116744975,False,False,False,fits observed points but injects high-frequency nonphysical structure
burgers,4,0.2,0.0,underfit_oversmooth,underfit,False,data_only_lowrank,832617586.5657637,432193538.5454334,1.926492444491362,0.09038588353061543,0.055162450734678514,1.6385400272318713,0.05512144516174881,0.700712998769534,False,False,False,oversmoothed challenge candidate; shown for diagnosis but not eligible for safe replacement
burgers,4,0.2,0.0,physics_filtered_s0.4,physics_informed,False,data_only_lowrank,420249941.04644054,432193538.5454334,0.9723651641364432,0.05475207962196643,0.055162450734678514,0.9925606801684999,0.00046564862620754907,1.0081578123739494,False,False,False,physics-filtered candidate selected by residual-calibrated certificate
burgers,4,0.2,0.0,physics_filtered_s0.8,physics_informed,True,data_only_lowrank,429649718.5930129,432193538.5454334,0.9941141647767762,0.05461755069027235,0.055162450734678514,0.9901219028861289,0.004090794994747169,0.8935197723426309,False,False,False,physics-filtered candidate selected by residual-calibrated certificate
burgers,4,0.2,0.0,physics_filtered_s1.3,physics_informed,False,data_only_lowrank,485386159.99273914,432193538.5454334,1.123075929423489,0.05926831983008532,0.055162450734678514,1.074432318355123,0.008979054548287556,0.8482215916335623,False,False,False,physics-filtered candidate selected by residual-calibrated certificate
burgers,4,0.2,0.0,physics_filtered_s2,physics_informed,False,data_only_lowrank,605275376.7141265,432193538.5454334,1.4004729889095697,0.07075826290124806,0.055162450734678514,1.2827251501261225,0.019783966570436795,0.8333135837155974,False,False,False,physics-filtered candidate selected by residual-calibrated certificate
burgers,5,0.2,0.0,data_only_lowrank,data_only,True,data_only_lowrank,247877635.90699047,248077162.86240187,0.9991957060734281,0.04830668935095329,0.048309570441975695,0.9999403618786922,0.0,1.1401729505880218,False,True,False,data-driven candidate without PDE residual selection
burgers,5,0.2,0.0,risky_sensor_overfit,risky,False,data_only_lowrank,6199053795.565956,248077162.86240187,24.988409751381727,0.2023375190477908,0.048309570441975695,4.1883526844153725,0.0,7.5552691411894966,False,True,False,fits observed points but injects high-frequency nonphysical structure
burgers,5,0.2,0.0,underfit_oversmooth,underfit,False,data_only_lowrank,710038485.4103472,248077162.86240187,2.8621678723574253,0.094933740970387,0.048309570441975695,1.9651125046215465,0.056773567138178486,0.7162835742265425,False,True,False,oversmoothed challenge candidate; shown for diagnosis but not eligible for safe replacement
burgers,5,0.2,0.0,physics_filtered_s0.4,physics_informed,False,data_only_lowrank,244411637.80066207,248077162.86240187,0.9852242543431017,0.04788656318707641,0.048309570441975695,0.9912438207994708,0.00047376715977561417,1.1043303277499796,False,True,False,physics-filtered candidate selected by residual-calibrated certificate
burgers,5,0.2,0.0,physics_filtered_s0.8,physics_informed,False,data_only_lowrank,267474453.80274272,248077162.86240187,1.078190554569909,0.04812129108824173,0.048309570441975695,0.9961026489573902,0.004210725102935441,0.9510197747921819,False,True,False,physics-filtered candidate selected by residual-calibrated certificate
burgers,5,0.2,0.0,physics_filtered_s1.3,physics_informed,False,data_only_lowrank,337178136.9322244,248077162.86240187,1.3591663700186831,0.05493673143949924,0.048309570441975695,1.1371811203402482,0.009358336919344956,0.8825271922098337,False,True,False,physics-filtered candidate selected by residual-calibrated certificate
burgers,5,0.2,0.0,physics_filtered_s2,physics_informed,False,data_only_lowrank,472720018.0267641,248077162.86240187,1.9055362153144355,0.0704487530343318,0.048309570441975695,1.458277363850483,0.020550434141083464,0.8548390756580975,False,True,False,physics-filtered candidate selected by residual-calibrated certificate
burgers,1,0.2,0.01,data_only_lowrank,data_only,False,baseline_linear,305548006.87174046,265143334.28444457,1.1523880383277896,0.04903117915102894,0.04857241184042255,1.0094450181124248,0.0,1.0665757550415695,False,True,False,data-driven candidate without PDE residual selection
burgers,1,0.2,0.01,risky_sensor_overfit,risky,False,baseline_linear,4850262596.204508,265143334.28444457,18.292983337839328,0.20353149625644953,0.04857241184042255,4.190269507738916,0.0,7.598325192485379,False,True,False,fits observed points but injects high-frequency nonphysical structure
burgers,1,0.2,0.01,underfit_oversmooth,underfit,False,baseline_linear,693024533.0527374,265143334.28444457,2.6137731688523753,0.09000959893597331,0.04857241184042255,1.85310128782226,0.05807412987625393,0.7052340036575827,False,True,False,oversmoothed challenge candidate; shown for diagnosis but not eligible for safe replacement
burgers,1,0.2,0.01,physics_filtered_s0.4,physics_informed,False,baseline_linear,293369155.1336576,265143334.28444457,1.10645495171654,0.04838912359176588,0.04857241184042255,0.9962264947794839,0.0004988457435913949,1.0336796922801337,False,True,False,physics-filtered candidate selected by residual-calibrated certificate
burgers,1,0.2,0.01,physics_filtered_s0.8,physics_informed,False,baseline_linear,285379926.0917163,265143334.28444457,1.076323215372867,0.04774400772426071,0.04857241184042255,0.9829449663758436,0.004450640487938164,0.9047788438750652,False,True,False,physics-filtered candidate selected by residual-calibrated certificate
burgers,1,0.2,0.01,physics_filtered_s1.3,physics_informed,False,baseline_linear,345199588.8964472,265143334.28444457,1.3019357617571432,0.05411277734100579,0.04857241184042255,1.114064039431915,0.009766875775444986,0.8460300616310401,False,True,False,physics-filtered candidate selected by residual-calibrated certificate
burgers,1,0.2,0.01,physics_filtered_s2,physics_informed,False,baseline_linear,468175964.215823,265143334.28444457,1.7657466874636416,0.06858920634088818,0.04857241184042255,1.412102132478324,0.021196846411820874,0.8322879371679356,False,True,False,physics-filtered candidate selected by residual-calibrated certificate
burgers,2,0.2,0.01,data_only_lowrank,data_only,True,physics_filtered_s0.8,324480707.202314,331151617.3800543,0.9798554202135022,0.05883567263939761,0.05860524742595779,1.0039318187799993,0.0,1.0906906238937564,True,False,False,data-driven candidate without PDE residual selection
burgers,2,0.2,0.01,risky_sensor_overfit,risky,False,physics_filtered_s0.8,5068514705.33476,331151617.3800543,15.305722331767306,0.2069971046373257,0.05860524742595779,3.5320575157594036,0.0,7.561395499280971,True,False,False,fits observed points but injects high-frequency nonphysical structure
burgers,2,0.2,0.01,underfit_oversmooth,underfit,False,physics_filtered_s0.8,719393721.6970112,331151617.3800543,2.172399843275962,0.09225121434504756,0.05860524742595779,1.5741118482610994,0.05221882118147593,0.6876005364477656,True,False,False,oversmoothed challenge candidate; shown for diagnosis but not eligible for safe replacement
burgers,2,0.2,0.01,physics_filtered_s0.4,physics_informed,False,physics_filtered_s0.8,310521175.41243947,331151617.3800543,0.9377009173899404,0.05783203401102209,0.05860524742595779,0.9868064132499502,0.0004955622271570453,1.056850038763136,True,False,False,physics-filtered candidate selected by residual-calibrated certificate
burgers,2,0.2,0.01,physics_filtered_s0.8,physics_informed,True,physics_filtered_s0.8,288952211.4517878,331151617.3800543,0.8725677190945582,0.055229520550087924,0.05860524742595779,0.9423988972817293,0.004217796358423532,0.915242351036424,True,False,False,physics-filtered candidate selected by residual-calibrated certificate
burgers,2,0.2,0.01,physics_filtered_s1.3,physics_informed,False,physics_filtered_s0.8,345704560.4979031,331151617.3800543,1.0439464654679513,0.05921336220593694,0.05860524742595779,1.0103764561311182,0.008912611182517658,0.8422803286109548,True,False,False,physics-filtered candidate selected by residual-calibrated certificate
burgers,2,0.2,0.01,physics_filtered_s2,physics_informed,False,physics_filtered_s0.8,467911761.9795461,331151617.3800543,1.4129834716843181,0.07159466718069228,0.05860524742595779,1.2216426058080168,0.01902632747716237,0.8095085699264266,True,False,False,physics-filtered candidate selected by residual-calibrated certificate
burgers,3,0.2,0.01,data_only_lowrank,data_only,False,physics_filtered_s0.8,330596127.08151275,329291089.05466884,1.0039631744381252,0.0614740997972617,0.061182715403067044,1.0047625279667676,0.0,1.0899713723225508,False,False,False,data-driven candidate without PDE residual selection
burgers,3,0.2,0.01,risky_sensor_overfit,risky,False,physics_filtered_s0.8,5385781660.902613,329291089.05466884,16.355686017390124,0.2095406295941981,0.061182715403067044,3.4248337657185637,0.0,7.508670011372763,False,False,False,fits observed points but injects high-frequency nonphysical structure
burgers,3,0.2,0.01,underfit_oversmooth,underfit,False,physics_filtered_s0.8,732895440.7451504,329291089.05466884,2.225676506610464,0.10237468569201502,0.061182715403067044,1.6732615578747227,0.05370416944926803,0.687757908042373,False,False,False,oversmoothed challenge candidate; shown for diagnosis but not eligible for safe replacement
burgers,3,0.2,0.01,physics_filtered_s0.4,physics_informed,False,physics_filtered_s0.8,320864310.97924304,329291089.05466884,0.9744093346114605,0.06078699731008922,0.061182715403067044,0.9935321913817589,0.0005015625888990997,1.0615706436427377,False,False,False,physics-filtered candidate selected by residual-calibrated certificate
burgers,3,0.2,0.01,physics_filtered_s0.8,physics_informed,True,physics_filtered_s0.8,313058615.03412807,329291089.05466884,0.9507047880732483,0.06000002117604245,0.061182715403067044,0.9806694714313714,0.0042526885879429445,0.9352861834697794,False,False,False,physics-filtered candidate selected by residual-calibrated certificate
burgers,3,0.2,0.01,physics_filtered_s1.3,physics_informed,False,physics_filtered_s0.8,368236086.33342594,329291089.05466884,1.1182692109603107,0.06613414306231521,0.061182715403067044,1.0809285371783128,0.009075752098162087,0.856575823178399,False,False,False,physics-filtered candidate selected by residual-calibrated certificate
burgers,3,0.2,0.01,physics_filtered_s2,physics_informed,False,physics_filtered_s0.8,489412839.5513618,329291089.05466884,1.4862620211083502,0.08034510041453366,0.061182715403067044,1.3131993224542764,0.019519044989505022,0.8169790213393502,False,False,False,physics-filtered candidate selected by residual-calibrated certificate
burgers,4,0.2,0.01,data_only_lowrank,data_only,True,physics_filtered_s0.8,366092703.20038044,368111231.4270279,0.9945165263802944,0.07098521971727655,0.070688976874031,1.0041907926149398,0.0,1.121022606086426,False,False,False,data-driven candidate without PDE residual selection
burgers,4,0.2,0.01,risky_sensor_overfit,risky,False,physics_filtered_s0.8,4722438397.454668,368111231.4270279,12.828835401591965,0.2100877830040941,0.070688976874031,2.972002033294416,0.0,7.562575991324633,False,False,False,fits observed points but injects high-frequency nonphysical structure
burgers,4,0.2,0.01,underfit_oversmooth,underfit,False,physics_filtered_s0.8,724531941.842277,368111231.4270279,1.9682418790471048,0.09487886583195815,0.070688976874031,1.3422017127181194,0.05130330439313363,0.7020305946118233,False,False,False,oversmoothed challenge candidate; shown for diagnosis but not eligible for safe replacement
burgers,4,0.2,0.01,physics_filtered_s0.4,physics_informed,False,physics_filtered_s0.8,351200574.1125171,368111231.4270279,0.9540610123495702,0.07064706938825951,0.070688976874031,0.9994071566936726,0.000453294777392213,1.0897515559941462,False,False,False,physics-filtered candidate selected by residual-calibrated certificate
burgers,4,0.2,0.01,physics_filtered_s0.8,physics_informed,True,physics_filtered_s0.8,321238371.2062606,368111231.4270279,0.8726665849366809,0.0700775541686997,0.070688976874031,0.9913505226223287,0.003945970454633279,0.9608380644202402,False,False,False,physics-filtered candidate selected by residual-calibrated certificate
burgers,4,0.2,0.01,physics_filtered_s1.3,physics_informed,False,physics_filtered_s0.8,373289768.3630238,368111231.4270279,1.014067859097699,0.07218775520374739,0.070688976874031,1.0212024334623775,0.008429584894267934,0.8871934392982472,False,False,False,physics-filtered candidate selected by residual-calibrated certificate
burgers,4,0.2,0.01,physics_filtered_s2,physics_informed,False,physics_filtered_s0.8,492502416.19648975,368111231.4270279,1.3379173851535155,0.07947030325760693,0.070688976874031,1.1242248334998564,0.018365306803832974,0.8379911280786524,False,False,False,physics-filtered candidate selected by residual-calibrated certificate
burgers,5,0.2,0.01,data_only_lowrank,data_only,False,baseline_linear,293794811.93819225,264028129.69491136,1.112740571535604,0.06985293536782793,0.06964514328513723,1.0029835832318843,0.0,1.3226071574543343,False,True,False,data-driven candidate without PDE residual selection
burgers,5,0.2,0.01,risky_sensor_overfit,risky,False,baseline_linear,5771312907.225944,264028129.69491136,21.858704653533643,0.21151769205981633,0.06964514328513723,3.037077419609798,0.0,7.618153280986782,False,True,False,fits observed points but injects high-frequency nonphysical structure
burgers,5,0.2,0.01,underfit_oversmooth,underfit,False,baseline_linear,738756050.0732217,264028129.69491136,2.7980202371878553,0.09619960505142491,0.06964514328513723,1.3812823193742112,0.054348100665031276,0.7382507166728226,False,True,False,oversmoothed challenge candidate; shown for diagnosis but not eligible for safe replacement
burgers,5,0.2,0.01,physics_filtered_s0.4,physics_informed,False,baseline_linear,285691787.15284216,264028129.69491136,1.082050565911153,0.06917774281136957,0.06964514328513723,0.993288828872857,0.0004888334341572653,1.2759547949739392,False,True,False,physics-filtered candidate selected by residual-calibrated certificate
burgers,5,0.2,0.01,physics_filtered_s0.8,physics_informed,False,baseline_linear,300425530.8703488,264028129.69491136,1.13785425521703,0.06729213968562367,0.06964514328513723,0.9662143907027911,0.004190928527527734,1.0711468741831547,False,True,False,physics-filtered candidate selected by residual-calibrated certificate
burgers,5,0.2,0.01,physics_filtered_s1.3,physics_informed,False,baseline_linear,374285851.3534005,264028129.69491136,1.4175983891788109,0.06971530617822848,0.06964514328513723,1.0010074340977804,0.008906437775120332,0.9678696003933812,False,True,False,physics-filtered candidate selected by residual-calibrated certificate
burgers,5,0.2,0.01,physics_filtered_s2,physics_informed,False,baseline_linear,506170914.25425917,264028129.69491136,1.9171097975020601,0.07863687848418027,0.06964514328513723,1.1291078569700184,0.019417890855477956,0.9065887388372577,False,True,False,physics-filtered candidate selected by residual-calibrated certificate
burgers,1,0.2,0.03,data_only_lowrank,data_only,False,physics_filtered_s1.3,969124940.0906175,806917113.6294644,1.2010216709019246,0.05037195892598058,0.04774117618395725,1.0551051094935584,0.0,1.2824396692844138,False,False,False,data-driven candidate without PDE residual selection
burgers,1,0.2,0.03,risky_sensor_overfit,risky,False,physics_filtered_s1.3,5618713031.39036,806917113.6294644,6.963184863086778,0.20455205798394108,0.04774117618395725,4.284604493016101,0.0,7.655218917646583,False,False,False,fits observed points but injects high-frequency nonphysical structure
burgers,1,0.2,0.03,underfit_oversmooth,underfit,False,physics_filtered_s1.3,833993540.4745317,806917113.6294644,1.0335554004094412,0.09676806030930893,0.04774117618395725,2.026930797314532,0.05817040187554515,0.7238934517604352,False,False,False,oversmoothed challenge candidate; shown for diagnosis but not eligible for safe replacement
burgers,1,0.2,0.03,physics_filtered_s0.4,physics_informed,False,physics_filtered_s1.3,928419106.5342642,806917113.6294644,1.1505755558440087,0.04913528444241407,0.04774117618395725,1.0292013806290783,0.0006352848813106768,1.2249518462267397,False,False,False,physics-filtered candidate selected by residual-calibrated certificate
burgers,1,0.2,0.03,physics_filtered_s0.8,physics_informed,True,physics_filtered_s1.3,770059528.5388442,806917113.6294644,0.954322960229661,0.04799272952500773,0.04774117618395725,1.0052691064643218,0.005333829906898182,1.0080494370361985,False,False,False,physics-filtered candidate selected by residual-calibrated certificate
burgers,1,0.2,0.03,physics_filtered_s1.3,physics_informed,True,physics_filtered_s1.3,710896354.2172399,806917113.6294644,0.8810029459155613,0.056040797734685795,0.04774117618395725,1.1738461892428966,0.010741643386905282,0.9254421897620071,False,False,True,physics-filtered candidate selected by residual-calibrated certificate
burgers,1,0.2,0.03,physics_filtered_s2,physics_informed,False,physics_filtered_s1.3,716940807.3656821,806917113.6294644,0.8884937439744285,0.0725326091341452,0.04774117618395725,1.5192882733584492,0.02200489786089805,0.890010465896425,False,False,False,physics-filtered candidate selected by residual-calibrated certificate
burgers,2,0.2,0.03,data_only_lowrank,data_only,False,physics_filtered_s1.3,937182136.5058677,864338586.6642843,1.084276637611085,0.05499273567755636,0.05189946610308037,1.0596011829345735,0.0,1.255669256488654,False,False,False,data-driven candidate without PDE residual selection
burgers,2,0.2,0.03,risky_sensor_overfit,risky,False,physics_filtered_s1.3,5378795102.569043,864338586.6642843,6.223018601225781,0.20653286514241234,0.05189946610308037,3.9794795716824263,0.0,7.4916485326790765,False,False,False,fits observed points but injects high-frequency nonphysical structure
burgers,2,0.2,0.03,underfit_oversmooth,underfit,False,physics_filtered_s1.3,682920014.9974416,864338586.6642843,0.7901070547284186,0.09737386405937584,0.05189946610308037,1.8762016523272145,0.05885262995083105,0.7165048344220312,False,False,False,oversmoothed challenge candidate; shown for diagnosis but not eligible for safe replacement
burgers,2,0.2,0.03,physics_filtered_s0.4,physics_informed,False,physics_filtered_s1.3,891344518.7973448,864338586.6642843,1.031244621667631,0.05364405105678964,0.05189946610308037,1.0336146994115631,0.0006253963561886777,1.199591220671807,False,False,False,physics-filtered candidate selected by residual-calibrated certificate
burgers,2,0.2,0.03,physics_filtered_s0.8,physics_informed,True,physics_filtered_s1.3,713653984.8336567,864338586.6642843,0.8256648445927189,0.05140503741661513,0.05189946610308037,0.9904733376934226,0.005235498188806495,0.9933491048806635,False,False,False,physics-filtered candidate selected by residual-calibrated certificate
burgers,2,0.2,0.03,physics_filtered_s1.3,physics_informed,True,physics_filtered_s1.3,628332571.5993284,864338586.6642843,0.7269518928042229,0.05768813721909014,0.05189946610308037,1.1115362362957846,0.010659294488920834,0.9087759963761304,False,False,True,physics-filtered candidate selected by residual-calibrated certificate
burgers,2,0.2,0.03,physics_filtered_s2,physics_informed,False,physics_filtered_s1.3,582839241.4426463,864338586.6642843,0.6743182017269183,0.07309699280240285,0.05189946610308037,1.4084343884349886,0.022046199811093965,0.869149574806101,False,False,False,physics-filtered candidate selected by residual-calibrated certificate
burgers,3,0.2,0.03,data_only_lowrank,data_only,False,physics_filtered_s1.3,900831395.8787316,802285772.4078397,1.1228310744875039,0.06651251162983202,0.06457592953991949,1.0299892251289295,0.0,1.351699239824468,False,False,False,data-driven candidate without PDE residual selection
burgers,3,0.2,0.03,risky_sensor_overfit,risky,False,physics_filtered_s1.3,5564859297.669863,802285772.4078397,6.936255744593939,0.2109662667195419,0.06457592953991949,3.266948973392013,0.0,7.536579588796476,False,False,False,fits observed points but injects high-frequency nonphysical structure
burgers,3,0.2,0.03,underfit_oversmooth,underfit,False,physics_filtered_s1.3,929481932.8487452,802285772.4078397,1.1585422112860875,0.09782436488148864,0.06457592953991949,1.5148735074653596,0.055612499981984184,0.7406906656387198,False,False,False,oversmoothed challenge candidate; shown for diagnosis but not eligible for safe replacement
burgers,3,0.2,0.03,physics_filtered_s0.4,physics_informed,False,physics_filtered_s1.3,866136002.2248875,802285772.4078397,1.07958539464737,0.06557154581219901,0.06457592953991949,1.0154177613602702,0.0005791468745908275,1.2903826400430725,False,False,False,physics-filtered candidate selected by residual-calibrated certificate
burgers,3,0.2,0.03,physics_filtered_s0.8,physics_informed,True,physics_filtered_s1.3,740241125.2479362,802285772.4078397,0.9226651533733504,0.06382351593755554,0.06457592953991949,0.9883483891178497,0.004873330013920055,1.056599765215288,False,False,False,physics-filtered candidate selected by residual-calibrated certificate
burgers,3,0.2,0.03,physics_filtered_s1.3,physics_informed,True,physics_filtered_s1.3,732128825.3679551,802285772.4078397,0.9125536692127447,0.06768514479658551,0.06457592953991949,1.04814820750967,0.00983911338917741,0.9610451946313067,False,False,True,physics-filtered candidate selected by residual-calibrated certificate
burgers,3,0.2,0.03,physics_filtered_s2,physics_informed,False,physics_filtered_s1.3,786581721.5456787,802285772.4078397,0.9804258639474193,0.0783477988519094,0.06457592953991949,1.2132662961090348,0.020462958118754017,0.9100015855427739,False,False,False,physics-filtered candidate selected by residual-calibrated certificate
burgers,4,0.2,0.03,data_only_lowrank,data_only,False,physics_filtered_s0.8,687865681.0113387,687139167.4383972,1.0010573019373208,0.04810718632837787,0.044573613834317904,1.079274983314459,0.0,1.3046834773930212,True,False,False,data-driven candidate without PDE residual selection
burgers,4,0.2,0.03,risky_sensor_overfit,risky,False,physics_filtered_s0.8,6258249970.337224,687139167.4383972,9.107689194413856,0.20485363300057613,0.044573613834317904,4.595849772410878,0.0,7.525204390262915,True,False,False,fits observed points but injects high-frequency nonphysical structure
burgers,4,0.2,0.03,underfit_oversmooth,underfit,False,physics_filtered_s0.8,927393568.3505154,687139167.4383972,1.349644456752143,0.08934766285137863,0.044573613834317904,2.0044967226907686,0.056994333148748355,0.7210771218582324,True,False,False,oversmoothed challenge candidate; shown for diagnosis but not eligible for safe replacement
burgers,4,0.2,0.03,physics_filtered_s0.4,physics_informed,False,physics_filtered_s0.8,668166533.6240777,687139167.4383972,0.9723889501379349,0.046676952436767956,0.044573613834317904,1.0471879755862081,0.0005696053662168068,1.2408694428494487,True,False,False,physics-filtered candidate selected by residual-calibrated certificate
burgers,4,0.2,0.03,physics_filtered_s0.8,physics_informed,True,physics_filtered_s0.8,618932900.3168052,687139167.4383972,0.900738787201056,0.0439667957294467,0.044573613834317904,0.9863861586786936,0.004863607059717258,1.005693596727304,True,False,False,physics-filtered candidate selected by residual-calibrated certificate
burgers,4,0.2,0.03,physics_filtered_s1.3,physics_informed,True,physics_filtered_s0.8,632023698.6793641,687139167.4383972,0.9197899474068705,0.05000955041277755,0.044573613834317904,1.1219541363090573,0.010053130624838782,0.9206808213195252,True,False,True,physics-filtered candidate selected by residual-calibrated certificate
burgers,4,0.2,0.03,physics_filtered_s2,physics_informed,False,physics_filtered_s0.8,710797037.8874859,687139167.4383972,1.0344295181677439,0.0651335935407436,0.044573613834317904,1.4612589811852994,0.021126507006106524,0.8812602635637469,True,False,False,physics-filtered candidate selected by residual-calibrated certificate
burgers,5,0.2,0.03,data_only_lowrank,data_only,False,physics_filtered_s1.3,1117414824.237366,932208600.1457585,1.198674657220121,0.07015326325050548,0.06752821137960496,1.0388734103307595,0.0,1.3088706427271135,False,False,False,data-driven candidate without PDE residual selection
burgers,5,0.2,0.03,risky_sensor_overfit,risky,False,physics_filtered_s1.3,6106808595.748275,932208600.1457585,6.5509035153649355,0.21408342594212618,0.06752821137960496,3.170281302661807,0.0,7.609331990550543,False,False,False,fits observed points but injects high-frequency nonphysical structure
burgers,5,0.2,0.03,underfit_oversmooth,underfit,False,physics_filtered_s1.3,949809055.7816895,932208600.1457585,1.0188803832459592,0.09586443629326545,0.06752821137960496,1.4196205457442197,0.05548394437443975,0.7366263543511288,False,False,False,oversmoothed challenge candidate; shown for diagnosis but not eligible for safe replacement
burgers,5,0.2,0.03,physics_filtered_s0.4,physics_informed,False,physics_filtered_s1.3,1074924607.2182915,932208600.1457585,1.1530944973584434,0.0689559610440505,0.06752821137960496,1.0211430102212895,0.0005592275006296821,1.2515397861032789,False,False,False,physics-filtered candidate selected by residual-calibrated certificate
burgers,5,0.2,0.03,physics_filtered_s0.8,physics_informed,True,physics_filtered_s1.3,898115082.8322191,932208600.1457585,0.9634271585692209,0.06591475010918912,0.06752821137960496,0.97610685610608,0.0046557360846702,1.0364789266841063,False,False,False,physics-filtered candidate selected by residual-calibrated certificate
burgers,5,0.2,0.03,physics_filtered_s1.3,physics_informed,True,physics_filtered_s1.3,828449596.0566108,932208600.1457585,0.888695508630875,0.06837962395195864,0.06752821137960496,1.0126082500031715,0.0094849697932919,0.9499112372910967,False,False,False,physics-filtered candidate selected by residual-calibrated certificate
burgers,5,0.2,0.03,physics_filtered_s2,physics_informed,False,physics_filtered_s1.3,824876594.0306311,932208600.1457585,0.8848626733347609,0.07765149218184583,0.06752821137960496,1.1499118752632682,0.020092270323301506,0.9058004935483461,False,False,False,physics-filtered candidate selected by residual-calibrated certificate
burgers,1,0.2,0.05,data_only_lowrank,data_only,False,physics_filtered_s1.3,1783436436.3977358,1476275461.5447507,1.20806481097476,0.06378226400290417,0.058270611673013686,1.094587171312438,0.0,1.7838182318698985,True,False,False,data-driven candidate without PDE residual selection
burgers,1,0.2,0.05,risky_sensor_overfit,risky,False,physics_filtered_s1.3,5481174655.487414,1476275461.5447507,3.7128400479894195,0.20845278022616162,0.058270611673013686,3.577322671543588,0.0,7.608757621430084,True,False,False,fits observed points but injects high-frequency nonphysical structure
burgers,1,0.2,0.05,underfit_oversmooth,underfit,False,physics_filtered_s1.3,1231713524.472768,1476275461.5447507,0.8343385476203222,0.09474791039578684,0.058270611673013686,1.6259982120290757,0.06644151959147833,0.7896569025741778,True,False,False,oversmoothed challenge candidate; shown for diagnosis but not eligible for safe replacement
burgers,1,0.2,0.05,physics_filtered_s0.4,physics_informed,False,physics_filtered_s1.3,1707870468.269045,1476275461.5447507,1.1568779084642897,0.06120075250295656,0.058270611673013686,1.0502850535589898,0.0007660351382861692,1.6798133689375339,True,False,False,physics-filtered candidate selected by residual-calibrated certificate
burgers,1,0.2,0.05,physics_filtered_s0.8,physics_informed,True,physics_filtered_s1.3,1411025499.3193848,1476275461.5447507,0.9558009572569273,0.05458646694615655,0.058270611673013686,0.9367752521894306,0.006347701721930717,1.2779307876835866,True,False,False,physics-filtered candidate selected by residual-calibrated certificate
burgers,1,0.2,0.05,physics_filtered_s1.3,physics_informed,True,physics_filtered_s1.3,1291914481.3454132,1476275461.5447507,0.8751174933122405,0.05837958799046144,0.058270611673013686,1.0018701762915654,0.012571371196845876,1.1103441239274654,True,False,False,physics-filtered candidate selected by residual-calibrated certificate
burgers,1,0.2,0.05,physics_filtered_s2,physics_informed,False,physics_filtered_s1.3,1232208529.9098642,1476275461.5447507,0.8346738545802971,0.07185656896648701,0.058270611673013686,1.2331528175554078,0.025460488849685783,1.0143459331804014,True,False,False,physics-filtered candidate selected by residual-calibrated certificate
burgers,2,0.2,0.05,data_only_lowrank,data_only,False,physics_filtered_s1.3,1620199450.4938183,1590772205.8962948,1.0184987168423294,0.06796300948706606,0.06104155026450128,1.1133893092731062,0.0,1.6287304236723938,True,False,False,data-driven candidate without PDE residual selection
burgers,2,0.2,0.05,risky_sensor_overfit,risky,False,physics_filtered_s1.3,4964967493.391544,1590772205.8962948,3.121105256295394,0.2085886612407663,0.06104155026450128,3.4171586457667984,0.0,7.648661550021297,True,False,False,fits observed points but injects high-frequency nonphysical structure
burgers,2,0.2,0.05,underfit_oversmooth,underfit,False,physics_filtered_s1.3,1121994831.0448513,1590772205.8962948,0.7053145804824277,0.08993795816818369,0.06104155026450128,1.4733891550427043,0.0650456532045596,0.7858393735620739,True,False,False,oversmoothed challenge candidate; shown for diagnosis but not eligible for safe replacement
burgers,2,0.2,0.05,physics_filtered_s0.4,physics_informed,False,physics_filtered_s1.3,1543298095.2002845,1590772205.8962948,0.9701565626303724,0.06513726025830219,0.06104155026450128,1.0670970834617821,0.0007817914683184229,1.5372835146563284,True,False,False,physics-filtered candidate selected by residual-calibrated certificate
burgers,2,0.2,0.05,physics_filtered_s0.8,physics_informed,True,physics_filtered_s1.3,1244453001.2726002,1590772205.8962948,0.7822949110249467,0.05687423222325395,0.06104155026450128,0.9317298131498707,0.0064454575300076505,1.2081514509135949,True,False,False,physics-filtered candidate selected by residual-calibrated certificate
burgers,2,0.2,0.05,physics_filtered_s1.3,physics_informed,True,physics_filtered_s1.3,1123017994.4624612,1590772205.8962948,0.7059577671145661,0.0587805544651777,0.06104155026450128,0.9629597251300247,0.012558947155649645,1.0766374167129864,True,False,False,physics-filtered candidate selected by residual-calibrated certificate
burgers,2,0.2,0.05,physics_filtered_s2,physics_informed,False,physics_filtered_s1.3,1063139473.6603545,1590772205.8962948,0.6683166010317271,0.06918640369473397,0.06104155026450128,1.1334313003815681,0.025041790229184742,1.0061608744590265,True,False,False,physics-filtered candidate selected by residual-calibrated certificate
burgers,3,0.2,0.05,data_only_lowrank,data_only,False,physics_filtered_s1.3,1432342185.4037485,1248565639.8453543,1.147190135378991,0.0734804524756832,0.06740698705693558,1.0901014224612582,0.0,1.6398588523495063,True,False,False,data-driven candidate without PDE residual selection
burgers,3,0.2,0.05,risky_sensor_overfit,risky,False,physics_filtered_s1.3,5143137708.437414,1248565639.8453543,4.119236942219903,0.2096777291796589,0.06740698705693558,3.1106230723447577,0.0,7.622631803175681,True,False,False,fits observed points but injects high-frequency nonphysical structure
burgers,3,0.2,0.05,underfit_oversmooth,underfit,False,physics_filtered_s1.3,1015193457.1303736,1248565639.8453543,0.8130877742688114,0.10033118647062392,0.06740698705693558,1.4884389712358799,0.06395996829175303,0.7618949501923823,True,False,False,oversmoothed challenge candidate; shown for diagnosis but not eligible for safe replacement
burgers,3,0.2,0.05,physics_filtered_s0.4,physics_informed,False,physics_filtered_s1.3,1374036134.7853508,1248565639.8453543,1.1004917089946005,0.07104494619966374,0.06740698705693558,1.053970060085928,0.0007609933952359986,1.548202988039797,True,False,False,physics-filtered candidate selected by residual-calibrated certificate
burgers,3,0.2,0.05,physics_filtered_s0.8,physics_informed,True,physics_filtered_s1.3,1136190309.051533,1248565639.8453543,0.9099964573686811,0.06438950919822838,0.06740698705693558,0.9552349394119378,0.006287003755792754,1.2105328765330179,True,False,False,physics-filtered candidate selected by residual-calibrated certificate
burgers,3,0.2,0.05,physics_filtered_s1.3,physics_informed,True,physics_filtered_s1.3,1020546456.7747834,1248565639.8453543,0.8173750936323916,0.0673406356412323,0.06740698705693558,0.9990156596578592,0.012261193248539968,1.0685359481996946,True,False,False,physics-filtered candidate selected by residual-calibrated certificate
burgers,3,0.2,0.05,physics_filtered_s2,physics_informed,False,physics_filtered_s1.3,972725751.4577191,1248565639.8453543,0.779074579994208,0.07876706605219211,0.06740698705693558,1.1685296953636668,0.02458029814822048,0.9796567322779162,True,False,False,physics-filtered candidate selected by residual-calibrated certificate
burgers,4,0.2,0.05,data_only_lowrank,data_only,False,physics_filtered_s1.3,1037352757.1978203,900187348.9089295,1.1523742901465366,0.06501562649777427,0.057596528039452165,1.1288115570457893,0.0,1.6985636670759772,True,False,False,data-driven candidate without PDE residual selection
burgers,4,0.2,0.05,risky_sensor_overfit,risky,False,physics_filtered_s1.3,5074782431.986624,900187348.9089295,5.637473619394346,0.20925476494199274,0.057596528039452165,3.6331142181873433,0.0,7.716385903195226,True,False,False,fits observed points but injects high-frequency nonphysical structure
burgers,4,0.2,0.05,underfit_oversmooth,underfit,False,physics_filtered_s1.3,839467996.7329783,900187348.9089295,0.9325480942944312,0.08815152450690611,0.057596528039452165,1.5305006656823836,0.06426282850848207,0.7795601282611396,True,False,False,oversmoothed challenge candidate; shown for diagnosis but not eligible for safe replacement
burgers,4,0.2,0.05,physics_filtered_s0.4,physics_informed,False,physics_filtered_s1.3,986174481.2887866,900187348.9089295,1.0955213739496314,0.06225761842899911,0.057596528039452165,1.0809265861524378,0.0007446095386681865,1.6072863591402262,True,False,False,physics-filtered candidate selected by residual-calibrated certificate
burgers,4,0.2,0.05,physics_filtered_s0.8,physics_informed,True,physics_filtered_s1.3,812912053.9810443,900187348.9089295,0.9030476322138197,0.05386960132259714,0.057596528039452165,0.9352925107701376,0.006178334653321644,1.2621900133256423,True,False,False,physics-filtered candidate selected by residual-calibrated certificate
burgers,4,0.2,0.05,physics_filtered_s1.3,physics_informed,True,physics_filtered_s1.3,751918601.1021864,900187348.9089295,0.8352912335566014,0.05560450098382452,0.057596528039452165,0.9654141121973782,0.01218560240654265,1.1031458556997833,True,False,False,physics-filtered candidate selected by residual-calibrated certificate
burgers,4,0.2,0.05,physics_filtered_s2,physics_informed,False,physics_filtered_s1.3,735566239.7174968,900187348.9089295,0.8171257245606024,0.06679268980585766,0.057596528039452165,1.1596652103568932,0.024569707176878626,1.0079466264865784,True,False,False,physics-filtered candidate selected by residual-calibrated certificate
burgers,5,0.2,0.05,data_only_lowrank,data_only,False,physics_filtered_s1.3,1364537644.1548316,1147037672.8817823,1.1896188559584178,0.061642982073304306,0.054921065661642156,1.122392315763721,0.0,1.8006660265974566,True,False,False,data-driven candidate without PDE residual selection
burgers,5,0.2,0.05,risky_sensor_overfit,risky,False,physics_filtered_s1.3,6152319415.66448,1147037672.8817823,5.363659416876502,0.20772870349412498,0.054921065661642156,3.7823137804739297,0.0,7.627672368904651,True,False,False,fits observed points but injects high-frequency nonphysical structure
burgers,5,0.2,0.05,underfit_oversmooth,underfit,False,physics_filtered_s1.3,1015344663.4081342,1147037672.8817823,0.8851885926790996,0.09026512576903392,0.054921065661642156,1.6435428679315147,0.06480555544354674,0.7905083821125084,True,False,False,oversmoothed challenge candidate; shown for diagnosis but not eligible for safe replacement
burgers,5,0.2,0.05,physics_filtered_s0.4,physics_informed,False,physics_filtered_s1.3,1320060292.550515,1147037672.8817823,1.1508430139299923,0.05873762726569807,0.054921065661642156,1.069491761622025,0.0007804777240795772,1.6940743650951204,True,False,False,physics-filtered candidate selected by residual-calibrated certificate
burgers,5,0.2,0.05,physics_filtered_s0.8,physics_informed,True,physics_filtered_s1.3,1130994855.4798357,1147037672.8817823,0.9860136961660195,0.050532277138938785,0.054921065661642156,0.9200891594008405,0.006466457788376944,1.2848565017082003,True,False,False,physics-filtered candidate selected by residual-calibrated certificate
burgers,5,0.2,0.05,physics_filtered_s1.3,physics_informed,True,physics_filtered_s1.3,1035892106.8181384,1147037672.8817823,0.903102078779675,0.05423317374111263,0.054921065661642156,0.9874748985069779,0.012551334639664003,1.1149838471997642,True,False,False,physics-filtered candidate selected by residual-calibrated certificate
burgers,5,0.2,0.05,physics_filtered_s2,physics_informed,False,physics_filtered_s1.3,1000198384.5762852,1147037672.8817823,0.8719839009850631,0.06751287952189111,0.054921065661642156,1.2292711131389067,0.0249709889404275,1.0193339506706898,True,False,False,physics-filtered candidate selected by residual-calibrated certificate
allen_cahn,1,0.03,0.0,data_only_lowrank,data_only,True,physics_filtered_s1.3,148.81429796460543,149.03699361949495,0.9985057692759217,0.045766781433432005,0.04592932634702396,0.9964609776037148,0.0,992.0719281059293,True,False,False,data-driven candidate without PDE residual selection
allen_cahn,1,0.03,0.0,risky_sensor_overfit,risky,False,physics_filtered_s1.3,1152.3286724701063,149.03699361949495,7.731829826171205,0.2043332092602132,0.04592932634702396,4.448861446647461,0.0,7682.022533662019,True,False,False,fits observed points but injects high-frequency nonphysical structure
allen_cahn,1,0.03,0.0,underfit_oversmooth,underfit,False,physics_filtered_s1.3,42.61519649324708,149.03699361949495,0.28593703790112196,0.047958725677524315,0.04592932634702396,1.0441852622466707,0.019290740357241695,283.9569498130693,True,False,False,oversmoothed challenge candidate; shown for diagnosis but not eligible for safe replacement
allen_cahn,1,0.03,0.0,physics_filtered_s0.4,physics_informed,False,physics_filtered_s1.3,138.51931725814268,149.03699361949495,0.9294290893427052,0.04537776810205856,0.04592932634702396,0.9879911531515609,0.00016362175509389225,923.4386280152289,True,False,False,physics-filtered candidate selected by residual-calibrated certificate
allen_cahn,1,0.03,0.0,physics_filtered_s0.8,physics_informed,True,physics_filtered_s1.3,89.0742656281112,149.03699361949495,0.5976654752948476,0.04367982246871245,0.04592932634702396,0.9510224935095681,0.001516991274648935,593.8005146626502,True,False,False,physics-filtered candidate selected by residual-calibrated certificate
allen_cahn,1,0.03,0.0,physics_filtered_s1.3,physics_informed,True,physics_filtered_s1.3,68.3066788842006,149.03699361949495,0.458320295017446,0.04327226812812027,0.04592932634702396,0.9421489834235723,0.0032412234586531564,455.3402491891648,True,False,False,physics-filtered candidate selected by residual-calibrated certificate
allen_cahn,1,0.03,0.0,physics_filtered_s2,physics_informed,False,physics_filtered_s1.3,55.16524834728486,149.03699361949495,0.3701446668209532,0.04419915475412589,0.04592932634702396,0.9623296980062825,0.006930328332600331,367.7067400256454,True,False,False,physics-filtered candidate selected by residual-calibrated certificate
allen_cahn,2,0.03,0.0,data_only_lowrank,data_only,False,physics_filtered_s1.3,174.12928250545735,173.94316116464657,1.001070012408442,0.04252372648782579,0.042681213003834345,0.9963101677313924,0.0,1160.7883564191038,False,False,False,data-driven candidate without PDE residual selection
allen_cahn,2,0.03,0.0,risky_sensor_overfit,risky,False,physics_filtered_s1.3,1160.8872498709302,173.94316116464657,6.673945914850203,0.20402414602740987,0.042681213003834345,4.780186214583471,0.0,7739.005980929844,False,False,False,fits observed points but injects high-frequency nonphysical structure
allen_cahn,2,0.03,0.0,underfit_oversmooth,underfit,False,physics_filtered_s1.3,36.54537630033127,173.94316116464657,0.21009952938442286,0.0475782488139113,0.042681213003834345,1.1147351601399493,0.01984588238758799,243.45757557210845,False,False,False,oversmoothed challenge candidate; shown for diagnosis but not eligible for safe replacement
allen_cahn,2,0.03,0.0,physics_filtered_s0.4,physics_informed,False,physics_filtered_s1.3,160.11371014900752,173.94316116464657,0.9204944251728894,0.042304180916866656,0.042681213003834345,0.9911663221023034,0.00016947477013223188,1067.3527001344964,False,False,False,physics-filtered candidate selected by residual-calibrated certificate
allen_cahn,2,0.03,0.0,physics_filtered_s0.8,physics_informed,True,physics_filtered_s1.3,91.61063567377563,173.94316116464657,0.5266699481623236,0.04164551046937997,0.042681213003834345,0.9757339948295972,0.0015773950593274647,610.6696938506404,False,False,False,physics-filtered candidate selected by residual-calibrated certificate
allen_cahn,2,0.03,0.0,physics_filtered_s1.3,physics_informed,True,physics_filtered_s1.3,65.44897255756491,173.94316116464657,0.37626643162828094,0.041938438257759766,0.042681213003834345,0.9825971500156182,0.0032756409230043394,436.2535525098924,False,False,False,physics-filtered candidate selected by residual-calibrated certificate
allen_cahn,2,0.03,0.0,physics_filtered_s2,physics_informed,False,physics_filtered_s1.3,51.08300357822744,173.94316116464657,0.29367641266375705,0.04340714610631325,0.042681213003834345,1.0170082584437485,0.006987382471042966,340.4591552116654,False,False,False,physics-filtered candidate selected by residual-calibrated certificate
allen_cahn,3,0.03,0.0,data_only_lowrank,data_only,True,physics_filtered_s1.3,194.90443099925957,195.1688776297231,0.9986450368845885,0.05391331670080792,0.053954887471559944,0.9992295272272941,0.0,1299.3480508191376,False,False,False,data-driven candidate without PDE residual selection
allen_cahn,3,0.03,0.0,risky_sensor_overfit,risky,False,physics_filtered_s1.3,1158.5267830171556,195.1688776297231,5.936022162381451,0.20627481168376555,0.053954887471559944,3.8230978016342183,0.0,7723.310269107757,False,False,False,fits observed points but injects high-frequency nonphysical structure
allen_cahn,3,0.03,0.0,underfit_oversmooth,underfit,False,physics_filtered_s1.3,48.08292036622484,195.1688776297231,0.24636571645120656,0.056005125564260225,0.053954887471559944,1.037999117183647,0.021027457002123696,320.3998031082401,False,False,False,oversmoothed challenge candidate; shown for diagnosis but not eligible for safe replacement
allen_cahn,3,0.03,0.0,physics_filtered_s0.4,physics_informed,False,physics_filtered_s1.3,179.25981304916652,195.1688776297231,0.9184856480512207,0.05353601147611338,0.053954887471559944,0.9922365513845323,0.00018438153607512102,1195.0498540708768,False,False,False,physics-filtered candidate selected by residual-calibrated certificate
allen_cahn,3,0.03,0.0,physics_filtered_s0.8,physics_informed,True,physics_filtered_s1.3,104.59662221093382,195.1688776297231,0.5359287991058458,0.05209743521148794,0.053954887471559944,0.9655739758142087,0.0017051066800717245,697.2874923728278,False,False,False,physics-filtered candidate selected by residual-calibrated certificate
allen_cahn,3,0.03,0.0,physics_filtered_s1.3,physics_informed,True,physics_filtered_s1.3,76.835120658109,195.1688776297231,0.3936853129005598,0.051866559607371195,0.053954887471559944,0.9612949268729211,0.0036217486005112117,512.1989452413667,False,False,False,physics-filtered candidate selected by residual-calibrated certificate
allen_cahn,3,0.03,0.0,physics_filtered_s2,physics_informed,False,physics_filtered_s1.3,61.73067021884836,195.1688776297231,0.31629361693601715,0.05275792610600411,0.053954887471559944,0.9778155154680922,0.007666981274932358,411.47576147297946,False,False,False,physics-filtered candidate selected by residual-calibrated certificate
allen_cahn,4,0.03,0.0,data_only_lowrank,data_only,True,physics_filtered_s1.3,188.38737058901683,188.81254863152031,0.9977481473260856,0.06152804885299454,0.061656598808629455,0.9979150657169426,0.0,1255.8724979803717,True,False,False,data-driven candidate without PDE residual selection
allen_cahn,4,0.03,0.0,risky_sensor_overfit,risky,False,physics_filtered_s1.3,1160.482563140384,188.81254863152031,6.14621523596471,0.20836956417577046,0.061656598808629455,3.37951765421137,0.0,7736.33461591379,True,False,False,fits observed points but injects high-frequency nonphysical structure
allen_cahn,4,0.03,0.0,underfit_oversmooth,underfit,False,physics_filtered_s1.3,62.258406074257024,188.81254863152031,0.3297365907377159,0.059508734062263806,0.061656598808629455,0.9651640734514503,0.02047713364726068,414.89335820680475,True,False,False,oversmoothed challenge candidate; shown for diagnosis but not eligible for safe replacement
allen_cahn,4,0.03,0.0,physics_filtered_s0.4,physics_informed,False,physics_filtered_s1.3,177.4669209389035,188.81254863152031,0.9399106268367816,0.06109634306306031,0.061656598808629455,0.990913288157542,0.0001588119396531805,1183.069936150342,True,False,False,physics-filtered candidate selected by residual-calibrated certificate
allen_cahn,4,0.03,0.0,physics_filtered_s0.8,physics_informed,True,physics_filtered_s1.3,125.40325879602386,188.81254863152031,0.6641680317591371,0.05894355034173913,0.061656598808629455,0.9559974354688763,0.0014954634038037713,835.9776048315557,True,False,False,physics-filtered candidate selected by residual-calibrated certificate
allen_cahn,4,0.03,0.0,physics_filtered_s1.3,physics_informed,True,physics_filtered_s1.3,100.90359329571565,188.81254863152031,0.5344114786175304,0.05757991756787183,0.061656598808629455,0.9338808607600175,0.0032613561495504935,672.6387015532034,True,False,False,physics-filtered candidate selected by residual-calibrated certificate
allen_cahn,4,0.03,0.0,physics_filtered_s2,physics_informed,False,physics_filtered_s1.3,81.19608859248135,188.81254863152031,0.43003544616592326,0.057149926491626445,0.061656598808629455,0.9269068939089913,0.0071904669058914395,541.2317233755377,True,False,False,physics-filtered candidate selected by residual-calibrated certificate
allen_cahn,5,0.03,0.0,data_only_lowrank,data_only,True,physics_filtered_s1.3,259.2044803800236,259.3841091861537,0.9993074795264262,0.07315159315420572,0.0732290352525416,0.9989424673004669,0.0,1728.0141541561031,True,False,False,data-driven candidate without PDE residual selection
allen_cahn,5,0.03,0.0,risky_sensor_overfit,risky,False,physics_filtered_s1.3,1180.9843350833955,259.3841091861537,4.5530327158007475,0.21289873431227993,0.0732290352525416,2.9072994554026086,0.0,7873.078231441827,True,False,False,fits observed points but injects high-frequency nonphysical structure
allen_cahn,5,0.03,0.0,underfit_oversmooth,underfit,False,physics_filtered_s1.3,84.98369678906154,259.3841091861537,0.3276364811079096,0.06723415823116927,0.0732290352525416,0.9181352451030358,0.025853482470502873,566.3709238829815,True,False,False,oversmoothed challenge candidate; shown for diagnosis but not eligible for safe replacement
allen_cahn,5,0.03,0.0,physics_filtered_s0.4,physics_informed,False,physics_filtered_s1.3,241.8494041586659,259.3841091861537,0.9323986921076012,0.07222024138805003,0.0732290352525416,0.9862241273287458,0.00020963476656509945,1612.3126024021262,True,False,False,physics-filtered candidate selected by residual-calibrated certificate
allen_cahn,5,0.03,0.0,physics_filtered_s0.8,physics_informed,True,physics_filtered_s1.3,163.91857166794114,259.3841091861537,0.6319530220345924,0.06787698016100556,0.0732290352525416,0.9269134835109384,0.0019751372969477616,1092.7636754004213,True,False,False,physics-filtered candidate selected by residual-calibrated certificate
allen_cahn,5,0.03,0.0,physics_filtered_s1.3,physics_informed,True,physics_filtered_s1.3,131.271784586343,259.3841091861537,0.5060903113850043,0.06544529813847517,0.0732290352525416,0.8937069553338137,0.004285136345648619,875.1036385781683,True,False,False,physics-filtered candidate selected by residual-calibrated certificate
allen_cahn,5,0.03,0.0,physics_filtered_s2,physics_informed,False,physics_filtered_s1.3,106.62430972323007,259.3841091861537,0.41106723946110346,0.06466481546254796,0.0732290352525416,0.8830488513013771,0.009304034024200004,710.753682258291,True,False,False,physics-filtered candidate selected by residual-calibrated certificate
allen_cahn,1,0.03,0.01,data_only_lowrank,data_only,True,physics_filtered_s1.3,205.52533962560844,206.1952376192735,0.9967511471098911,0.059905234960439764,0.06012368558689246,0.9963666461010053,0.0,1370.0910667948142,True,False,False,data-driven candidate without PDE residual selection
allen_cahn,1,0.03,0.01,risky_sensor_overfit,risky,False,physics_filtered_s1.3,1175.2124069245729,206.1952376192735,5.69951285244775,0.20903044099373666,0.06012368558689246,3.4766737758975745,0.0,7834.508875815162,True,False,False,fits observed points but injects high-frequency nonphysical structure
allen_cahn,1,0.03,0.01,underfit_oversmooth,underfit,False,physics_filtered_s1.3,61.61628095364528,206.1952376192735,0.2988249470020038,0.05782468918400641,0.06012368558689246,0.9617622176450704,0.02259222405029604,410.546956034546,True,False,False,oversmoothed challenge candidate; shown for diagnosis but not eligible for safe replacement
allen_cahn,1,0.03,0.01,physics_filtered_s0.4,physics_informed,False,physics_filtered_s1.3,191.75641219281636,206.1952376192735,0.9299749810268729,0.059299444248824586,0.06012368558689246,0.9862909046408516,0.00021909029601135398,1278.2969982476914,True,False,False,physics-filtered candidate selected by residual-calibrated certificate
allen_cahn,1,0.03,0.01,physics_filtered_s0.8,physics_informed,True,physics_filtered_s1.3,125.57043198897155,206.1952376192735,0.6089880321136651,0.05646271123575414,0.06012368558689246,0.9391092825341439,0.001991386448685497,837.0463423555839,True,False,False,physics-filtered candidate selected by residual-calibrated certificate
allen_cahn,1,0.03,0.01,physics_filtered_s1.3,physics_informed,True,physics_filtered_s1.3,97.56792783506211,206.1952376192735,0.4731822565912732,0.055108481354704614,0.06012368558689246,0.9165852162230421,0.004098607637422304,650.3491661918715,True,False,False,physics-filtered candidate selected by residual-calibrated certificate
allen_cahn,1,0.03,0.01,physics_filtered_s2,physics_informed,False,physics_filtered_s1.3,79.19931306833776,206.1952376192735,0.3840986532122236,0.0550378906636102,0.06012368558689246,0.9154111250075058,0.008427279090850448,527.8625923545836,True,False,False,physics-filtered candidate selected by residual-calibrated certificate
allen_cahn,2,0.03,0.01,data_only_lowrank,data_only,True,physics_filtered_s1.3,197.5433633855275,197.94106348172926,0.9979908156033552,0.041978776120828995,0.042317305789599184,0.9920002073987094,0.0,1316.843387055199,True,False,False,data-driven candidate without PDE residual selection
allen_cahn,2,0.03,0.01,risky_sensor_overfit,risky,False,physics_filtered_s1.3,1164.8045977183735,197.94106348172926,5.884603109783149,0.2055503810819809,0.042317305789599184,4.8573598257676425,0.0,7765.19301609697,True,False,False,fits observed points but injects high-frequency nonphysical structure
allen_cahn,2,0.03,0.01,underfit_oversmooth,underfit,False,physics_filtered_s1.3,45.78840448121499,197.94106348172926,0.2313234236282721,0.044379780445942235,0.042317305789599184,1.0487383262429064,0.021619783412212934,305.013722026807,True,False,False,oversmoothed challenge candidate; shown for diagnosis but not eligible for safe replacement
allen_cahn,2,0.03,0.01,physics_filtered_s0.4,physics_informed,False,physics_filtered_s1.3,182.06256055375303,197.94106348172926,0.9197816630431371,0.04138305108002392,0.042317305789599184,0.9779226325230089,0.0001868912172961973,1213.637903594536,True,False,False,physics-filtered candidate selected by residual-calibrated certificate
allen_cahn,2,0.03,0.01,physics_filtered_s0.8,physics_informed,True,physics_filtered_s1.3,106.48671720105325,197.94106348172926,0.5379718352926899,0.038864003244617376,0.042317305789599184,0.9183950281931946,0.0016962959582837043,709.794703045952,True,False,False,physics-filtered candidate selected by residual-calibrated certificate
allen_cahn,2,0.03,0.01,physics_filtered_s1.3,physics_informed,True,physics_filtered_s1.3,76.90251995543485,197.94106348172926,0.3885122096584718,0.03841238819831161,0.042317305789599184,0.9077229157354565,0.0035158946172134395,512.558055008162,True,False,False,physics-filtered candidate selected by residual-calibrated certificate
allen_cahn,2,0.03,0.01,physics_filtered_s2,physics_informed,False,physics_filtered_s1.3,60.17873665235931,197.94106348172926,0.30402350878504675,0.03972714396066507,0.042317305789599184,0.9387919012909012,0.0075398916274578365,401.04181252182894,True,False,False,physics-filtered candidate selected by residual-calibrated certificate
allen_cahn,3,0.03,0.01,data_only_lowrank,data_only,True,physics_filtered_s1.3,143.07544886774681,143.8468558475358,0.9946373038517602,0.039664321238798525,0.04008987379197835,0.9893850363217068,0.0,953.7566909741395,True,False,False,data-driven candidate without PDE residual selection
allen_cahn,3,0.03,0.01,risky_sensor_overfit,risky,False,physics_filtered_s1.3,1163.2542912283532,143.8468558475358,8.086755072778828,0.20348645660864123,0.04008987379197835,5.075756976922223,0.0,7754.742303272999,True,False,False,fits observed points but injects high-frequency nonphysical structure
allen_cahn,3,0.03,0.01,underfit_oversmooth,underfit,False,physics_filtered_s1.3,39.118997800680425,143.8468558475358,0.27194892491875267,0.0424286071499413,0.04008987379197835,1.0583372591552678,0.02147893697488516,260.57206309851193,True,False,False,oversmoothed challenge candidate; shown for diagnosis but not eligible for safe replacement
allen_cahn,3,0.03,0.01,physics_filtered_s0.4,physics_informed,False,physics_filtered_s1.3,132.87335968948315,143.8468558475358,0.923714035364913,0.03930159734418283,0.04008987379197835,0.9803372678879926,0.00018032015541504008,885.7419651058616,True,False,False,physics-filtered candidate selected by residual-calibrated certificate
allen_cahn,3,0.03,0.01,physics_filtered_s0.8,physics_informed,True,physics_filtered_s1.3,84.32143911656333,143.8468558475358,0.5861889620023087,0.037763840560949405,0.04008987379197835,0.9419795321870945,0.0016505048850543535,562.0545535429786,True,False,False,physics-filtered candidate selected by residual-calibrated certificate
allen_cahn,3,0.03,0.01,physics_filtered_s1.3,physics_informed,True,physics_filtered_s1.3,64.91295516221533,143.8468558475358,0.451264330942461,0.03741382147485317,0.04008987379197835,0.9332486719228864,0.0034896988655616443,432.653198931407,True,False,False,physics-filtered candidate selected by residual-calibrated certificate
allen_cahn,3,0.03,0.01,physics_filtered_s2,physics_informed,False,physics_filtered_s1.3,52.311092880548195,143.8468558475358,0.3636582292489778,0.03836196605352497,0.04008987379197835,0.9568991474411672,0.007537113405414782,348.6141054179123,True,False,False,physics-filtered candidate selected by residual-calibrated certificate
allen_cahn,4,0.03,0.01,data_only_lowrank,data_only,True,physics_filtered_s1.3,236.66062167841707,237.0618386640433,0.9983075429268233,0.051521349751362695,0.05177563453542247,0.9950887171671282,0.0,1577.6432643146607,True,False,False,data-driven candidate without PDE residual selection
allen_cahn,4,0.03,0.01,risky_sensor_overfit,risky,False,physics_filtered_s1.3,1172.8766098956405,237.0618386640433,4.947555526040612,0.20534758601901812,0.05177563453542247,3.9661046717749597,0.0,7819.024810685253,True,False,False,fits observed points but injects high-frequency nonphysical structure
allen_cahn,4,0.03,0.01,underfit_oversmooth,underfit,False,physics_filtered_s1.3,51.66165740171553,237.0618386640433,0.21792481528386615,0.051635219660005,0.05177563453542247,0.9972880124468838,0.02114925606078884,344.18388395403076,True,False,False,oversmoothed challenge candidate; shown for diagnosis but not eligible for safe replacement
allen_cahn,4,0.03,0.01,physics_filtered_s0.4,physics_informed,False,physics_filtered_s1.3,216.97946974118122,237.0618386640433,0.9152863698516946,0.05102134262911326,0.05177563453542247,0.9854315275116794,0.0002175155799210295,1446.4350680620275,True,False,False,physics-filtered candidate selected by residual-calibrated certificate
allen_cahn,4,0.03,0.01,physics_filtered_s0.8,physics_informed,True,physics_filtered_s1.3,122.46275731469764,237.0618386640433,0.5165857060960687,0.04897708092411228,0.05177563453542247,0.9459484439472876,0.001967406819459743,816.3162801777717,True,False,False,physics-filtered candidate selected by residual-calibrated certificate
allen_cahn,4,0.03,0.01,physics_filtered_s1.3,physics_informed,True,physics_filtered_s1.3,87.89231552101064,237.0618386640433,0.3707569131173767,0.04833182613449734,0.05177563453542247,0.9334859257108182,0.003900252228214754,585.8356729166212,True,False,False,physics-filtered candidate selected by residual-calibrated certificate
allen_cahn,4,0.03,0.01,physics_filtered_s2,physics_informed,False,physics_filtered_s1.3,68.98825424013992,237.0618386640433,0.29101374826467813,0.048736676640591794,0.05177563453542247,0.9413052505673712,0.007881008115810538,459.7830090511684,True,False,False,physics-filtered candidate selected by residual-calibrated certificate
allen_cahn,5,0.03,0.01,data_only_lowrank,data_only,True,physics_filtered_s1.3,220.79298141020024,221.40308636617712,0.9972443701395887,0.04611772001652538,0.046374329449908346,0.9944665629148426,0.0,1471.8729206824323,False,False,False,data-driven candidate without PDE residual selection
allen_cahn,5,0.03,0.01,risky_sensor_overfit,risky,False,physics_filtered_s1.3,1179.1189256000412,221.40308636617712,5.325666163704235,0.20420360227318526,0.046374329449908346,4.403375848040116,0.0,7860.518998423253,False,False,False,fits observed points but injects high-frequency nonphysical structure
allen_cahn,5,0.03,0.01,underfit_oversmooth,underfit,False,physics_filtered_s1.3,47.01819420716248,221.40308636617712,0.21236467376700965,0.04861193051684694,0.046374329449908346,1.048250855428698,0.02152217636728693,313.23175543508404,False,False,False,oversmoothed challenge candidate; shown for diagnosis but not eligible for safe replacement
allen_cahn,5,0.03,0.01,physics_filtered_s0.4,physics_informed,False,physics_filtered_s1.3,202.59350650195984,221.40308636617712,0.9150437323483868,0.04578482240134464,0.046374329449908346,0.9872880738860548,0.00022164078496982577,1350.5420049603154,False,False,False,physics-filtered candidate selected by residual-calibrated certificate
allen_cahn,5,0.03,0.01,physics_filtered_s0.8,physics_informed,True,physics_filtered_s1.3,113.93708289373475,221.40308636617712,0.5146137967801155,0.044481485395556485,0.046374329449908346,0.9591833655006136,0.002006770491859479,759.4890681574595,False,False,False,physics-filtered candidate selected by residual-calibrated certificate
allen_cahn,5,0.03,0.01,physics_filtered_s1.3,physics_informed,True,physics_filtered_s1.3,81.14486346336554,221.40308636617712,0.36650285592297577,0.044254379381174914,0.046374329449908346,0.9542861299595157,0.00394229372255253,540.8620871208544,False,False,False,physics-filtered candidate selected by residual-calibrated certificate
allen_cahn,5,0.03,0.01,physics_filtered_s2,physics_informed,False,physics_filtered_s1.3,63.702707792884006,221.40308636617712,0.28772276321173873,0.04512487102832598,0.046374329449908346,0.9730571107469049,0.007918404830971374,424.5546998511705,False,False,False,physics-filtered candidate selected by residual-calibrated certificate
allen_cahn,1,0.03,0.03,data_only_lowrank,data_only,True,physics_filtered_s1.3,137.46360393354414,141.12249894091943,0.974072915128097,0.053588319706730135,0.05436021144563598,0.9858004279349872,0.0,916.1859159813195,True,False,False,data-driven candidate without PDE residual selection
allen_cahn,1,0.03,0.03,risky_sensor_overfit,risky,False,physics_filtered_s1.3,1163.4110269603725,141.12249894091943,8.243979774248636,0.20602020109484845,0.05436021144563598,3.789908015664972,0.0,7755.641549454502,True,False,False,fits observed points but injects high-frequency nonphysical structure
allen_cahn,1,0.03,0.03,underfit_oversmooth,underfit,False,physics_filtered_s1.3,49.85124523288296,141.12249894091943,0.35324803349572703,0.05247051517564852,0.05436021144563598,0.9652375106590134,0.026455408091099863,331.9364530097549,True,False,False,oversmoothed challenge candidate; shown for diagnosis but not eligible for safe replacement
allen_cahn,1,0.03,0.03,physics_filtered_s0.4,physics_informed,False,physics_filtered_s1.3,128.7734956975935,141.12249894091943,0.9124944403904247,0.05317008761791924,0.05436021144563598,0.978106710826814,0.00029911708571677656,858.2508078984795,True,False,False,physics-filtered candidate selected by residual-calibrated certificate
allen_cahn,1,0.03,0.03,physics_filtered_s0.8,physics_informed,True,physics_filtered_s1.3,90.57621145736664,141.12249894091943,0.6418268677008441,0.051298167858607406,0.05436021144563598,0.9436712347773978,0.0025942400820824765,603.5913400932301,True,False,False,physics-filtered candidate selected by residual-calibrated certificate
allen_cahn,1,0.03,0.03,physics_filtered_s1.3,physics_informed,True,physics_filtered_s1.3,74.95676648909233,141.12249894091943,0.5311468196185518,0.05024533399957555,0.05436021144563598,0.9243035054950091,0.005033149424153174,499.4476447762146,True,False,False,physics-filtered candidate selected by residual-calibrated certificate
allen_cahn,1,0.03,0.03,physics_filtered_s2,physics_informed,False,physics_filtered_s1.3,62.79718907240695,141.12249894091943,0.4449835394333287,0.049875050826412,0.05436021144563598,0.9174918474217683,0.01000005712575755,418.35219078117274,True,False,False,physics-filtered candidate selected by residual-calibrated certificate
allen_cahn,2,0.03,0.03,data_only_lowrank,data_only,True,physics_filtered_s1.3,266.7332128194225,268.7273072862909,0.9925794870383418,0.05134077414284151,0.05197574676437681,0.9877832900525388,0.0,1777.9880570506753,True,False,False,data-driven candidate without PDE residual selection
allen_cahn,2,0.03,0.03,risky_sensor_overfit,risky,False,physics_filtered_s1.3,1188.7530352985534,268.7273072862909,4.423640631475166,0.20715759815277804,0.05197574676437681,3.9856589091043957,0.0,7924.599596392367,True,False,False,fits observed points but injects high-frequency nonphysical structure
allen_cahn,2,0.03,0.03,underfit_oversmooth,underfit,False,physics_filtered_s1.3,68.26221888044523,268.7273072862909,0.2540204029496758,0.05176201607587843,0.05197574676437681,0.9958878765039553,0.027962019073214033,454.66886055529477,True,False,False,oversmoothed challenge candidate; shown for diagnosis but not eligible for safe replacement
allen_cahn,2,0.03,0.03,physics_filtered_s0.4,physics_informed,False,physics_filtered_s1.3,247.92860881688603,268.7273072862909,0.9226029588156154,0.050626451940937144,0.05197574676437681,0.9740399146061238,0.0003415232545212263,1652.6226091802826,True,False,False,physics-filtered candidate selected by residual-calibrated certificate
allen_cahn,2,0.03,0.03,physics_filtered_s0.8,physics_informed,True,physics_filtered_s1.3,156.6888198011669,268.7273072862909,0.5830774005941887,0.04767243663917452,0.05197574676437681,0.9172054199504277,0.0029918602730588857,1044.3437347644435,True,False,False,physics-filtered candidate selected by residual-calibrated certificate
allen_cahn,2,0.03,0.03,physics_filtered_s1.3,physics_informed,True,physics_filtered_s1.3,116.47043930394382,268.7273072862909,0.433414975501022,0.04670293431370438,0.05197574676437681,0.8985524445569898,0.005739181463780171,776.2050294479201,True,False,False,physics-filtered candidate selected by residual-calibrated certificate
allen_cahn,2,0.03,0.03,physics_filtered_s2,physics_informed,False,physics_filtered_s1.3,90.58695204635157,268.7273072862909,0.33709619227436255,0.047415046950284444,0.05197574676437681,0.9122533085348485,0.011015033863264448,603.6147932973744,True,False,False,physics-filtered candidate selected by residual-calibrated certificate
allen_cahn,3,0.03,0.03,data_only_lowrank,data_only,True,physics_filtered_s1.3,223.45066469847922,226.37768367599998,0.987070196452266,0.04916159285501021,0.04946452468154959,0.9938757760337633,0.0,1489.4435320289995,True,False,False,data-driven candidate without PDE residual selection
allen_cahn,3,0.03,0.03,risky_sensor_overfit,risky,False,physics_filtered_s1.3,1181.1182531030313,226.37768367599998,5.2174677023088805,0.20439361694907596,0.04946452468154959,4.132125361778383,0.0,7873.728598739196,True,False,False,fits observed points but injects high-frequency nonphysical structure
allen_cahn,3,0.03,0.03,underfit_oversmooth,underfit,False,physics_filtered_s1.3,47.51375990358702,226.37768367599998,0.2098871193133606,0.04805488406648029,0.04946452468154959,0.9715019880385791,0.024705738607528897,316.37030143531797,True,False,False,oversmoothed challenge candidate; shown for diagnosis but not eligible for safe replacement
allen_cahn,3,0.03,0.03,physics_filtered_s0.4,physics_informed,False,physics_filtered_s1.3,205.11246405245396,226.37768367599998,0.9060630920935543,0.04852379830761976,0.04946452468154959,0.9809817969349314,0.00031030267867036647,1367.1873493664993,True,False,False,physics-filtered candidate selected by residual-calibrated certificate
allen_cahn,3,0.03,0.03,physics_filtered_s0.8,physics_informed,True,physics_filtered_s1.3,118.93776727569218,226.37768367599998,0.5253952834234303,0.045923744301665285,0.04946452468154959,0.9284177821659441,0.0026696547829257906,792.6759957704169,True,False,False,physics-filtered candidate selected by residual-calibrated certificate
allen_cahn,3,0.03,0.03,physics_filtered_s1.3,physics_informed,True,physics_filtered_s1.3,84.8678772185974,226.37768367599998,0.37489506845587767,0.04480197085257297,0.04946452468154959,0.9057394393274841,0.005093775843532474,565.5284460163195,True,False,False,physics-filtered candidate selected by residual-calibrated certificate
allen_cahn,3,0.03,0.03,physics_filtered_s2,physics_informed,False,physics_filtered_s1.3,63.9946767521991,226.37768367599998,0.2826898646237159,0.04481766744226161,0.04946452468154959,0.9060567695715203,0.00979473473754913,426.3433740878299,True,False,False,physics-filtered candidate selected by residual-calibrated certificate
allen_cahn,4,0.03,0.03,data_only_lowrank,data_only,True,physics_filtered_s1.3,276.1299935393879,277.4472299168264,0.9952522994090285,0.05748628622414873,0.05784527544560986,0.9937939750534601,0.0,1840.6006964437515,True,False,False,data-driven candidate without PDE residual selection
allen_cahn,4,0.03,0.03,risky_sensor_overfit,risky,False,physics_filtered_s1.3,1189.3186772370852,277.4472299168264,4.286648230705409,0.2072644401097966,0.05784527544560986,3.5830832943495605,0.0,7928.3937318507715,True,False,False,fits observed points but injects high-frequency nonphysical structure
allen_cahn,4,0.03,0.03,underfit_oversmooth,underfit,False,physics_filtered_s1.3,59.997358461904106,277.4472299168264,0.21624781937772453,0.052719677529707604,0.05784527544560986,0.9113912436697947,0.02593599606300041,399.5693646633689,True,False,False,oversmoothed challenge candidate; shown for diagnosis but not eligible for safe replacement
allen_cahn,4,0.03,0.03,physics_filtered_s0.4,physics_informed,False,physics_filtered_s1.3,253.7055656544597,277.4472299168264,0.9144281805607323,0.05649819989374965,0.05784527544560986,0.976712436020751,0.000343916189691428,1691.1044719662561,True,False,False,physics-filtered candidate selected by residual-calibrated certificate
allen_cahn,4,0.03,0.03,physics_filtered_s0.8,physics_informed,True,physics_filtered_s1.3,144.38235897006393,277.4472299168264,0.5203957488180602,0.05208558686076424,0.05784527544560986,0.9004294034149477,0.003026518879879947,962.2765832838585,True,False,False,physics-filtered candidate selected by residual-calibrated certificate
allen_cahn,4,0.03,0.03,physics_filtered_s1.3,physics_informed,True,physics_filtered_s1.3,103.25644028751617,277.4472299168264,0.3721660523281136,0.05049002009323966,0.05784527544560986,0.8728460484182677,0.005683162779645379,688.0920225246126,True,False,False,physics-filtered candidate selected by residual-calibrated certificate
allen_cahn,4,0.03,0.03,physics_filtered_s2,physics_informed,False,physics_filtered_s1.3,81.15525789382097,277.4472299168264,0.2925070036494851,0.05027733915846221,0.05784527544560986,0.8691693274910115,0.01055967881732106,540.7222265149643,True,False,False,physics-filtered candidate selected by residual-calibrated certificate
allen_cahn,5,0.03,0.03,data_only_lowrank,data_only,True,physics_filtered_s1.3,231.978410932773,234.5448212900055,0.9890579107945418,0.04902740414666964,0.04964143439953192,0.9876306907470083,0.0,1546.2990890479934,True,False,False,data-driven candidate without PDE residual selection
allen_cahn,5,0.03,0.03,risky_sensor_overfit,risky,False,physics_filtered_s1.3,1176.4899820967325,234.5448212900055,5.016056102309092,0.20420322388634934,0.04964143439953192,4.1135641294877905,0.0,7842.841593436931,True,False,False,fits observed points but injects high-frequency nonphysical structure
allen_cahn,5,0.03,0.03,underfit_oversmooth,underfit,False,physics_filtered_s1.3,50.79841018328549,234.5448212900055,0.21658295375652326,0.045299374188155876,0.04964143439953192,0.9125315320797919,0.02854164065371931,338.2508508559925,True,False,False,oversmoothed challenge candidate; shown for diagnosis but not eligible for safe replacement
allen_cahn,5,0.03,0.03,physics_filtered_s0.4,physics_informed,False,physics_filtered_s1.3,213.3911509916186,234.5448212900055,0.9098096893291362,0.04815870635220921,0.04964143439953192,0.9701312408428951,0.0003385956791060053,1422.3824127041594,True,False,False,physics-filtered candidate selected by residual-calibrated certificate
allen_cahn,5,0.03,0.03,physics_filtered_s0.8,physics_informed,True,physics_filtered_s1.3,123.35221880847084,234.5448212900055,0.5259217326992274,0.044202988191791304,0.04964143439953192,0.8904454257936926,0.002973116227543401,822.1082986349804,True,False,False,physics-filtered candidate selected by residual-calibrated certificate
allen_cahn,5,0.03,0.03,physics_filtered_s1.3,physics_informed,True,physics_filtered_s1.3,88.97613678887686,234.5448212900055,0.37935664620307674,0.04240684098260358,0.04964143439953192,0.8542630061904333,0.005742918680827276,592.9177417620324,True,False,False,physics-filtered candidate selected by residual-calibrated certificate
allen_cahn,5,0.03,0.03,physics_filtered_s2,physics_informed,False,physics_filtered_s1.3,69.80985983953207,234.5448212900055,0.2976397409057035,0.04207098899944697,0.04964143439953192,0.84749744860306,0.011185610850459986,465.1079233141521,True,False,False,physics-filtered candidate selected by residual-calibrated certificate
allen_cahn,1,0.03,0.05,data_only_lowrank,data_only,True,physics_filtered_s1.3,262.4784251916378,266.2580598779418,0.9858046186919651,0.05917032498535929,0.06006068255909717,0.9851757000289336,0.0,1749.4889816413731,True,False,False,data-driven candidate without PDE residual selection
allen_cahn,1,0.03,0.05,risky_sensor_overfit,risky,False,physics_filtered_s1.3,1185.4392769305368,266.2580598779418,4.4522193148780635,0.2073554853703661,0.06006068255909717,3.45243304824058,0.0,7902.426634784933,True,False,False,fits observed points but injects high-frequency nonphysical structure
allen_cahn,1,0.03,0.05,underfit_oversmooth,underfit,False,physics_filtered_s1.3,66.0142843712651,266.2580598779418,0.24793346876157354,0.054025030216158884,0.06006068255909717,0.8995074300412926,0.032112221423644574,439.5253642785719,True,False,False,oversmoothed challenge candidate; shown for diagnosis but not eligible for safe replacement
allen_cahn,1,0.03,0.05,physics_filtered_s0.4,physics_informed,False,physics_filtered_s1.3,241.5058505843177,266.2580598779418,0.9070367698729123,0.05850932564232964,0.06006068255909717,0.9741701750356362,0.0004375279552291072,1609.6695890829649,True,False,False,physics-filtered candidate selected by residual-calibrated certificate
allen_cahn,1,0.03,0.05,physics_filtered_s0.8,physics_informed,True,physics_filtered_s1.3,144.23652427483515,266.2580598779418,0.5417170257341904,0.055768376848753645,0.06006068255909717,0.928533850626013,0.0037592573449330455,961.188355747355,True,False,False,physics-filtered candidate selected by residual-calibrated certificate
allen_cahn,1,0.03,0.05,physics_filtered_s1.3,physics_informed,True,physics_filtered_s1.3,108.31698134363232,266.2580598779418,0.40681202812522055,0.05388973639314574,0.06006068255909717,0.8972548112356743,0.007079163398400156,721.704841628413,True,False,False,physics-filtered candidate selected by residual-calibrated certificate
allen_cahn,1,0.03,0.05,physics_filtered_s2,physics_informed,False,physics_filtered_s1.3,86.38746960840129,266.2580598779418,0.3244501580459302,0.052497058247328324,0.06006068255909717,0.8740669604412067,0.01330650331019028,575.4691752130188,True,False,False,physics-filtered candidate selected by residual-calibrated certificate
allen_cahn,2,0.03,0.05,data_only_lowrank,data_only,True,physics_filtered_s1.3,223.76633844373634,227.56053742463558,0.9833266390392631,0.06420624066722136,0.06478746990313711,0.9910286782648594,0.0,1491.4059698804438,True,False,False,data-driven candidate without PDE residual selection
allen_cahn,2,0.03,0.05,risky_sensor_overfit,risky,False,physics_filtered_s1.3,1180.321894794341,227.56053742463558,5.186847896179009,0.21024153461582212,0.06478746990313711,3.2450956168979337,0.0,7868.275968360623,True,False,False,fits observed points but injects high-frequency nonphysical structure
allen_cahn,2,0.03,0.05,underfit_oversmooth,underfit,False,physics_filtered_s1.3,64.8692437872564,227.56053742463558,0.2850636780937458,0.05848513903881709,0.06478746990313711,0.9027229976005348,0.0323675464407084,431.88843610812074,True,False,False,oversmoothed challenge candidate; shown for diagnosis but not eligible for safe replacement
allen_cahn,2,0.03,0.05,physics_filtered_s0.4,physics_informed,False,physics_filtered_s1.3,207.84538220459206,227.56053742463558,0.9133630310282872,0.06340134389817548,0.06478746990313711,0.9786050295217175,0.0004741308571597309,1385.2640533324727,True,False,False,physics-filtered candidate selected by residual-calibrated certificate
allen_cahn,2,0.03,0.05,physics_filtered_s0.8,physics_informed,True,physics_filtered_s1.3,138.35921491755605,227.56053742463558,0.6080105825175325,0.05995978790582295,0.06478746990313711,0.9254843258201401,0.004041868074272856,922.0034996499764,True,False,False,physics-filtered candidate selected by residual-calibrated certificate
allen_cahn,2,0.03,0.05,physics_filtered_s1.3,physics_informed,True,physics_filtered_s1.3,109.16959871882952,227.56053742463558,0.4797387102101755,0.0577205027410932,0.06478746990313711,0.8909207725891972,0.007441584899433814,727.3858596511989,True,False,False,physics-filtered candidate selected by residual-calibrated certificate
allen_cahn,2,0.03,0.05,physics_filtered_s2,physics_informed,False,physics_filtered_s1.3,86.70995318605256,227.56053742463558,0.3810412568337739,0.056465300699633646,0.06478746990313711,0.8715466244195462,0.013650802036312292,577.6157365902953,True,False,False,physics-filtered candidate selected by residual-calibrated certificate
allen_cahn,3,0.03,0.05,data_only_lowrank,data_only,True,physics_filtered_s1.3,154.0942611678633,161.11035165935212,0.9564516468418837,0.053785027621570426,0.05482854246228242,0.980967671310781,0.0,1026.9332505681377,True,False,False,data-driven candidate without PDE residual selection
allen_cahn,3,0.03,0.05,risky_sensor_overfit,risky,False,physics_filtered_s1.3,1168.7812600406933,161.11035165935212,7.254538569389565,0.2059634544027669,0.05482854246228242,3.7565006317776275,0.0,7791.344212192866,True,False,False,fits observed points but injects high-frequency nonphysical structure
allen_cahn,3,0.03,0.05,underfit_oversmooth,underfit,False,physics_filtered_s1.3,48.11759630164965,161.11035165935212,0.29866235040804856,0.04976839883289969,0.05482854246228242,0.9077096817999237,0.0296195929696228,320.2314952356556,True,False,False,oversmoothed challenge candidate; shown for diagnosis but not eligible for safe replacement
allen_cahn,3,0.03,0.05,physics_filtered_s0.4,physics_informed,False,physics_filtered_s1.3,144.36727236252665,161.11035165935212,0.8960769489708053,0.05329728764328156,0.05482854246228242,0.9720719400661377,0.00043622299697665585,962.0844220853086,True,False,False,physics-filtered candidate selected by residual-calibrated certificate
allen_cahn,3,0.03,0.05,physics_filtered_s0.8,physics_informed,True,physics_filtered_s1.3,99.55779494982589,161.11035165935212,0.6179478470776844,0.0512288960751097,0.05482854246228242,0.9343472172257117,0.003696956279570703,663.3355982519477,True,False,False,physics-filtered candidate selected by residual-calibrated certificate
allen_cahn,3,0.03,0.05,physics_filtered_s1.3,physics_informed,True,physics_filtered_s1.3,79.54942414652659,161.11035165935212,0.4937573739192346,0.04965622993838078,0.05482854246228242,0.905663869719582,0.00678068928744244,529.9274437628242,True,False,False,physics-filtered candidate selected by residual-calibrated certificate
allen_cahn,3,0.03,0.05,physics_filtered_s2,physics_informed,False,physics_filtered_s1.3,64.5608922949919,161.11035165935212,0.40072466871338913,0.048374436331536354,0.05482854246228242,0.8822856519290431,0.012441863526731442,429.9676183650365,True,False,False,physics-filtered candidate selected by residual-calibrated certificate
allen_cahn,4,0.03,0.05,data_only_lowrank,data_only,True,physics_filtered_s1.3,268.81767466261255,273.67926225106436,0.9822361857143821,0.06275925227415395,0.06402462069114234,0.9802362215611893,0.0,1791.7316419565814,True,False,False,data-driven candidate without PDE residual selection
allen_cahn,4,0.03,0.05,risky_sensor_overfit,risky,False,physics_filtered_s1.3,1175.4431706346932,273.67926225106436,4.294966162092237,0.2100731136130836,0.06402462069114234,3.2811301549634257,0.0,7835.837758085929,True,False,False,fits observed points but injects high-frequency nonphysical structure
allen_cahn,4,0.03,0.05,underfit_oversmooth,underfit,False,physics_filtered_s1.3,68.30270143025952,273.67926225106436,0.24957207524039804,0.05694442194746184,0.06402462069114234,0.8894144366942036,0.033773201028153114,454.75640101591284,True,False,False,oversmoothed challenge candidate; shown for diagnosis but not eligible for safe replacement
allen_cahn,4,0.03,0.05,physics_filtered_s0.4,physics_informed,False,physics_filtered_s1.3,248.5437216650558,273.67926225106436,0.9081569411607411,0.06191813096164886,0.06402462069114234,0.9670987550145375,0.00046242549174318434,1656.5702727189225,True,False,False,physics-filtered candidate selected by residual-calibrated certificate
allen_cahn,4,0.03,0.05,physics_filtered_s0.8,physics_informed,True,physics_filtered_s1.3,152.23533464909073,273.67926225106436,0.5562545492008615,0.05835172447184181,0.06402462069114234,0.9113950827201579,0.0039628819895450125,1014.4977433209739,True,False,False,physics-filtered candidate selected by residual-calibrated certificate
allen_cahn,4,0.03,0.05,physics_filtered_s1.3,physics_informed,True,physics_filtered_s1.3,113.86952754310903,273.67926225106436,0.41606925788424715,0.05632466299626743,0.06402462069114234,0.8797344269652202,0.007389129601352803,758.7065768974978,True,False,False,physics-filtered candidate selected by residual-calibrated certificate
allen_cahn,4,0.03,0.05,physics_filtered_s2,physics_informed,False,physics_filtered_s1.3,90.13670454999409,273.67926225106436,0.3293516059952884,0.05501461189472858,0.06402462069114234,0.8592727500762913,0.013852106476150256,600.447630278703,True,False,False,physics-filtered candidate selected by residual-calibrated certificate
allen_cahn,5,0.03,0.05,data_only_lowrank,data_only,True,physics_filtered_s1.3,184.10331172931532,192.48331893926323,0.9564637223831687,0.06277777272897798,0.06339521163645284,0.990260480365522,0.0,1226.9752824176987,True,False,False,data-driven candidate without PDE residual selection
allen_cahn,5,0.03,0.05,risky_sensor_overfit,risky,False,physics_filtered_s1.3,1162.3347178085019,192.48331893926323,6.038625706445048,0.20886580698193188,0.06339521163645284,3.294662192728408,0.0,7748.337152746166,True,False,False,fits observed points but injects high-frequency nonphysical structure
allen_cahn,5,0.03,0.05,underfit_oversmooth,underfit,False,physics_filtered_s1.3,61.90201474738462,192.48331893926323,0.3215967757025067,0.05792539236545221,0.06339521163645284,0.9137187315773679,0.0351971223668248,412.0729463642348,True,False,False,oversmoothed challenge candidate; shown for diagnosis but not eligible for safe replacement
allen_cahn,5,0.03,0.05,physics_filtered_s0.4,physics_informed,False,physics_filtered_s1.3,174.57558405998066,192.48331893926323,0.9069647438647183,0.06212799058478534,0.06339521163645284,0.9800107765249757,0.00045248773467306675,1163.454656299177,True,False,False,physics-filtered candidate selected by residual-calibrated certificate
allen_cahn,5,0.03,0.05,physics_filtered_s0.8,physics_informed,True,physics_filtered_s1.3,129.47934202748354,192.48331893926323,0.6726782494245082,0.059177670551413396,0.06339521163645284,0.9334722453462432,0.0039291597607991795,862.792438941268,True,False,False,physics-filtered candidate selected by residual-calibrated certificate
allen_cahn,5,0.03,0.05,physics_filtered_s1.3,physics_informed,True,physics_filtered_s1.3,102.86443578269584,192.48331893926323,0.5344070143301792,0.057146023440631875,0.06339521163645284,0.9014249178225149,0.007545382354285051,685.3375844715499,True,False,False,physics-filtered candidate selected by residual-calibrated certificate
allen_cahn,5,0.03,0.05,physics_filtered_s2,physics_informed,False,physics_filtered_s1.3,81.1985486408571,192.48331893926323,0.421847197400406,0.05591412283249744,0.06339521163645284,0.8819928412300512,0.014375976465039509,540.8547362438308,True,False,False,physics-filtered candidate selected by residual-calibrated certificate
allen_cahn,1,0.05,0.0,data_only_lowrank,data_only,True,physics_filtered_s1.3,237.57000803368575,237.73059322182075,0.9993245076876321,0.03739897453382501,0.037539606255206054,0.9962537773725906,0.0,1583.7888674060691,True,False,False,data-driven candidate without PDE residual selection
allen_cahn,1,0.05,0.0,risky_sensor_overfit,risky,False,physics_filtered_s1.3,1152.5479347051564,237.73059322182075,4.848126272203159,0.20465477040899666,0.037539606255206054,5.451702636736183,0.0,7683.496478133104,True,False,False,fits observed points but injects high-frequency nonphysical structure
allen_cahn,1,0.05,0.0,underfit_oversmooth,underfit,False,physics_filtered_s1.3,50.276925605307554,237.73059322182075,0.2114869816456275,0.03969858916414688,0.037539606255206054,1.057512135135512,0.0206284455161947,335.0311457686805,True,False,False,oversmoothed challenge candidate; shown for diagnosis but not eligible for safe replacement
allen_cahn,1,0.05,0.0,physics_filtered_s0.4,physics_informed,False,physics_filtered_s1.3,217.82496911040158,237.73059322182075,0.9162681426834844,0.03660062909126941,0.037539606255206054,0.9749870268076823,0.00019415862586796975,1452.1543082809142,True,False,False,physics-filtered candidate selected by residual-calibrated certificate
allen_cahn,1,0.05,0.0,physics_filtered_s0.8,physics_informed,True,physics_filtered_s1.3,122.78162690678735,237.73059322182075,0.5164738170329732,0.03340805656336664,0.037539606255206054,0.8899415815754225,0.001791224219871448,818.5229592939752,True,False,False,physics-filtered candidate selected by residual-calibrated certificate
allen_cahn,1,0.05,0.0,physics_filtered_s1.3,physics_informed,True,physics_filtered_s1.3,87.77162012253382,237.73059322182075,0.3692062470085028,0.032778177986585284,0.037539606255206054,0.8731625409940572,0.0036158884839275866,585.1113121582233,True,False,False,physics-filtered candidate selected by residual-calibrated certificate
allen_cahn,1,0.05,0.0,physics_filtered_s2,physics_informed,False,physics_filtered_s1.3,68.8838793204454,237.73059322182075,0.28975605700092294,0.034305889861872205,0.037539606255206054,0.9138585425679778,0.007417274937639028,459.16763934822916,True,False,False,physics-filtered candidate selected by residual-calibrated certificate
allen_cahn,2,0.05,0.0,data_only_lowrank,data_only,True,physics_filtered_s1.3,149.23541542627356,149.3620450621225,0.9991521966922905,0.039626205261609225,0.03977624433920248,0.996227922442602,0.0,994.8798287657966,True,False,False,data-driven candidate without PDE residual selection
allen_cahn,2,0.05,0.0,risky_sensor_overfit,risky,False,physics_filtered_s1.3,1142.3871154127714,149.3620450621225,7.648443183391225,0.20239201128782952,0.03977624433920248,5.088263475978015,0.0,7615.837296736208,True,False,False,fits observed points but injects high-frequency nonphysical structure
allen_cahn,2,0.05,0.0,underfit_oversmooth,underfit,False,physics_filtered_s1.3,46.837361168850244,149.3620450621225,0.3135827522271096,0.041669388169587956,0.03977624433920248,1.0475948360834069,0.0193170450092407,312.10508327041094,True,False,False,oversmoothed challenge candidate; shown for diagnosis but not eligible for safe replacement
allen_cahn,2,0.05,0.0,physics_filtered_s0.4,physics_informed,False,physics_filtered_s1.3,139.8087000598393,149.3620450621225,0.9360390051012578,0.03912749495354543,0.03977624433920248,0.9836900291262202,0.00015670806891219768,932.0348432993243,True,False,False,physics-filtered candidate selected by residual-calibrated certificate
allen_cahn,2,0.05,0.0,physics_filtered_s0.8,physics_informed,True,physics_filtered_s1.3,96.11022672653111,149.3620450621225,0.6434715505305006,0.036907353822572396,0.03977624433920248,0.9278742735716139,0.0014545269259747641,640.7070971120236,True,False,False,physics-filtered candidate selected by residual-calibrated certificate
allen_cahn,2,0.05,0.0,physics_filtered_s1.3,physics_informed,True,physics_filtered_s1.3,76.11943260233444,149.3620450621225,0.5096303587077589,0.036203410003935385,0.03977624433920248,0.9101766796857698,0.0031005014487804424,507.42600633589296,True,False,False,physics-filtered candidate selected by residual-calibrated certificate
allen_cahn,2,0.05,0.0,physics_filtered_s2,physics_informed,False,physics_filtered_s1.3,61.19114161275945,149.3620450621225,0.40968334082000885,0.03719304779651929,0.03977624433920248,0.9350568012005016,0.006718095940483267,407.8808744248317,True,False,False,physics-filtered candidate selected by residual-calibrated certificate
allen_cahn,3,0.05,0.0,data_only_lowrank,data_only,False,physics_filtered_s1.3,194.65874160429252,194.64782167911082,1.0000561009369975,0.0407235826431992,0.0409681606951209,0.9940300455581631,0.0,1297.6786449426158,True,False,False,data-driven candidate without PDE residual selection
allen_cahn,3,0.05,0.0,risky_sensor_overfit,risky,False,physics_filtered_s1.3,1160.6274473910378,194.64782167911082,5.962704526457014,0.20405712490303768,0.0409681606951209,4.980871033401287,0.0,7737.311331896083,True,False,False,fits observed points but injects high-frequency nonphysical structure
allen_cahn,3,0.05,0.0,underfit_oversmooth,underfit,False,physics_filtered_s1.3,45.74068683770154,194.64782167911082,0.23499203044310304,0.043174696709960235,0.0409681606951209,1.0538597773574996,0.019068960546119923,304.78284728116466,True,False,False,oversmoothed challenge candidate; shown for diagnosis but not eligible for safe replacement
allen_cahn,3,0.05,0.0,physics_filtered_s0.4,physics_informed,False,physics_filtered_s1.3,179.34814777335492,194.64782167911082,0.9213981755676707,0.040193639322108496,0.0409681606951209,0.9810945534080142,0.00016217516186561368,1195.6086926880137,True,False,False,physics-filtered candidate selected by residual-calibrated certificate
allen_cahn,3,0.05,0.0,physics_filtered_s0.8,physics_informed,True,physics_filtered_s1.3,106.40221129314408,194.64782167911082,0.5466396200855218,0.037978246588688015,0.0409681606951209,0.9270185906169816,0.0015182980437489263,709.3024679895976,True,False,False,physics-filtered candidate selected by residual-calibrated certificate
allen_cahn,3,0.05,0.0,physics_filtered_s1.3,physics_informed,True,physics_filtered_s1.3,78.35162636041042,194.64782167911082,0.40253019882019336,0.03745187870585637,0.0409681606951209,0.9141703720519365,0.0032111005497262174,522.2914870817337,True,False,False,physics-filtered candidate selected by residual-calibrated certificate
allen_cahn,3,0.05,0.0,physics_filtered_s2,physics_informed,False,physics_filtered_s1.3,61.735793516556676,194.64782167911082,0.31716662937195206,0.038600368938671255,0.0409681606951209,0.9422040990560301,0.006793645341561659,411.49767440722184,True,False,False,physics-filtered candidate selected by residual-calibrated certificate
allen_cahn,4,0.05,0.0,data_only_lowrank,data_only,True,physics_filtered_s1.3,463.77441904603904,463.83322218354107,0.9998732235323157,0.050203578231041567,0.050333119876923536,0.9974263139818045,0.0,3091.8239178021836,True,False,False,data-driven candidate without PDE residual selection
allen_cahn,4,0.05,0.0,risky_sensor_overfit,risky,False,physics_filtered_s1.3,1220.3278714915502,463.83322218354107,2.630962624338836,0.20521815429541948,0.050333119876923536,4.077199164151747,0.0,8135.385343017613,True,False,False,fits observed points but injects high-frequency nonphysical structure
allen_cahn,4,0.05,0.0,underfit_oversmooth,underfit,False,physics_filtered_s1.3,92.17677302681523,463.83322218354107,0.19872826830489565,0.05080748146826867,0.050333119876923536,1.0094244424247023,0.02605288974977637,614.3304457910648,True,False,False,oversmoothed challenge candidate; shown for diagnosis but not eligible for safe replacement
allen_cahn,4,0.05,0.0,physics_filtered_s0.4,physics_informed,False,physics_filtered_s1.3,425.2860053605484,463.83322218354107,0.9168942305565593,0.04878512304015545,0.050333119876923536,0.9692449655113263,0.00029325277108932355,2835.2326993446786,True,False,False,physics-filtered candidate selected by residual-calibrated certificate
allen_cahn,4,0.05,0.0,physics_filtered_s0.8,physics_informed,True,physics_filtered_s1.3,235.17472226928757,463.83322218354107,0.5070243161155612,0.04333310308807913,0.050333119876923536,0.8609262289557643,0.002714788259771984,1567.8085914985527,True,False,False,physics-filtered candidate selected by residual-calibrated certificate
allen_cahn,4,0.05,0.0,physics_filtered_s1.3,physics_informed,True,physics_filtered_s1.3,162.7328107485478,463.83322218354107,0.3508433699131479,0.042795827939438244,0.050333119876923536,0.8502518429859699,0.005276538979804327,1084.8453261985721,True,False,False,physics-filtered candidate selected by residual-calibrated certificate
allen_cahn,4,0.05,0.0,physics_filtered_s2,physics_informed,False,physics_filtered_s1.3,125.30878636577727,463.83322218354107,0.270159144219712,0.04500002359716387,0.050333119876923536,0.8940439954110851,0.01016045600627774,835.3185664093454,True,False,False,physics-filtered candidate selected by residual-calibrated certificate
allen_cahn,5,0.05,0.0,data_only_lowrank,data_only,True,physics_filtered_s1.3,323.676771289023,323.8274832026072,0.9995345919620697,0.04967201895655712,0.049982048323972954,0.9937971856135209,0.0,2157.83194018405,True,False,False,data-driven candidate without PDE residual selection
allen_cahn,5,0.05,0.0,risky_sensor_overfit,risky,False,physics_filtered_s1.3,1186.1335866998038,323.8274832026072,3.6628564535940855,0.20479075145093095,0.049982048323972954,4.097286091986943,0.0,7907.396865755133,True,False,False,fits observed points but injects high-frequency nonphysical structure
allen_cahn,5,0.05,0.0,underfit_oversmooth,underfit,False,physics_filtered_s1.3,69.04578609974291,323.8274832026072,0.2132178078799545,0.05066627753818801,0.049982048323972954,1.0136894992531387,0.020871925753197178,460.15434089286396,True,False,False,oversmoothed challenge candidate; shown for diagnosis but not eligible for safe replacement
allen_cahn,5,0.05,0.0,physics_filtered_s0.4,physics_informed,False,physics_filtered_s1.3,297.5553559352886,323.8274832026072,0.9188699890216483,0.04888026256400052,0.049982048323972954,0.9779563703790439,0.00021524418568783283,1983.6880914600408,True,False,False,physics-filtered candidate selected by residual-calibrated certificate
allen_cahn,5,0.05,0.0,physics_filtered_s0.8,physics_informed,True,physics_filtered_s1.3,169.41003026841057,323.8274832026072,0.523149019326492,0.0460237695082427,0.049982048323972954,0.920805990362893,0.001998125461533445,1129.3756557161391,True,False,False,physics-filtered candidate selected by residual-calibrated certificate
allen_cahn,5,0.05,0.0,physics_filtered_s1.3,physics_informed,True,physics_filtered_s1.3,120.14758137059769,323.8274832026072,0.3710234232819124,0.045515415654894295,0.049982048323972954,0.910635261663597,0.003968737982302869,800.9469373444739,True,False,False,physics-filtered candidate selected by residual-calibrated certificate
allen_cahn,5,0.05,0.0,physics_filtered_s2,physics_informed,False,physics_filtered_s1.3,93.5527033356347,323.8274832026072,0.28889673727014037,0.046555622389648485,0.049982048323972954,0.9314468684227074,0.007864373606124584,623.6219016065269,True,False,False,physics-filtered candidate selected by residual-calibrated certificate
allen_cahn,1,0.05,0.01,data_only_lowrank,data_only,True,physics_filtered_s1.3,56.62201453342979,58.41195726804586,0.9693565698132114,0.02412543523366976,0.024586012321170914,0.9812667022831589,0.0,377.37604707546035,False,False,False,data-driven candidate without PDE residual selection
allen_cahn,1,0.05,0.01,risky_sensor_overfit,risky,False,physics_filtered_s1.3,1135.5911153581474,58.41195726804586,19.44107282943848,0.20039388807602476,0.024586012321170914,8.150727553948052,0.0,7570.318645542025,False,False,False,fits observed points but injects high-frequency nonphysical structure
allen_cahn,1,0.05,0.01,underfit_oversmooth,underfit,False,physics_filtered_s1.3,20.692479810560922,58.41195726804586,0.35425075238628145,0.031651574010309796,0.024586012321170914,1.287381361220883,0.015739091997970005,137.75211443241784,False,False,False,oversmoothed challenge candidate; shown for diagnosis but not eligible for safe replacement
allen_cahn,1,0.05,0.01,physics_filtered_s0.4,physics_informed,False,physics_filtered_s1.3,53.59802450801289,58.41195726804586,0.9175865184940937,0.02401848375653546,0.024586012321170914,0.976916607776867,0.00013521906694494837,357.2163506170766,False,False,False,physics-filtered candidate selected by residual-calibrated certificate
allen_cahn,1,0.05,0.01,physics_filtered_s0.8,physics_informed,True,physics_filtered_s1.3,39.66462007190526,58.41195726804586,0.6790496659765761,0.023725352003314503,0.024586012321170914,0.9649939035424507,0.0011804799261921932,264.32578353278114,False,False,False,physics-filtered candidate selected by residual-calibrated certificate
allen_cahn,1,0.05,0.01,physics_filtered_s1.3,physics_informed,True,physics_filtered_s1.3,32.463118713580315,58.41195726804586,0.5557615295205771,0.02412789419568605,0.024586012321170914,0.9813667169575221,0.0024343166717296252,216.31008808716248,False,False,False,physics-filtered candidate selected by residual-calibrated certificate
allen_cahn,1,0.05,0.01,physics_filtered_s2,physics_informed,False,physics_filtered_s1.3,26.879403021683324,58.41195726804586,0.46016953169941427,0.025997787350218744,0.024586012321170914,1.0574218791379493,0.005295492244143476,179.06761284443513,False,False,False,physics-filtered candidate selected by residual-calibrated certificate
allen_cahn,2,0.05,0.01,data_only_lowrank,data_only,True,physics_filtered_s1.3,129.23398218552632,129.79709382384806,0.9956616005664429,0.023068485612150677,0.023493360990597647,0.9819150874326188,0.0,861.4785092058157,False,False,False,data-driven candidate without PDE residual selection
allen_cahn,2,0.05,0.01,risky_sensor_overfit,risky,False,physics_filtered_s1.3,1147.0688670843656,129.79709382384806,8.837400232096737,0.20064396750448413,0.023493360990597647,8.540453942551858,0.0,7646.942165012407,False,False,False,fits observed points but injects high-frequency nonphysical structure
allen_cahn,2,0.05,0.01,underfit_oversmooth,underfit,False,physics_filtered_s1.3,29.480416999909878,129.79709382384806,0.22712694199392863,0.03085478962697972,0.023493360990597647,1.3133408045794246,0.017551729339710772,196.33965753727844,False,False,False,oversmoothed challenge candidate; shown for diagnosis but not eligible for safe replacement
allen_cahn,2,0.05,0.01,physics_filtered_s0.4,physics_informed,False,physics_filtered_s1.3,118.98016908085367,129.79709382384806,0.9166628125150836,0.022734010777090374,0.023493360990597647,0.9676780936206253,0.0001716390627403089,793.1191375768401,False,False,False,physics-filtered candidate selected by residual-calibrated certificate
allen_cahn,2,0.05,0.01,physics_filtered_s0.8,physics_informed,True,physics_filtered_s1.3,69.45117175440451,129.79709382384806,0.5350749366442554,0.021677215581331278,0.023493360990597647,0.9226953771784332,0.0015220522442438214,462.91917209441414,False,False,False,physics-filtered candidate selected by residual-calibrated certificate
allen_cahn,2,0.05,0.01,physics_filtered_s1.3,physics_informed,True,physics_filtered_s1.3,51.19123211848917,129.79709382384806,0.39439428580706204,0.022218275436003843,0.023493360990597647,0.9457257071029627,0.003019389354035496,341.1770177666031,False,False,False,physics-filtered candidate selected by residual-calibrated certificate
allen_cahn,2,0.05,0.01,physics_filtered_s2,physics_informed,False,physics_filtered_s1.3,41.50400809133044,129.79709382384806,0.31976068853788503,0.02462639068153489,0.023493360990597647,1.0482276542016473,0.006193017993873725,276.5743616344756,False,False,False,physics-filtered candidate selected by residual-calibrated certificate
allen_cahn,3,0.05,0.01,data_only_lowrank,data_only,True,physics_filtered_s1.3,231.20572430538837,231.2681748807687,0.9997299646809877,0.03226540145949021,0.03243388026687892,0.9948054686335028,0.0,1541.2922029899732,True,False,False,data-driven candidate without PDE residual selection
allen_cahn,3,0.05,0.01,risky_sensor_overfit,risky,False,physics_filtered_s1.3,1151.4483320173315,231.2681748807687,4.978844722629738,0.2027628712361259,0.03243388026687892,6.251576116131047,0.0,7676.065378465828,True,False,False,fits observed points but injects high-frequency nonphysical structure
allen_cahn,3,0.05,0.01,underfit_oversmooth,underfit,False,physics_filtered_s1.3,47.569591050968626,231.2681748807687,0.2056901736501061,0.03606259289579781,0.03243388026687892,1.1118803115121754,0.021763585744920134,316.90893121560083,True,False,False,oversmoothed challenge candidate; shown for diagnosis but not eligible for safe replacement
allen_cahn,3,0.05,0.01,physics_filtered_s0.4,physics_informed,False,physics_filtered_s1.3,212.60987185702504,231.2681748807687,0.9193217872136366,0.03158429858624231,0.03243388026687892,0.9738057341699569,0.00023047500883500782,1417.3187647357427,True,False,False,physics-filtered candidate selected by residual-calibrated certificate
allen_cahn,3,0.05,0.01,physics_filtered_s0.8,physics_informed,True,physics_filtered_s1.3,121.4816364938434,231.2681748807687,0.5252847113809466,0.029038614869910787,0.03243388026687892,0.8953173234307505,0.0020973542935725426,809.7866661786342,True,False,False,physics-filtered candidate selected by residual-calibrated certificate
allen_cahn,3,0.05,0.01,physics_filtered_s1.3,physics_informed,True,physics_filtered_s1.3,86.78680229088158,231.2681748807687,0.3752647865865008,0.02882636352813113,0.03243388026687892,0.8887731991993412,0.004140426986021669,578.474947034851,True,False,False,physics-filtered candidate selected by residual-calibrated certificate
allen_cahn,3,0.05,0.01,physics_filtered_s2,physics_informed,False,physics_filtered_s1.3,68.19582854122838,231.2681748807687,0.294877704536678,0.030521410203962415,0.03243388026687892,0.9410348053294588,0.008212189079198946,454.5082839414943,True,False,False,physics-filtered candidate selected by residual-calibrated certificate
allen_cahn,4,0.05,0.01,data_only_lowrank,data_only,True,physics_filtered_s1.3,172.22604784788757,172.83591550341282,0.9964714066879566,0.04627636628764042,0.04647019588861147,0.9958289480330256,0.0,1148.0921124122972,True,False,False,data-driven candidate without PDE residual selection
allen_cahn,4,0.05,0.01,risky_sensor_overfit,risky,False,physics_filtered_s1.3,1152.6488222652624,172.83591550341282,6.669035303848612,0.20314643710260205,0.04647019588861147,4.371542516953666,0.0,7684.146512969924,True,False,False,fits observed points but injects high-frequency nonphysical structure
allen_cahn,4,0.05,0.01,underfit_oversmooth,underfit,False,physics_filtered_s1.3,56.1739338596013,172.83591550341282,0.3250130836289739,0.047310412853995086,0.04647019588861147,1.0180807708747244,0.020389262116025274,374.27743522433826,True,False,False,oversmoothed challenge candidate; shown for diagnosis but not eligible for safe replacement
allen_cahn,4,0.05,0.01,physics_filtered_s0.4,physics_informed,False,physics_filtered_s1.3,161.51014214487313,172.83591550341282,0.9344709499437518,0.0458599081705364,0.04647019588861147,0.9868671154189927,0.00016764660674698826,1076.6519910830064,True,False,False,physics-filtered candidate selected by residual-calibrated certificate
allen_cahn,4,0.05,0.01,physics_filtered_s0.8,physics_informed,True,physics_filtered_s1.3,110.93700077890772,172.83591550341282,0.6418631246623999,0.04396007053825175,0.04647019588861147,0.9459841882887164,0.001503347914874625,739.490385756222,True,False,False,physics-filtered candidate selected by residual-calibrated certificate
allen_cahn,4,0.05,0.01,physics_filtered_s1.3,physics_informed,True,physics_filtered_s1.3,88.36851560590063,172.83591550341282,0.511285604895906,0.04300289092389609,0.04647019588861147,0.9253864783795649,0.0031764335228563994,589.0234123474004,True,False,False,physics-filtered candidate selected by residual-calibrated certificate
allen_cahn,4,0.05,0.01,physics_filtered_s2,physics_informed,False,physics_filtered_s1.3,72.01472679513343,172.83591550341282,0.41666528964988764,0.043380825814581296,0.04647019588861147,0.9335193231728811,0.0069829651714969874,479.9731187717034,True,False,False,physics-filtered candidate selected by residual-calibrated certificate
allen_cahn,5,0.05,0.01,data_only_lowrank,data_only,True,physics_filtered_s1.3,170.67501412493948,171.15625269129293,0.9971883085847735,0.041314867967583505,0.04157617062956449,0.9937150858528349,0.0,1137.7356457294939,True,False,False,data-driven candidate without PDE residual selection
allen_cahn,5,0.05,0.01,risky_sensor_overfit,risky,False,physics_filtered_s1.3,1155.1176635666739,171.15625269129293,6.7489071851210864,0.20428983852078028,0.04157617062956449,4.9136280571880695,0.0,7700.526288078696,True,False,False,fits observed points but injects high-frequency nonphysical structure
allen_cahn,5,0.05,0.01,underfit_oversmooth,underfit,False,physics_filtered_s1.3,51.050294135631454,171.15625269129293,0.2982671876306403,0.04379904431408845,0.04157617062956449,1.0534650894926294,0.019753725333092057,340.11739538612863,True,False,False,oversmoothed challenge candidate; shown for diagnosis but not eligible for safe replacement
allen_cahn,5,0.05,0.01,physics_filtered_s0.4,physics_informed,False,physics_filtered_s1.3,159.6587673487258,171.15625269129293,0.9328246256751976,0.04096743876707396,0.04157617062956449,0.9853586356256913,0.00017931790691346999,1064.2939789875732,True,False,False,physics-filtered candidate selected by residual-calibrated certificate
allen_cahn,5,0.05,0.01,physics_filtered_s0.8,physics_informed,True,physics_filtered_s1.3,107.00604518626784,171.15625269129293,0.625195068854828,0.03941487324438035,0.04157617062956449,0.9480159583385183,0.0016084197153442932,713.2721272350193,True,False,False,physics-filtered candidate selected by residual-calibrated certificate
allen_cahn,5,0.05,0.01,physics_filtered_s1.3,physics_informed,True,physics_filtered_s1.3,83.00444338822032,171.15625269129293,0.484962962690772,0.03876455151818715,0.04157617062956449,0.9323742646392162,0.0033432579414900457,553.252602911471,True,False,False,physics-filtered candidate selected by residual-calibrated certificate
allen_cahn,5,0.05,0.01,physics_filtered_s2,physics_informed,False,physics_filtered_s1.3,66.36557758555244,171.15625269129293,0.38774848445211496,0.03961353163559117,0.04157617062956449,0.9527941374781039,0.0070746565434931736,442.3034669581371,True,False,False,physics-filtered candidate selected by residual-calibrated certificate
allen_cahn,1,0.05,0.03,data_only_lowrank,data_only,True,physics_filtered_s1.3,259.07403598377124,260.2773388754832,0.9953768434205151,0.047824878042248185,0.04845570394520259,0.9869813901650305,0.0,1726.935203173876,True,False,False,data-driven candidate without PDE residual selection
allen_cahn,1,0.05,0.03,risky_sensor_overfit,risky,False,physics_filtered_s1.3,1156.1949278090044,260.2773388754832,4.442165164298548,0.20571056011424133,0.04845570394520259,4.245332197477292,0.0,7707.609777207773,True,False,False,fits observed points but injects high-frequency nonphysical structure
allen_cahn,1,0.05,0.03,underfit_oversmooth,underfit,False,physics_filtered_s1.3,59.081372931012076,260.2773388754832,0.22699391805014726,0.046800649892357396,0.04845570394520259,0.9658439787463886,0.024192966883821766,393.49726790308114,True,False,False,oversmoothed challenge candidate; shown for diagnosis but not eligible for safe replacement
allen_cahn,1,0.05,0.03,physics_filtered_s0.4,physics_informed,False,physics_filtered_s1.3,238.37178858674918,260.2773388754832,0.9158376584631726,0.046877948897640256,0.04845570394520259,0.9674392296454093,0.00033504747146856557,1588.918882605714,True,False,False,physics-filtered candidate selected by residual-calibrated certificate
allen_cahn,1,0.05,0.03,physics_filtered_s0.8,physics_informed,True,physics_filtered_s1.3,138.00377883871025,260.2773388754832,0.5302181873956026,0.0429575550173675,0.04845570394520259,0.886532472318649,0.0028309941019203345,919.7859691953776,True,False,False,physics-filtered candidate selected by residual-calibrated certificate
allen_cahn,1,0.05,0.03,physics_filtered_s1.3,physics_informed,True,physics_filtered_s1.3,99.82520716529882,260.2773388754832,0.38353399338024907,0.041775189279202714,0.04845570394520259,0.862131511402314,0.005205115407518061,665.2482324532879,True,False,False,physics-filtered candidate selected by residual-calibrated certificate
allen_cahn,1,0.05,0.03,physics_filtered_s2,physics_informed,False,physics_filtered_s1.3,78.83856594510114,260.2773388754832,0.30290215155003264,0.04240044645903634,0.04845570394520259,0.8750351972207641,0.009685912835697006,525.3089674678017,True,False,False,physics-filtered candidate selected by residual-calibrated certificate
allen_cahn,2,0.05,0.03,data_only_lowrank,data_only,True,physics_filtered_s1.3,226.72696884326476,228.04009951978023,0.9942416676747566,0.04418217313425929,0.04478499134311427,0.9865397269986477,0.0,1511.2875653325486,True,False,False,data-driven candidate without PDE residual selection
allen_cahn,2,0.05,0.03,risky_sensor_overfit,risky,False,physics_filtered_s1.3,1151.632565733156,228.04009951978023,5.050131832771185,0.20532424296824633,0.04478499134311427,4.584666353747782,0.0,7677.222932653183,True,False,False,fits observed points but injects high-frequency nonphysical structure
allen_cahn,2,0.05,0.03,underfit_oversmooth,underfit,False,physics_filtered_s1.3,49.239100775430195,228.04009951978023,0.2159229928381915,0.04382437040396928,0.04478499134311427,0.9785503823643983,0.02576984651646989,327.86773908504256,True,False,False,oversmoothed challenge candidate; shown for diagnosis but not eligible for safe replacement
allen_cahn,2,0.05,0.03,physics_filtered_s0.4,physics_informed,False,physics_filtered_s1.3,207.80493399093183,228.04009951978023,0.9112648802931517,0.04334039950366269,0.04478499134311427,0.967743840132696,0.00034063711280715427,1385.1389141164188,True,False,False,physics-filtered candidate selected by residual-calibrated certificate
allen_cahn,2,0.05,0.03,physics_filtered_s0.8,physics_informed,True,physics_filtered_s1.3,118.10513687967627,228.04009951978023,0.5179138981625961,0.04015474774090492,0.04478499134311427,0.8966117115523823,0.0029046498266444972,787.1253190568448,True,False,False,physics-filtered candidate selected by residual-calibrated certificate
allen_cahn,2,0.05,0.03,physics_filtered_s1.3,physics_informed,True,physics_filtered_s1.3,85.85104714451217,228.04009951978023,0.37647346815451227,0.0389904374823063,0.04478499134311427,0.870613933643877,0.005424818608618172,572.0825086172672,True,False,False,physics-filtered candidate selected by residual-calibrated certificate
allen_cahn,2,0.05,0.03,physics_filtered_s2,physics_informed,False,physics_filtered_s1.3,68.27752090779761,228.04009951978023,0.2994101522126152,0.039377532849386256,0.04478499134311427,0.8792573509018067,0.010248008366172139,454.8945881000493,True,False,False,physics-filtered candidate selected by residual-calibrated certificate
allen_cahn,3,0.05,0.03,data_only_lowrank,data_only,True,physics_filtered_s1.3,258.2272108764756,259.6020659660592,0.9947039901840985,0.037448616597037666,0.037877133100138974,0.9886866700561237,0.0,1721.2849105236414,True,False,False,data-driven candidate without PDE residual selection
allen_cahn,3,0.05,0.03,risky_sensor_overfit,risky,False,physics_filtered_s1.3,1171.4470648227148,259.6020659660592,4.512472042406116,0.20224490323713867,0.037877133100138974,5.339498707494764,0.0,7809.224954978109,True,False,False,fits observed points but injects high-frequency nonphysical structure
allen_cahn,3,0.05,0.03,underfit_oversmooth,underfit,False,physics_filtered_s1.3,55.52518299977498,259.6020659660592,0.21388575161429654,0.03616579796149029,0.037877133100138974,0.9548187785205627,0.025419781042074725,369.77721473324624,True,False,False,oversmoothed challenge candidate; shown for diagnosis but not eligible for safe replacement
allen_cahn,3,0.05,0.03,physics_filtered_s0.4,physics_informed,False,physics_filtered_s1.3,237.25072476086376,259.6020659660592,0.9139015280097247,0.036434768546624974,0.037877133100138974,0.9619199121891665,0.0003494250731483296,1581.4402831537648,True,False,False,physics-filtered candidate selected by residual-calibrated certificate
allen_cahn,3,0.05,0.03,physics_filtered_s0.8,physics_informed,True,physics_filtered_s1.3,135.09241176697236,259.6020659660592,0.5203826528277092,0.03228798828610351,0.037877133100138974,0.852440130563435,0.0029629838504012253,900.3714293116324,True,False,False,physics-filtered candidate selected by residual-calibrated certificate
allen_cahn,3,0.05,0.03,physics_filtered_s1.3,physics_informed,True,physics_filtered_s1.3,96.51088867115126,259.6020659660592,0.37176471732612826,0.031032725656638727,0.037877133100138974,0.8192997493705659,0.005436951283200776,643.1466202032834,True,False,False,physics-filtered candidate selected by residual-calibrated certificate
allen_cahn,3,0.05,0.03,physics_filtered_s2,physics_informed,False,physics_filtered_s1.3,76.06853376237899,259.6020659660592,0.29301975498270505,0.03161149244138834,0.037877133100138974,0.8345798600168548,0.010092869318970764,506.8347199424498,True,False,False,physics-filtered candidate selected by residual-calibrated certificate
allen_cahn,4,0.05,0.03,data_only_lowrank,data_only,True,physics_filtered_s1.3,247.29446703647676,247.9793088329125,0.997238310729795,0.04731316049228377,0.047718766643507306,0.9915000705017127,0.0,1648.4033127659213,True,False,False,data-driven candidate without PDE residual selection
allen_cahn,4,0.05,0.03,risky_sensor_overfit,risky,False,physics_filtered_s1.3,1162.0125232113612,247.9793088329125,4.685925324496796,0.20645728305078867,0.047718766643507306,4.3265427329428485,0.0,7746.464042731134,True,False,False,fits observed points but injects high-frequency nonphysical structure
allen_cahn,4,0.05,0.03,underfit_oversmooth,underfit,False,physics_filtered_s1.3,64.29372024197463,247.9793088329125,0.25927050343258773,0.0470527362633072,0.047718766643507306,0.9860425902001646,0.02623620505039178,428.23205216485337,True,False,False,oversmoothed challenge candidate; shown for diagnosis but not eligible for safe replacement
allen_cahn,4,0.05,0.03,physics_filtered_s0.4,physics_informed,False,physics_filtered_s1.3,229.74400837051942,247.9793088329125,0.926464427422528,0.04653335245129945,0.047718766643507306,0.9751583228871171,0.0003435285494958158,1531.3987216677217,True,False,False,physics-filtered candidate selected by residual-calibrated certificate
allen_cahn,4,0.05,0.03,physics_filtered_s0.8,physics_informed,True,physics_filtered_s1.3,144.8381370185039,247.9793088329125,0.5840734765338614,0.04346599888221037,0.047718766643507306,0.9108785062703114,0.0029115077216263,965.3459865859433,True,False,False,physics-filtered candidate selected by residual-calibrated certificate
allen_cahn,4,0.05,0.03,physics_filtered_s1.3,physics_informed,True,physics_filtered_s1.3,109.08885055517797,247.9793088329125,0.43991110011795853,0.04243830423544324,0.047718766643507306,0.8893420182377686,0.0053978186423039596,727.0030134189957,True,False,False,physics-filtered candidate selected by residual-calibrated certificate
allen_cahn,4,0.05,0.03,physics_filtered_s2,physics_informed,False,physics_filtered_s1.3,86.47207744118225,247.9793088329125,0.3487068249692012,0.04292166873829484,0.047718766643507306,0.8994714607368286,0.010230468596708288,576.1942328920712,True,False,False,physics-filtered candidate selected by residual-calibrated certificate
allen_cahn,5,0.05,0.03,data_only_lowrank,data_only,True,physics_filtered_s1.3,340.3236010773973,341.0230200096153,0.9979490565411118,0.052011206291034395,0.052371800043080764,0.9931147344039567,0.0,2268.5954231923442,True,False,False,data-driven candidate without PDE residual selection
allen_cahn,5,0.05,0.03,risky_sensor_overfit,risky,False,physics_filtered_s1.3,1182.9638939690255,341.0230200096153,3.468868154225095,0.20551598326665077,0.052371800043080764,3.9241726099479157,0.0,7885.989345222666,True,False,False,fits observed points but injects high-frequency nonphysical structure
allen_cahn,5,0.05,0.03,underfit_oversmooth,underfit,False,physics_filtered_s1.3,71.52657589481407,341.0230200096153,0.20974119545594644,0.04765324073426729,0.052371800043080764,0.9099026707914963,0.025307703299106133,476.45197459390755,True,False,False,oversmoothed challenge candidate; shown for diagnosis but not eligible for safe replacement
allen_cahn,5,0.05,0.03,physics_filtered_s0.4,physics_informed,False,physics_filtered_s1.3,312.68118985542054,341.0230200096153,0.9168917389993303,0.05063860901257986,0.052371800043080764,0.9669060251883248,0.0003466362833007509,2084.311003317431,True,False,False,physics-filtered candidate selected by residual-calibrated certificate
allen_cahn,5,0.05,0.03,physics_filtered_s0.8,physics_informed,True,physics_filtered_s1.3,177.20277194023143,341.0230200096153,0.519621144447183,0.04483778707502127,0.052371800043080764,0.8561437078214192,0.0029517381196771304,1181.1069308279052,True,False,False,physics-filtered candidate selected by residual-calibrated certificate
allen_cahn,5,0.05,0.03,physics_filtered_s1.3,physics_informed,True,physics_filtered_s1.3,124.793552761706,341.0230200096153,0.36593879427314613,0.04309038006447043,0.052371800043080764,0.8227782896177281,0.005430280657030992,831.6973419803445,True,False,False,physics-filtered candidate selected by residual-calibrated certificate
allen_cahn,5,0.05,0.03,physics_filtered_s2,physics_informed,False,physics_filtered_s1.3,96.24223107947607,341.0230200096153,0.28221623008547103,0.04345509069846469,0.052371800043080764,0.8297421639487095,0.010110805363453016,641.3256521699967,True,False,False,physics-filtered candidate selected by residual-calibrated certificate
allen_cahn,1,0.05,0.05,data_only_lowrank,data_only,True,physics_filtered_s1.3,234.3300732300288,238.97528427411902,0.9805619603792882,0.0502698215921455,0.05058024348467057,0.9938627837247755,0.0,1561.8102163737544,True,False,False,data-driven candidate without PDE residual selection
allen_cahn,1,0.05,0.05,risky_sensor_overfit,risky,False,physics_filtered_s1.3,1156.268744731356,238.97528427411902,4.838444897109282,0.20710115286207484,0.05058024348467057,4.094506838836131,0.0,7707.897468762659,True,False,False,fits observed points but injects high-frequency nonphysical structure
allen_cahn,1,0.05,0.05,underfit_oversmooth,underfit,False,physics_filtered_s1.3,51.651253250596035,238.97528427411902,0.216136381665933,0.04515304366602945,0.05058024348467057,0.8927011922910444,0.03128095550819809,343.76019724621517,True,False,False,oversmoothed challenge candidate; shown for diagnosis but not eligible for safe replacement
allen_cahn,1,0.05,0.05,physics_filtered_s0.4,physics_informed,False,physics_filtered_s1.3,215.1213567271665,238.97528427411902,0.9001824493298164,0.04916834182304541,0.05058024348467057,0.9720859061695668,0.0005172155715901637,1433.7508201852738,True,False,False,physics-filtered candidate selected by residual-calibrated certificate
allen_cahn,1,0.05,0.05,physics_filtered_s0.8,physics_informed,True,physics_filtered_s1.3,125.04791740396608,238.97528427411902,0.5232671561989988,0.04485792829230888,0.05058024348467057,0.8868665945630959,0.004280758360493395,833.2459773189344,True,False,False,physics-filtered candidate selected by residual-calibrated certificate
allen_cahn,1,0.05,0.05,physics_filtered_s1.3,physics_informed,True,physics_filtered_s1.3,91.30856424774097,238.97528427411902,0.3820837143267259,0.04288697312341811,0.05058024348467057,0.8478996969551567,0.007639356953276696,608.2986760126355,True,False,False,physics-filtered candidate selected by residual-calibrated certificate
allen_cahn,1,0.05,0.05,physics_filtered_s2,physics_informed,False,physics_filtered_s1.3,72.18704819558289,238.97528427411902,0.302069096454258,0.04219420530843809,0.05058024348467057,0.8342032857234416,0.013577480614882405,480.784758765928,True,False,False,physics-filtered candidate selected by residual-calibrated certificate
allen_cahn,2,0.05,0.05,data_only_lowrank,data_only,True,physics_filtered_s1.3,147.75535038912554,157.57744547180837,0.9376681411906693,0.048385012237347515,0.0487364898499449,0.9927882041839218,0.0,984.6582449877177,True,False,False,data-driven candidate without PDE residual selection
allen_cahn,2,0.05,0.05,risky_sensor_overfit,risky,False,physics_filtered_s1.3,1147.2586701421756,157.57744547180837,7.2806020348097364,0.20418145059055712,0.0487364898499449,4.189498489017638,0.0,7647.822191693461,True,False,False,fits observed points but injects high-frequency nonphysical structure
allen_cahn,2,0.05,0.05,underfit_oversmooth,underfit,False,physics_filtered_s1.3,53.690021712448484,157.57744547180837,0.34072148810188474,0.04341228971864165,0.0487364898499449,0.8907553632075942,0.030140397050847874,357.3691514289718,True,False,False,oversmoothed challenge candidate; shown for diagnosis but not eligible for safe replacement
allen_cahn,2,0.05,0.05,physics_filtered_s0.4,physics_informed,False,physics_filtered_s1.3,141.16033039509668,157.57744547180837,0.8958155780000272,0.04741328010448572,0.0487364898499449,0.9728497117764109,0.000488084533264457,940.6896962287651,True,False,False,physics-filtered candidate selected by residual-calibrated certificate
allen_cahn,2,0.05,0.05,physics_filtered_s0.8,physics_informed,True,physics_filtered_s1.3,111.23488543914428,157.57744547180837,0.7059061346380578,0.043496279323757894,0.0487364898499449,0.8924787044940331,0.00404542157860205,741.1698219483154,True,False,False,physics-filtered candidate selected by residual-calibrated certificate
allen_cahn,2,0.05,0.05,physics_filtered_s1.3,physics_informed,True,physics_filtered_s1.3,90.83356567430874,157.57744547180837,0.5764376075671241,0.041369641352081564,0.0487364898499449,0.8488432687418808,0.007265256336196507,605.1428882126725,True,False,False,physics-filtered candidate selected by residual-calibrated certificate
allen_cahn,2,0.05,0.05,physics_filtered_s2,physics_informed,False,physics_filtered_s1.3,72.3947151214846,157.57744547180837,0.4594230786311104,0.04042587175875415,0.0487364898499449,0.829478525892861,0.013012287314814899,482.18123049833326,True,False,False,physics-filtered candidate selected by residual-calibrated certificate
allen_cahn,3,0.05,0.05,data_only_lowrank,data_only,True,physics_filtered_s1.3,132.5100758896076,142.28263217154046,0.9313158877314578,0.051561188651779735,0.05166454802227175,0.9979994139996065,0.0,883.0197299675635,True,False,False,data-driven candidate without PDE residual selection
allen_cahn,3,0.05,0.05,risky_sensor_overfit,risky,False,physics_filtered_s1.3,1140.3304918311053,142.28263217154046,8.014544533139356,0.20681361723536199,0.05166454802227175,4.003008351920643,0.0,7601.648852457958,True,False,False,fits observed points but injects high-frequency nonphysical structure
allen_cahn,3,0.05,0.05,underfit_oversmooth,underfit,False,physics_filtered_s1.3,49.09341131249103,142.28263217154046,0.3450414893456716,0.04506137144043084,0.05166454802227175,0.8721913413455862,0.03107611477560895,326.7162622664609,True,False,False,oversmoothed challenge candidate; shown for diagnosis but not eligible for safe replacement
allen_cahn,3,0.05,0.05,physics_filtered_s0.4,physics_informed,False,physics_filtered_s1.3,126.2492443538786,142.28263217154046,0.8873131065052804,0.05063379472528608,0.05166454802227175,0.9800491180621307,0.00048579257803184025,841.2789575721969,True,False,False,physics-filtered candidate selected by residual-calibrated certificate
allen_cahn,3,0.05,0.05,physics_filtered_s0.8,physics_informed,True,physics_filtered_s1.3,98.1832467856675,142.28263217154046,0.6900578467461439,0.0468234079640533,0.05166454802227175,0.906296672584113,0.004027574928893232,654.154912401026,True,False,False,physics-filtered candidate selected by residual-calibrated certificate
allen_cahn,3,0.05,0.05,physics_filtered_s1.3,physics_informed,True,physics_filtered_s1.3,81.18043726646547,142.28263217154046,0.5705576009346749,0.04451978909238351,0.05166454802227175,0.8617086724987905,0.007251189851608102,540.7849336075153,True,False,False,physics-filtered candidate selected by residual-calibrated certificate
allen_cahn,3,0.05,0.05,physics_filtered_s2,physics_informed,False,physics_filtered_s1.3,65.99336584019231,142.28263217154046,0.46381884305196264,0.04294070472747892,0.05166454802227175,0.8311444959924305,0.01310851407952665,439.5014872112137,True,False,False,physics-filtered candidate selected by residual-calibrated certificate
allen_cahn,4,0.05,0.05,data_only_lowrank,data_only,True,physics_filtered_s1.3,339.76880702326844,341.70474836311007,0.9943344616979527,0.05146223004447815,0.05160213580151345,0.9972887603224266,0.0,2264.7544865687505,True,False,False,data-driven candidate without PDE residual selection
allen_cahn,4,0.05,0.05,risky_sensor_overfit,risky,False,physics_filtered_s1.3,1176.5220823481966,341.70474836311007,3.4430955027232177,0.20640305042292864,0.05160213580151345,3.999893555043028,0.0,7842.974078050017,True,False,False,fits observed points but injects high-frequency nonphysical structure
allen_cahn,4,0.05,0.05,underfit_oversmooth,underfit,False,physics_filtered_s1.3,74.81773132247527,341.70474836311007,0.2189543214745454,0.045810268538508565,0.05160213580151345,0.88775915620681,0.035155797366326694,498.1897248951306,True,False,False,oversmoothed challenge candidate; shown for diagnosis but not eligible for safe replacement
allen_cahn,4,0.05,0.05,physics_filtered_s0.4,physics_informed,False,physics_filtered_s1.3,312.8345401077553,341.70474836311007,0.9155112464967066,0.050110704117091495,0.05160213580151345,0.9710974814854599,0.0005588039760494166,2085.189863718927,True,False,False,physics-filtered candidate selected by residual-calibrated certificate
allen_cahn,4,0.05,0.05,physics_filtered_s0.8,physics_informed,True,physics_filtered_s1.3,182.4751250902579,341.70474836311007,0.5340140163822116,0.04476147236464292,0.05160213580151345,0.8674344902302021,0.004725886009975243,1216.1028224348083,True,False,False,physics-filtered candidate selected by residual-calibrated certificate
allen_cahn,4,0.05,0.05,physics_filtered_s1.3,physics_informed,True,physics_filtered_s1.3,133.21840038053554,341.70474836311007,0.3898640595973562,0.04262544416599404,0.05160213580151345,0.826040308275725,0.008579235830276892,887.7010011952457,True,False,False,physics-filtered candidate selected by residual-calibrated certificate
allen_cahn,4,0.05,0.05,physics_filtered_s2,physics_informed,False,physics_filtered_s1.3,105.97727348369041,341.70474836311007,0.3101428177142979,0.04218463765502705,0.05160213580151345,0.8174979000185553,0.015336554100965138,706.0505859084712,True,False,False,physics-filtered candidate selected by residual-calibrated certificate
allen_cahn,5,0.05,0.05,data_only_lowrank,data_only,True,physics_filtered_s1.3,392.43607858932114,394.3315702893728,0.9951931525577278,0.07386308144052169,0.07403765769996673,0.9976420612717092,0.0,2615.803428659488,True,False,False,data-driven candidate without PDE residual selection
allen_cahn,5,0.05,0.05,risky_sensor_overfit,risky,False,physics_filtered_s1.3,1197.0545060471186,394.3315702893728,3.035654754116389,0.21322788818165128,0.07403765769996673,2.8799923552804008,0.0,7979.852030728534,True,False,False,fits observed points but injects high-frequency nonphysical structure
allen_cahn,5,0.05,0.05,underfit_oversmooth,underfit,False,physics_filtered_s1.3,98.54620597639004,394.3315702893728,0.2499069651057193,0.06149900488825335,0.07403765769996673,0.830644928512512,0.03574805853422332,656.3412714224545,True,False,False,oversmoothed challenge candidate; shown for diagnosis but not eligible for safe replacement
allen_cahn,5,0.05,0.05,physics_filtered_s0.4,physics_informed,False,physics_filtered_s1.3,363.2938469884573,394.3315702893728,0.9212902906096512,0.0720863618531269,0.07403765769996673,0.9736445491600911,0.000540698662702371,2421.5222279865898,True,False,False,physics-filtered candidate selected by residual-calibrated certificate
allen_cahn,5,0.05,0.05,physics_filtered_s0.8,physics_informed,True,physics_filtered_s1.3,223.0046526317256,394.3315702893728,0.5655257388295775,0.0641349507298694,0.07403765769996673,0.8662477004459849,0.00456266872447493,1486.2538546118442,True,False,False,physics-filtered candidate selected by residual-calibrated certificate
allen_cahn,5,0.05,0.05,physics_filtered_s1.3,physics_informed,True,physics_filtered_s1.3,166.66636572562368,394.3315702893728,0.4226553953144514,0.06036288131428327,0.07403765769996673,0.8152997162347438,0.008340242601137884,1110.6497258569975,True,False,False,physics-filtered candidate selected by residual-calibrated certificate
allen_cahn,5,0.05,0.05,physics_filtered_s2,physics_informed,False,physics_filtered_s1.3,131.74166044889162,394.3315702893728,0.3340885447041817,0.058728307059247475,0.07403765769996673,0.7932221099760783,0.015197687007140541,877.7786787708988,True,False,False,physics-filtered candidate selected by residual-calibrated certificate
allen_cahn,1,0.1,0.0,data_only_lowrank,data_only,False,physics_filtered_s1.3,51.18943807048358,51.108708058896084,1.0015795744923441,0.016852344108173597,0.01702509181397912,0.9898533465379885,0.0,341.26013831695013,False,False,False,data-driven candidate without PDE residual selection
allen_cahn,1,0.1,0.0,risky_sensor_overfit,risky,False,physics_filtered_s1.3,1092.575374596056,51.108708058896084,21.377479809056897,0.2010024920387811,0.01702509181397912,11.806250105619629,0.0,7283.77628496755,False,False,False,fits observed points but injects high-frequency nonphysical structure
allen_cahn,1,0.1,0.0,underfit_oversmooth,underfit,False,physics_filtered_s1.3,20.26984914928812,51.108708058896084,0.3966026518598236,0.026204320242708946,0.01702509181397912,1.539158820844285,0.013777775684390547,135.03443983275045,False,False,False,oversmoothed challenge candidate; shown for diagnosis but not eligible for safe replacement
allen_cahn,1,0.1,0.0,physics_filtered_s0.4,physics_informed,False,physics_filtered_s1.3,48.09183753269736,51.108708058896084,0.9409714970152813,0.016745590618012545,0.01702509181397912,0.9835829844558805,8.270571783599503e-05,320.6089967362464,False,False,False,physics-filtered candidate selected by residual-calibrated certificate
allen_cahn,1,0.1,0.0,physics_filtered_s0.8,physics_informed,True,physics_filtered_s1.3,33.73120905825348,51.108708058896084,0.6599894683188239,0.01642936687003897,0.01702509181397912,0.9650090025114569,0.000771426293411197,224.8669771492947,False,False,False,physics-filtered candidate selected by residual-calibrated certificate
allen_cahn,1,0.1,0.0,physics_filtered_s1.3,physics_informed,True,physics_filtered_s1.3,28.18637263968035,51.108708058896084,0.5514984375499905,0.01705226209801675,0.01702509181397912,1.0015958964176468,0.0017947031864256142,187.8941076772163,False,False,False,physics-filtered candidate selected by residual-calibrated certificate
allen_cahn,1,0.1,0.0,physics_filtered_s2,physics_informed,False,physics_filtered_s1.3,25.954104049494823,51.108708058896084,0.5078215637848957,0.0196400956165571,0.01702509181397912,1.1535970454665763,0.004307863349890471,172.9945397526031,False,False,False,physics-filtered candidate selected by residual-calibrated certificate
allen_cahn,2,0.1,0.0,data_only_lowrank,data_only,False,physics_filtered_s1.3,71.18352989382873,71.17102170859225,1.0001757482882108,0.017549417858482116,0.017745760096005418,0.988935822559867,0.0,474.55253873325483,False,False,False,data-driven candidate without PDE residual selection
allen_cahn,2,0.1,0.0,risky_sensor_overfit,risky,False,physics_filtered_s1.3,1091.709737694771,71.17102170859225,15.339244983228296,0.20017997304780577,0.017745760096005418,11.280439493915281,0.0,7277.870804528132,False,False,False,fits observed points but injects high-frequency nonphysical structure
allen_cahn,2,0.1,0.0,underfit_oversmooth,underfit,False,physics_filtered_s1.3,22.28016605812893,71.17102170859225,0.3130510919086441,0.02705763855234353,0.017745760096005418,1.5247382137725105,0.013823594455337694,148.43461845539287,False,False,False,oversmoothed challenge candidate; shown for diagnosis but not eligible for safe replacement
allen_cahn,2,0.1,0.0,physics_filtered_s0.4,physics_informed,False,physics_filtered_s1.3,66.13880819469438,71.17102170859225,0.9292940666989009,0.01736249155387858,0.017745760096005418,0.9784022470138366,8.458258005832072e-05,440.9205849962728,False,False,False,physics-filtered candidate selected by residual-calibrated certificate
allen_cahn,2,0.1,0.0,physics_filtered_s0.8,physics_informed,True,physics_filtered_s1.3,41.96835221565099,71.17102170859225,0.5896831492385853,0.016766765395843125,0.017745760096005418,0.9448321911368848,0.0007941114758935169,279.77969370910506,False,False,False,physics-filtered candidate selected by residual-calibrated certificate
allen_cahn,2,0.1,0.0,physics_filtered_s1.3,physics_informed,True,physics_filtered_s1.3,32.929575005817156,71.17102170859225,0.46268234198809055,0.017487392970356744,0.017745760096005418,0.9854406277760809,0.0018298764088266531,219.5139157613351,False,False,False,physics-filtered candidate selected by residual-calibrated certificate
allen_cahn,2,0.1,0.0,physics_filtered_s2,physics_informed,False,physics_filtered_s1.3,28.76126107581686,71.17102170859225,0.4041147701037458,0.020296937518503227,0.017745760096005418,1.1437626456997083,0.004342002917966365,191.70747772621624,False,False,False,physics-filtered candidate selected by residual-calibrated certificate
allen_cahn,3,0.1,0.0,data_only_lowrank,data_only,False,physics_filtered_s1.3,39.19639495763557,39.10833905448241,1.0022515889265837,0.014515890428673227,0.014796664128944708,0.9810245269605555,0.0,261.2991732745199,False,False,False,data-driven candidate without PDE residual selection
allen_cahn,3,0.1,0.0,risky_sensor_overfit,risky,False,physics_filtered_s1.3,1090.9790588626834,39.10833905448241,27.896328129476334,0.2008627875244965,0.014796664128944708,13.574869697690913,0.0,7273.060773682841,False,False,False,fits observed points but injects high-frequency nonphysical structure
allen_cahn,3,0.1,0.0,underfit_oversmooth,underfit,False,physics_filtered_s1.3,16.885845712694522,39.10833905448241,0.43177097572899137,0.025304258850795364,0.014796664128944708,1.7101326777828212,0.014115571276528445,112.46961623959041,False,False,False,oversmoothed challenge candidate; shown for diagnosis but not eligible for safe replacement
allen_cahn,3,0.1,0.0,physics_filtered_s0.4,physics_informed,False,physics_filtered_s1.3,37.06645989777882,39.10833905448241,0.9477891619518802,0.014481640320512558,0.014796664128944708,0.978709808733536,8.105671593431342e-05,247.099461751677,False,False,False,physics-filtered candidate selected by residual-calibrated certificate
allen_cahn,3,0.1,0.0,physics_filtered_s0.8,physics_informed,True,physics_filtered_s1.3,27.216020345954846,39.10833905448241,0.6959134804482263,0.014590063435343721,0.014796664128944708,0.9860373464730554,0.0007698619271236603,181.42707697154438,False,False,False,physics-filtered candidate selected by residual-calibrated certificate
allen_cahn,3,0.1,0.0,physics_filtered_s1.3,physics_informed,True,physics_filtered_s1.3,22.67386745492727,39.10833905448241,0.5797706576937309,0.015602407603563535,0.014796664128944708,1.0544544004339602,0.0018367641763391564,151.13951265759516,False,False,True,physics-filtered candidate selected by residual-calibrated certificate
allen_cahn,3,0.1,0.0,physics_filtered_s2,physics_informed,False,physics_filtered_s1.3,20.851247350169697,39.10833905448241,0.5331662723165251,0.018504283116783912,0.014796664128944708,1.2505712743276993,0.00443737275384595,138.97123513502657,False,False,False,physics-filtered candidate selected by residual-calibrated certificate
allen_cahn,4,0.1,0.0,data_only_lowrank,data_only,False,physics_filtered_s1.3,114.82989426100355,114.33882607410128,1.004294850697374,0.019926358483300887,0.020029312054215487,0.9948598548152436,0.0,765.5289563583443,True,False,False,data-driven candidate without PDE residual selection
allen_cahn,4,0.1,0.0,risky_sensor_overfit,risky,False,physics_filtered_s1.3,1094.0611192889335,114.33882607410128,9.568588001593433,0.20121563227166667,0.020029312054215487,10.046058083121812,0.0,7293.557946434664,True,False,False,fits observed points but injects high-frequency nonphysical structure
allen_cahn,4,0.1,0.0,underfit_oversmooth,underfit,False,physics_filtered_s1.3,30.394793195692223,114.33882607410128,0.2658309013597319,0.026904204051017608,0.020029312054215487,1.3432415440355552,0.015000172539604636,202.52491065866369,True,False,False,oversmoothed challenge candidate; shown for diagnosis but not eligible for safe replacement
allen_cahn,4,0.1,0.0,physics_filtered_s0.4,physics_informed,False,physics_filtered_s1.3,106.3658823238048,114.33882607410128,0.9302691480745984,0.019488860464176683,0.020029312054215487,0.9730169668559299,0.00011640420310070066,709.1014439301379,True,False,False,physics-filtered candidate selected by residual-calibrated certificate
allen_cahn,4,0.1,0.0,physics_filtered_s0.8,physics_informed,True,physics_filtered_s1.3,65.14000782359261,114.33882607410128,0.5697103080398586,0.017766687683193214,0.020029312054215487,0.8870343441759349,0.0010702049219352891,434.255747523982,True,False,False,physics-filtered candidate selected by residual-calibrated certificate
allen_cahn,4,0.1,0.0,physics_filtered_s1.3,physics_informed,True,physics_filtered_s1.3,50.04016534713167,114.33882607410128,0.4376480594151015,0.01805974291870272,0.020029312054215487,0.9016656622512453,0.002256545668838016,333.58174018578734,True,False,False,physics-filtered candidate selected by residual-calibrated certificate
allen_cahn,4,0.1,0.0,physics_filtered_s2,physics_informed,False,physics_filtered_s1.3,42.58769741858455,114.33882607410128,0.37246925546518844,0.02055210759364546,0.020029312054215487,1.0261015224581236,0.004962859994801259,283.8796482093785,True,False,False,physics-filtered candidate selected by residual-calibrated certificate
allen_cahn,5,0.1,0.0,data_only_lowrank,data_only,True,physics_filtered_s1.3,42.14661950500219,42.45379449370916,0.9927644868410177,0.013725504047614736,0.01394262609406918,0.984427463953062,0.0,280.9753534770176,False,False,False,data-driven candidate without PDE residual selection
allen_cahn,5,0.1,0.0,risky_sensor_overfit,risky,False,physics_filtered_s1.3,1095.9873065158888,42.45379449370916,25.816003482992958,0.199440711475834,0.01394262609406918,14.30438642734358,0.0,7306.361082407722,False,False,False,fits observed points but injects high-frequency nonphysical structure
allen_cahn,5,0.1,0.0,underfit_oversmooth,underfit,False,physics_filtered_s1.3,17.11840638904997,42.45379449370916,0.4032244135818339,0.025195004588260125,0.01394262609406918,1.8070487163942779,0.013578843523259014,114.02619783763603,False,False,False,oversmoothed challenge candidate; shown for diagnosis but not eligible for safe replacement
allen_cahn,5,0.1,0.0,physics_filtered_s0.4,physics_informed,False,physics_filtered_s1.3,39.29130586202161,42.45379449370916,0.9255075154199208,0.013667267731185246,0.01394262609406918,0.9802506097483806,7.669207708106628e-05,261.9394660239721,False,False,False,physics-filtered candidate selected by residual-calibrated certificate
allen_cahn,5,0.1,0.0,physics_filtered_s0.8,physics_informed,True,physics_filtered_s1.3,26.1460964644676,42.45379449370916,0.6158718384605488,0.013674627481901526,0.01394262609406918,0.9807784694690743,0.0007185892718554949,174.3002706712095,False,False,False,physics-filtered candidate selected by residual-calibrated certificate
allen_cahn,5,0.1,0.0,physics_filtered_s1.3,physics_informed,True,physics_filtered_s1.3,21.401226050242606,42.45379449370916,0.5041063185391674,0.014724360564748053,0.01394262609406918,1.0560679504957344,0.0016949775842456866,142.66064108443157,False,False,True,physics-filtered candidate selected by residual-calibrated certificate
allen_cahn,5,0.1,0.0,physics_filtered_s2,physics_informed,False,physics_filtered_s1.3,20.301818116743057,42.45379449370916,0.4782097421174194,0.01791281993088113,0.01394262609406918,1.2847522273595224,0.004139714298064031,135.31384433861464,False,False,False,physics-filtered candidate selected by residual-calibrated certificate
allen_cahn,1,0.1,0.01,data_only_lowrank,data_only,True,physics_filtered_s1.3,181.15241284218004,181.20525861045832,0.9997083651507439,0.029236508041707552,0.029373037385059638,0.9953518819808236,0.0,1207.6075315409785,False,False,False,data-driven candidate without PDE residual selection
allen_cahn,1,0.1,0.01,risky_sensor_overfit,risky,False,physics_filtered_s1.3,1103.6913522574207,181.20525861045832,6.090835115497662,0.20214916352209703,0.029373037385059638,6.882133463597349,0.0,7357.744829225015,False,False,False,fits observed points but injects high-frequency nonphysical structure
allen_cahn,1,0.1,0.01,underfit_oversmooth,underfit,False,physics_filtered_s1.3,40.30625916073401,181.20525861045832,0.222434268573746,0.03590540832735729,0.029373037385059638,1.22239344387305,0.0163267912061331,268.524397032676,False,False,False,oversmoothed challenge candidate; shown for diagnosis but not eligible for safe replacement
allen_cahn,1,0.1,0.01,physics_filtered_s0.4,physics_informed,False,physics_filtered_s1.3,166.88026596676778,181.20525861045832,0.9209460434341684,0.02877199941383123,0.029373037385059638,0.9795377657295442,0.00016533367619713508,1112.4590869419146,False,False,False,physics-filtered candidate selected by residual-calibrated certificate
allen_cahn,1,0.1,0.01,physics_filtered_s0.8,physics_informed,True,physics_filtered_s1.3,97.22944203274189,181.20525861045832,0.5365707528486137,0.027423085995210202,0.029373037385059638,0.9336142406649822,0.001414971461062317,648.1129409440979,False,False,False,physics-filtered candidate selected by residual-calibrated certificate
allen_cahn,1,0.1,0.01,physics_filtered_s1.3,physics_informed,True,physics_filtered_s1.3,70.0810582690555,181.20525861045832,0.38674958335348425,0.02785765114538471,0.029373037385059638,0.9484089363739371,0.002791671885557963,467.11468650126085,False,False,False,physics-filtered candidate selected by residual-calibrated certificate
allen_cahn,1,0.1,0.01,physics_filtered_s2,physics_informed,False,physics_filtered_s1.3,55.3701491864722,181.20525861045832,0.3055659069227265,0.030066296365443713,0.029373037385059638,1.023601882579331,0.0057430026665240995,369.0219948530741,False,False,False,physics-filtered candidate selected by residual-calibrated certificate
allen_cahn,2,0.1,0.01,data_only_lowrank,data_only,False,physics_filtered_s1.3,55.674624580608366,55.1658599023426,1.0092224553222844,0.01492541838077274,0.015197243068943494,0.9821135525753116,0.0,371.0886577027314,False,False,False,data-driven candidate without PDE residual selection
allen_cahn,2,0.1,0.01,risky_sensor_overfit,risky,False,physics_filtered_s1.3,1097.7777518099267,55.1658599023426,19.899585608803136,0.2006733852232365,0.015197243068943494,13.204591405142448,0.0,7318.23134917531,False,False,False,fits observed points but injects high-frequency nonphysical structure
allen_cahn,2,0.1,0.01,underfit_oversmooth,underfit,False,physics_filtered_s1.3,21.78182166671859,55.1658599023426,0.3948424207522094,0.02426041796961691,0.015197243068943494,1.5963696742863978,0.015045971725494796,145.0361824061216,False,False,False,oversmoothed challenge candidate; shown for diagnosis but not eligible for safe replacement
allen_cahn,2,0.1,0.01,physics_filtered_s0.4,physics_informed,False,physics_filtered_s1.3,52.10943912240399,55.1658599023426,0.9445957919381627,0.014614197366224163,0.015197243068943494,0.9616347714492731,0.00014639362440822318,347.3200917946941,False,False,False,physics-filtered candidate selected by residual-calibrated certificate
allen_cahn,2,0.1,0.01,physics_filtered_s0.8,physics_informed,True,physics_filtered_s1.3,36.204841036062945,55.1658599023426,0.6562907040723,0.013704787677481635,0.015197243068943494,0.9017943329857256,0.0012149617889863813,241.28345492926724,False,False,False,physics-filtered candidate selected by residual-calibrated certificate
allen_cahn,2,0.1,0.01,physics_filtered_s1.3,physics_informed,True,physics_filtered_s1.3,30.06823645196948,55.1658599023426,0.5450515319655534,0.014340777436939027,0.015197243068943494,0.9436433549780913,0.00238221366286787,200.36521373316967,False,False,False,physics-filtered candidate selected by residual-calibrated certificate
allen_cahn,2,0.1,0.01,physics_filtered_s2,physics_informed,False,physics_filtered_s1.3,27.580041525942892,55.1658599023426,0.4999476410730473,0.017124498761721823,0.015197243068943494,1.1268161391449991,0.0050156906085447334,183.75939389938267,False,False,False,physics-filtered candidate selected by residual-calibrated certificate
allen_cahn,3,0.1,0.01,data_only_lowrank,data_only,False,physics_filtered_s1.3,130.7938910367494,130.70239739313766,1.0007000150374865,0.018159278957276273,0.018284639988817155,0.993143915734152,0.0,871.8837558621168,True,False,False,data-driven candidate without PDE residual selection
allen_cahn,3,0.1,0.01,risky_sensor_overfit,risky,False,physics_filtered_s1.3,1103.062758942434,130.70239739313766,8.43949905237423,0.20129766411132635,0.018284639988817155,11.009112797595712,0.0,7353.467007289696,True,False,False,fits observed points but injects high-frequency nonphysical structure
allen_cahn,3,0.1,0.01,underfit_oversmooth,underfit,False,physics_filtered_s1.3,31.57468532549081,130.70239739313766,0.24157694086144096,0.027241996887967808,0.018284639988817155,1.4898842363393028,0.016494966917430316,210.31402461628946,True,False,False,oversmoothed challenge candidate; shown for diagnosis but not eligible for safe replacement
allen_cahn,3,0.1,0.01,physics_filtered_s0.4,physics_informed,False,physics_filtered_s1.3,120.75028030609076,130.70239739313766,0.9238566599730148,0.017743013641849156,0.018284639988817155,0.9703780687905459,0.00015548400682543638,804.9257141316516,True,False,False,physics-filtered candidate selected by residual-calibrated certificate
allen_cahn,3,0.1,0.01,physics_filtered_s0.8,physics_informed,True,physics_filtered_s1.3,71.74511289189209,130.70239739313766,0.5489196397529769,0.016477085899421297,0.018284639988817155,0.9011435778116224,0.001316029911897745,478.2184808111406,True,False,False,physics-filtered candidate selected by residual-calibrated certificate
allen_cahn,3,0.1,0.01,physics_filtered_s1.3,physics_informed,True,physics_filtered_s1.3,52.36758480793826,130.70239739313766,0.40066277170434933,0.016978479254600283,0.018284639988817155,0.928565137954902,0.002627740961377853,349.0268360614578,True,False,False,physics-filtered candidate selected by residual-calibrated certificate
allen_cahn,3,0.1,0.01,physics_filtered_s2,physics_informed,False,physics_filtered_s1.3,42.48571692783934,130.70239739313766,0.3250569061870144,0.019816867283166038,0.018284639988817155,1.0837986033196274,0.005590224149560595,283.1281196111577,True,False,False,physics-filtered candidate selected by residual-calibrated certificate
allen_cahn,4,0.1,0.01,data_only_lowrank,data_only,True,physics_filtered_s1.3,101.1844902071566,101.41293501364694,0.9977473799919054,0.01680396781887646,0.01693500968443931,0.9922620731256198,0.0,674.4887299015347,False,False,False,data-driven candidate without PDE residual selection
allen_cahn,4,0.1,0.01,risky_sensor_overfit,risky,False,physics_filtered_s1.3,1092.71290165848,101.41293501364694,10.774886867354986,0.20040763010968335,0.01693500968443931,11.833924741241422,0.0,7284.5611603005655,False,False,False,fits observed points but injects high-frequency nonphysical structure
allen_cahn,4,0.1,0.01,underfit_oversmooth,underfit,False,physics_filtered_s1.3,34.0389358609187,101.41293501364694,0.33564688623140443,0.02603441829872546,0.01693500968443931,1.537313457878315,0.017377034625438516,226.7362145435735,False,False,False,oversmoothed challenge candidate; shown for diagnosis but not eligible for safe replacement
allen_cahn,4,0.1,0.01,physics_filtered_s0.4,physics_informed,False,physics_filtered_s1.3,95.52110904271541,101.41293501364694,0.9419026185354006,0.016452700624480045,0.01693500968443931,0.971520000878774,0.00016346083036819614,636.732079520873,False,False,False,physics-filtered candidate selected by residual-calibrated certificate
allen_cahn,4,0.1,0.01,physics_filtered_s0.8,physics_informed,True,physics_filtered_s1.3,67.97715265483231,101.41293501364694,0.6703006144697823,0.015422431271133387,0.01693500968443931,0.9106833451883741,0.0013996304663082336,453.0985769015196,False,False,False,physics-filtered candidate selected by residual-calibrated certificate
allen_cahn,4,0.1,0.01,physics_filtered_s1.3,physics_informed,True,physics_filtered_s1.3,53.729693726767344,101.41293501364694,0.5298110514160399,0.0161495719205483,0.01693500968443931,0.9536204714682668,0.0028285336677458133,358.106241841717,False,False,False,physics-filtered candidate selected by residual-calibrated certificate
allen_cahn,4,0.1,0.01,physics_filtered_s2,physics_informed,False,physics_filtered_s1.3,44.57662249835601,101.41293501364694,0.43955559014594126,0.019032504601349254,0.01693500968443931,1.1238555486456772,0.0059825681540115385,297.0645789705583,False,False,False,physics-filtered candidate selected by residual-calibrated certificate
allen_cahn,5,0.1,0.01,data_only_lowrank,data_only,True,physics_filtered_s1.3,56.9122306656948,57.403047602280914,0.9914496362634306,0.018492999483563557,0.018724687504649853,0.9876266014043552,0.0,379.3389327344362,False,False,False,data-driven candidate without PDE residual selection
allen_cahn,5,0.1,0.01,risky_sensor_overfit,risky,False,physics_filtered_s1.3,1102.855815557149,57.403047602280914,19.212495879980207,0.19983998623764151,0.018724687504649853,10.67254052583485,0.0,7352.123650330373,False,False,False,fits observed points but injects high-frequency nonphysical structure
allen_cahn,5,0.1,0.01,underfit_oversmooth,underfit,False,physics_filtered_s1.3,21.9990305059003,57.403047602280914,0.3832380234986998,0.026396836850950463,0.018724687504649853,1.4097344397862805,0.015006395086865972,146.48434589531846,False,False,False,oversmoothed challenge candidate; shown for diagnosis but not eligible for safe replacement
allen_cahn,5,0.1,0.01,physics_filtered_s0.4,physics_informed,False,physics_filtered_s1.3,53.31120396638531,57.403047602280914,0.928717310198458,0.01822253592960674,0.018724687504649853,0.973182378830536,0.0001465859911156631,355.33138676342816,False,False,False,physics-filtered candidate selected by residual-calibrated certificate
allen_cahn,5,0.1,0.01,physics_filtered_s0.8,physics_informed,True,physics_filtered_s1.3,37.335088169588126,57.403047602280914,0.6504025435768669,0.017319424821316588,0.018724687504649853,0.9249513411687511,0.0012283374456847885,248.8176903630334,False,False,False,physics-filtered candidate selected by residual-calibrated certificate
allen_cahn,5,0.1,0.01,physics_filtered_s1.3,physics_informed,True,physics_filtered_s1.3,31.2958222165392,57.403047602280914,0.5451944369464996,0.017592455946891117,0.018724687504649853,0.9395326860105354,0.0024326028298864637,208.54816239479484,False,False,False,physics-filtered candidate selected by residual-calibrated certificate
allen_cahn,5,0.1,0.01,physics_filtered_s2,physics_informed,False,physics_filtered_s1.3,28.4823455243189,57.403047602280914,0.49618176584733553,0.019820614565738987,0.018724687504649853,1.0585284566035325,0.005124294818242341,189.77354183432723,False,False,False,physics-filtered candidate selected by residual-calibrated certificate
allen_cahn,1,0.1,0.03,data_only_lowrank,data_only,True,physics_filtered_s1.3,85.55368905316475,88.27251192781965,0.9691996657251688,0.02767849802234958,0.026725441789071172,1.0356610094517682,0.0,570.1319214983646,True,False,True,data-driven candidate without PDE residual selection
allen_cahn,1,0.1,0.03,risky_sensor_overfit,risky,False,physics_filtered_s1.3,1094.2440885397407,88.27251192781965,12.396204261576816,0.20126866092273188,0.026725441789071172,7.530976007944073,0.0,7294.54433489647,True,False,False,fits observed points but injects high-frequency nonphysical structure
allen_cahn,1,0.1,0.03,underfit_oversmooth,underfit,False,physics_filtered_s1.3,28.423490107361246,88.27251192781965,0.32199706892450036,0.02645989835943434,0.026725441789071172,0.9900640209159991,0.02126190329816264,189.1308172064545,True,False,False,oversmoothed challenge candidate; shown for diagnosis but not eligible for safe replacement
allen_cahn,1,0.1,0.03,physics_filtered_s0.4,physics_informed,False,physics_filtered_s1.3,79.93218961721675,88.27251192781965,0.9055162005877473,0.026621999704575298,0.026725441789071172,0.9961294527398868,0.00035643015498982997,532.6540327820646,True,False,False,physics-filtered candidate selected by residual-calibrated certificate
allen_cahn,1,0.1,0.03,physics_filtered_s0.8,physics_informed,True,physics_filtered_s1.3,57.862369191236446,88.27251192781965,0.655497027642646,0.022743186426876574,0.026725441789071172,0.8509938434516711,0.0028238921516976767,385.5099568133901,True,False,False,physics-filtered candidate selected by residual-calibrated certificate
allen_cahn,1,0.1,0.03,physics_filtered_s1.3,physics_informed,True,physics_filtered_s1.3,47.556987645528466,88.27251192781965,0.5387519467488955,0.02107753985739731,0.026725441789071172,0.7886694642117338,0.004902398711250913,316.7955724619268,True,False,False,physics-filtered candidate selected by residual-calibrated certificate
allen_cahn,1,0.1,0.03,physics_filtered_s2,physics_informed,False,physics_filtered_s1.3,39.9409053707084,88.27251192781965,0.45247274036302026,0.02108471507901588,0.026725441789071172,0.788937943276549,0.008688312590732454,265.998161087896,True,False,False,physics-filtered candidate selected by residual-calibrated certificate
allen_cahn,2,0.1,0.03,data_only_lowrank,data_only,True,physics_filtered_s1.3,115.52353543881529,117.1648846766803,0.9859911163451802,0.031106336247051645,0.030555327294827697,1.0180331549352832,0.0,769.9314854888494,True,False,False,data-driven candidate without PDE residual selection
allen_cahn,2,0.1,0.03,risky_sensor_overfit,risky,False,physics_filtered_s1.3,1098.9198306469957,117.1648846766803,9.379259269357757,0.2024443818607339,0.030555327294827697,6.625501991869599,0.0,7325.718943536989,True,False,False,fits observed points but injects high-frequency nonphysical structure
allen_cahn,2,0.1,0.03,underfit_oversmooth,underfit,False,physics_filtered_s1.3,33.85423611210933,117.1648846766803,0.2889452433255128,0.030922490742457176,0.030555327294827697,1.0120163480192736,0.02226189882748405,225.3283110439863,True,False,False,oversmoothed challenge candidate; shown for diagnosis but not eligible for safe replacement
allen_cahn,2,0.1,0.03,physics_filtered_s0.4,physics_informed,False,physics_filtered_s1.3,106.7505164371187,117.1648846766803,0.9111135706888525,0.02999347001604194,0.030555327294827697,0.9816118062049861,0.000378650266503357,711.4430556152741,True,False,False,physics-filtered candidate selected by residual-calibrated certificate
allen_cahn,2,0.1,0.03,physics_filtered_s0.8,physics_informed,True,physics_filtered_s1.3,72.264900244901,117.1648846766803,0.6167795107238603,0.0259420516383307,0.030555327294827697,0.8490189415144332,0.0030136716109749784,481.5249036172869,True,False,False,physics-filtered candidate selected by residual-calibrated certificate
allen_cahn,2,0.1,0.03,physics_filtered_s1.3,physics_informed,True,physics_filtered_s1.3,58.310782927340576,117.1648846766803,0.49768139223838503,0.024508764837447204,0.030555327294827697,0.8021110230684342,0.005254032005557839,388.4842246211513,True,False,False,physics-filtered candidate selected by residual-calibrated certificate
allen_cahn,2,0.1,0.03,physics_filtered_s2,physics_informed,False,physics_filtered_s1.3,48.25679660201666,117.1648846766803,0.4118708155193614,0.025113114485189762,0.030555327294827697,0.8218898865671433,0.009293565235405412,321.4321585233569,True,False,False,physics-filtered candidate selected by residual-calibrated certificate
allen_cahn,3,0.1,0.03,data_only_lowrank,data_only,False,physics_filtered_s1.3,96.58748364402659,95.42216375391511,1.0122122559819091,0.027483422845608802,0.02682181195321295,1.0246668976922693,0.0,643.6940898946875,True,False,False,data-driven candidate without PDE residual selection
allen_cahn,3,0.1,0.03,risky_sensor_overfit,risky,False,physics_filtered_s1.3,1102.6393870042211,95.42216375391511,11.555380255763367,0.2014659657621954,0.02682181195321295,7.511273515231352,0.0,7350.500300026924,True,False,False,fits observed points but injects high-frequency nonphysical structure
allen_cahn,3,0.1,0.03,underfit_oversmooth,underfit,False,physics_filtered_s1.3,29.650686459511803,95.42216375391511,0.31073165073030473,0.02890434697363616,0.02682181195321295,1.0776433383016133,0.021035306542131132,197.31854182259858,True,False,False,oversmoothed challenge candidate; shown for diagnosis but not eligible for safe replacement
allen_cahn,3,0.1,0.03,physics_filtered_s0.4,physics_informed,False,physics_filtered_s1.3,89.97134581627165,95.42216375391511,0.9428768147439881,0.02642495317165219,0.02682181195321295,0.9852038787223537,0.0003574004444617434,599.5852401435268,True,False,False,physics-filtered candidate selected by residual-calibrated certificate
allen_cahn,3,0.1,0.03,physics_filtered_s0.8,physics_informed,True,physics_filtered_s1.3,62.894126582225276,95.42216375391511,0.6591144458264719,0.022671817640886535,0.02682181195321295,0.845275393011822,0.002836600168397913,419.05832039310786,True,False,False,physics-filtered candidate selected by residual-calibrated certificate
allen_cahn,3,0.1,0.03,physics_filtered_s1.3,physics_informed,True,physics_filtered_s1.3,51.00166214982919,95.42216375391511,0.5344844441104605,0.021530881383201556,0.02682181195321295,0.8027377650680927,0.004945098862415709,339.7629973792283,True,False,False,physics-filtered candidate selected by residual-calibrated certificate
allen_cahn,3,0.1,0.03,physics_filtered_s2,physics_informed,False,physics_filtered_s1.3,42.62598141827113,95.42216375391511,0.4467094408820903,0.022531103454323523,0.02682181195321295,0.8400291334823308,0.008766148302051451,283.9011820547835,True,False,False,physics-filtered candidate selected by residual-calibrated certificate
allen_cahn,4,0.1,0.03,data_only_lowrank,data_only,False,physics_filtered_s1.3,275.8443781299213,275.16204214275723,1.0024797605870692,0.03872326932390103,0.03792466367462678,1.0210576857082978,0.0,1838.7368723688571,True,False,False,data-driven candidate without PDE residual selection
allen_cahn,4,0.1,0.03,risky_sensor_overfit,risky,False,physics_filtered_s1.3,1125.7340737104716,275.16204214275723,4.091167753168599,0.20433451194151211,0.03792466367462678,5.387905709308445,0.0,7504.530537996995,True,False,False,fits observed points but injects high-frequency nonphysical structure
allen_cahn,4,0.1,0.03,underfit_oversmooth,underfit,False,physics_filtered_s1.3,56.898665891429594,275.16204214275723,0.20678239428790726,0.036390648349754744,0.03792466367462678,0.9595509840511015,0.023418706304108867,378.95092100147514,True,False,False,oversmoothed challenge candidate; shown for diagnosis but not eligible for safe replacement
allen_cahn,4,0.1,0.03,physics_filtered_s0.4,physics_informed,False,physics_filtered_s1.3,252.703032584856,275.16204214275723,0.9183789690503527,0.03707385599440692,0.03792466367462678,0.9775658476895959,0.00039643041199680345,1684.4594878707437,True,False,False,physics-filtered candidate selected by residual-calibrated certificate
allen_cahn,4,0.1,0.03,physics_filtered_s0.8,physics_informed,True,physics_filtered_s1.3,142.17124743443952,275.16204214275723,0.5166819025157507,0.030544497192754122,0.03792466367462678,0.8053992898659321,0.0032170634633779194,947.5659466889688,True,False,False,physics-filtered candidate selected by residual-calibrated certificate
allen_cahn,4,0.1,0.03,physics_filtered_s1.3,physics_informed,True,physics_filtered_s1.3,102.49287719657913,275.16204214275723,0.3724818888478966,0.028815677072357507,0.03792466367462678,0.7598136484167851,0.005617667593733533,683.0296322294505,True,False,False,physics-filtered candidate selected by residual-calibrated certificate
allen_cahn,4,0.1,0.03,physics_filtered_s2,physics_informed,False,physics_filtered_s1.3,81.607059404397,275.16204214275723,0.2965781863257797,0.030068608761516336,0.03792466367462678,0.7928510327394325,0.00986310841751539,543.76437799653,True,False,False,physics-filtered candidate selected by residual-calibrated certificate
allen_cahn,5,0.1,0.03,data_only_lowrank,data_only,False,physics_filtered_s1.3,104.07599379659781,102.30591189525447,1.0173018535151188,0.027289095956946233,0.026496535147924577,1.0299118659691557,0.0,693.6161696587083,True,False,False,data-driven candidate without PDE residual selection
allen_cahn,5,0.1,0.03,risky_sensor_overfit,risky,False,physics_filtered_s1.3,1096.9049656560744,102.30591189525447,10.721814070521416,0.2008224660398855,0.026496535147924577,7.579197238852429,0.0,7312.298423806806,True,False,False,fits observed points but injects high-frequency nonphysical structure
allen_cahn,5,0.1,0.03,underfit_oversmooth,underfit,False,physics_filtered_s1.3,31.315727200261993,102.30591189525447,0.30609890103246606,0.027941661984902288,0.026496535147924577,1.0545402192345277,0.02154921940324858,208.41450242864778,True,False,False,oversmoothed challenge candidate; shown for diagnosis but not eligible for safe replacement
allen_cahn,5,0.1,0.03,physics_filtered_s0.4,physics_informed,False,physics_filtered_s1.3,96.69340071241265,102.30591189525447,0.9451399134334573,0.02612351562588962,0.026496535147924577,0.9859219508913756,0.00036108501351680923,644.3973928408826,True,False,False,physics-filtered candidate selected by residual-calibrated certificate
allen_cahn,5,0.1,0.03,physics_filtered_s0.8,physics_informed,True,physics_filtered_s1.3,65.68201870074725,102.30591189525447,0.6420158667662813,0.02183863430925906,0.026496535147924577,0.8242071722402328,0.002876009633609405,437.6417776691843,True,False,False,physics-filtered candidate selected by residual-calibrated certificate
allen_cahn,5,0.1,0.03,physics_filtered_s1.3,physics_informed,True,physics_filtered_s1.3,53.18539612655292,102.30591189525447,0.5198663023599855,0.020422193829246794,0.026496535147924577,0.77074959855933,0.005019727669336952,354.318654642009,True,False,False,physics-filtered candidate selected by residual-calibrated certificate
allen_cahn,5,0.1,0.03,physics_filtered_s2,physics_informed,False,physics_filtered_s1.3,45.21130306733853,102.30591189525447,0.44192268295919707,0.021313636452039802,0.026496535147924577,0.8043933417047121,0.008888526547082288,301.1342078750214,True,False,False,physics-filtered candidate selected by residual-calibrated certificate
allen_cahn,1,0.1,0.05,data_only_lowrank,data_only,True,physics_filtered_s1.3,119.68700300817902,123.65949801582252,0.9678755366843218,0.04089690846678199,0.03874121914805854,1.055643300987234,0.0,797.5457699493684,True,False,True,data-driven candidate without PDE residual selection
allen_cahn,1,0.1,0.05,risky_sensor_overfit,risky,False,physics_filtered_s1.3,1111.0512574193906,123.65949801582252,8.9847627982221,0.20295267749078738,0.03874121914805854,5.2386755489009795,0.0,7406.475198118963,True,False,False,fits observed points but injects high-frequency nonphysical structure
allen_cahn,1,0.1,0.05,underfit_oversmooth,underfit,False,physics_filtered_s1.3,37.107335602899056,123.65949801582252,0.30007671224858756,0.03056790164929408,0.03874121914805854,0.7890278705913394,0.029743406371078463,246.83044868720563,True,False,False,oversmoothed challenge candidate; shown for diagnosis but not eligible for safe replacement
allen_cahn,1,0.1,0.05,physics_filtered_s0.4,physics_informed,False,physics_filtered_s1.3,112.25521148626798,123.65949801582252,0.9077767036698124,0.039033683186989444,0.03874121914805854,1.0075491697048986,0.0005792348901434359,747.9982055942286,True,False,False,physics-filtered candidate selected by residual-calibrated certificate
allen_cahn,1,0.1,0.05,physics_filtered_s0.8,physics_informed,True,physics_filtered_s1.3,84.00239729487461,123.65949801582252,0.6793040457282596,0.032107590446514817,0.03874121914805854,0.8287707808827455,0.004567939289247643,559.6259217939415,True,False,False,physics-filtered candidate selected by residual-calibrated certificate
allen_cahn,1,0.1,0.05,physics_filtered_s1.3,physics_informed,True,physics_filtered_s1.3,68.88108788084782,123.65949801582252,0.557022218156132,0.028746926652273925,0.03874121914805854,0.7420243163145916,0.007810457224956799,458.798716127833,True,False,False,physics-filtered candidate selected by residual-calibrated certificate
allen_cahn,1,0.1,0.05,physics_filtered_s2,physics_informed,False,physics_filtered_s1.3,56.0512444549202,123.65949801582252,0.4532708393151318,0.026874024531098915,0.03874121914805854,0.6936804034922063,0.013323265330835391,373.2324403893155,True,False,False,physics-filtered candidate selected by residual-calibrated certificate
allen_cahn,2,0.1,0.05,data_only_lowrank,data_only,True,physics_filtered_s1.3,121.75227119911312,126.41132481277694,0.9631437007675925,0.04172415095747174,0.039599962625918556,1.0536411700830557,0.0,811.3112876221142,True,False,True,data-driven candidate without PDE residual selection
allen_cahn,2,0.1,0.05,risky_sensor_overfit,risky,False,physics_filtered_s1.3,1106.9027312950736,126.41132481277694,8.756357335345207,0.20452327932165945,0.039599962625918556,5.164734150093169,0.0,7378.795809020014,True,False,False,fits observed points but injects high-frequency nonphysical structure
allen_cahn,2,0.1,0.05,underfit_oversmooth,underfit,False,physics_filtered_s1.3,38.41778414836293,126.41132481277694,0.3039109368188472,0.03152702677593456,0.039599962625918556,0.7961377911630574,0.030528011388280655,255.5569182620058,True,False,False,oversmoothed challenge candidate; shown for diagnosis but not eligible for safe replacement
allen_cahn,2,0.1,0.05,physics_filtered_s0.4,physics_informed,False,physics_filtered_s1.3,113.97401181468496,126.41132481277694,0.9016123514525829,0.0398078693570875,0.039599962625918556,1.0052501749086908,0.0005838519072534315,759.4539462705087,True,False,False,physics-filtered candidate selected by residual-calibrated certificate
allen_cahn,2,0.1,0.05,physics_filtered_s0.8,physics_informed,True,physics_filtered_s1.3,84.64489011974264,126.41132481277694,0.6695989480776848,0.03272598628743258,0.039599962625918556,0.8264145750780759,0.0046208110932163165,563.9057545146023,True,False,False,physics-filtered candidate selected by residual-calibrated certificate
allen_cahn,2,0.1,0.05,physics_filtered_s1.3,physics_informed,True,physics_filtered_s1.3,69.81275338666015,126.41132481277694,0.5522666065722881,0.02933155277563206,0.039599962625918556,0.7406964762056008,0.007922687353687183,465.00571911759783,True,False,False,physics-filtered candidate selected by residual-calibrated certificate
allen_cahn,2,0.1,0.05,physics_filtered_s2,physics_informed,False,physics_filtered_s1.3,57.67394302768049,126.41132481277694,0.45624031797070985,0.027514599585483454,0.039599962625918556,0.6948137765862453,0.013568188928916588,384.0454843969663,True,False,False,physics-filtered candidate selected by residual-calibrated certificate
allen_cahn,3,0.1,0.05,data_only_lowrank,data_only,True,physics_filtered_s1.3,175.50281185637496,177.0651123889653,0.9911766891201054,0.0428247407148444,0.04109902220849224,1.0419892837487892,0.0,1169.6459251285648,True,False,True,data-driven candidate without PDE residual selection
allen_cahn,3,0.1,0.05,risky_sensor_overfit,risky,False,physics_filtered_s1.3,1114.9009373316678,177.0651123889653,6.296559058356558,0.20422287264185285,0.04109902220849224,4.969044557821268,0.0,7432.156567869326,True,False,False,fits observed points but injects high-frequency nonphysical structure
allen_cahn,3,0.1,0.05,underfit_oversmooth,underfit,False,physics_filtered_s1.3,44.68278710620033,177.0651123889653,0.2523522929126987,0.033862950011528954,0.04109902220849224,0.8239356605352026,0.030515895213452954,297.3255941889798,True,False,False,oversmoothed challenge candidate; shown for diagnosis but not eligible for safe replacement
allen_cahn,3,0.1,0.05,physics_filtered_s0.4,physics_informed,False,physics_filtered_s1.3,162.11652888132224,177.0651123889653,0.9155757827956199,0.04088697188763068,0.04109902220849224,0.9948405020250679,0.0005957944611470941,1080.4017369846968,True,False,False,physics-filtered candidate selected by residual-calibrated certificate
allen_cahn,3,0.1,0.05,physics_filtered_s0.8,physics_informed,True,physics_filtered_s1.3,107.33983235721836,177.0651123889653,0.6062167239440172,0.03376732170030984,0.04109902220849224,0.821608882279222,0.004704472012383453,715.2031871031735,True,False,False,physics-filtered candidate selected by residual-calibrated certificate
allen_cahn,3,0.1,0.05,physics_filtered_s1.3,physics_informed,True,physics_filtered_s1.3,83.90297910763167,177.0651123889653,0.47385381555751366,0.030591908296743252,0.04109902220849224,0.7443463774103545,0.008080628399464747,558.938485843229,True,False,False,physics-filtered candidate selected by residual-calibrated certificate
allen_cahn,3,0.1,0.05,physics_filtered_s2,physics_informed,False,physics_filtered_s1.3,67.21558242043821,177.0651123889653,0.3796094075990698,0.02941078832711217,0.04109902220849224,0.7156079815524041,0.013788770328479949,447.6544103736847,True,False,False,physics-filtered candidate selected by residual-calibrated certificate
allen_cahn,4,0.1,0.05,data_only_lowrank,data_only,True,physics_filtered_s1.3,130.03906286371316,132.53520899574247,0.981166165949831,0.040270614576006475,0.03808347370369881,1.0574301831883002,0.0,866.5595978015225,True,False,True,data-driven candidate without PDE residual selection
allen_cahn,4,0.1,0.05,risky_sensor_overfit,risky,False,physics_filtered_s1.3,1098.051101715609,132.53520899574247,8.284976573665602,0.20419063206624813,0.03808347370369881,5.361659854076145,0.0,7319.865184899553,True,False,False,fits observed points but injects high-frequency nonphysical structure
allen_cahn,4,0.1,0.05,underfit_oversmooth,underfit,False,physics_filtered_s1.3,39.218893640282296,132.53520899574247,0.29591301766115496,0.030396081933534814,0.03808347370369881,0.7981436296811467,0.030183999722483253,260.90419872986814,True,False,False,oversmoothed challenge candidate; shown for diagnosis but not eligible for safe replacement
allen_cahn,4,0.1,0.05,physics_filtered_s0.4,physics_informed,False,physics_filtered_s1.3,121.26559837252734,132.53520899574247,0.9149689300782099,0.038325635617596755,0.03808347370369881,1.0063587138813987,0.0005822265924768138,808.0674444680014,True,False,False,physics-filtered candidate selected by residual-calibrated certificate
allen_cahn,4,0.1,0.05,physics_filtered_s0.8,physics_informed,True,physics_filtered_s1.3,87.84098466887555,132.53520899574247,0.6627747097127729,0.03104615691433504,0.03808347370369881,0.815213369323096,0.004599301873650018,585.215756943428,True,False,False,physics-filtered candidate selected by residual-calibrated certificate
allen_cahn,4,0.1,0.05,physics_filtered_s1.3,physics_informed,True,physics_filtered_s1.3,71.56765179346267,132.53520899574247,0.5399897305459499,0.02756127618258463,0.03808347370369881,0.7237069915495674,0.007889930353498798,476.70781705484944,True,False,False,physics-filtered candidate selected by residual-calibrated certificate
allen_cahn,4,0.1,0.05,physics_filtered_s2,physics_informed,False,physics_filtered_s1.3,58.668845512895395,132.53520899574247,0.4426661108202547,0.02591998430456874,0.03808347370369881,0.6806097706725394,0.013483372262471083,390.68134667611747,True,False,False,physics-filtered candidate selected by residual-calibrated certificate
allen_cahn,5,0.1,0.05,data_only_lowrank,data_only,False,physics_filtered_s1.3,146.54420134875033,146.07850447968048,1.0031879903941214,0.04451815449012046,0.042330552762207124,1.0516790257653985,0.0,976.5872069024305,True,False,False,data-driven candidate without PDE residual selection
allen_cahn,5,0.1,0.05,risky_sensor_overfit,risky,False,physics_filtered_s1.3,1104.1091310380248,146.07850447968048,7.55832718147521,0.2052642041003157,0.042330552762207124,4.849079227680846,0.0,7360.178989288593,True,False,False,fits observed points but injects high-frequency nonphysical structure
allen_cahn,5,0.1,0.05,underfit_oversmooth,underfit,False,physics_filtered_s1.3,44.7031356466992,146.07850447968048,0.3060213123479581,0.03458599552839693,0.042330552762207124,0.8170456861706373,0.030830508206120162,297.4582387958093,True,False,False,oversmoothed challenge candidate; shown for diagnosis but not eligible for safe replacement
allen_cahn,5,0.1,0.05,physics_filtered_s0.4,physics_informed,False,physics_filtered_s1.3,136.57197786819293,146.07850447968048,0.9349217967054774,0.042638874235374394,0.042330552762207124,1.007283662792971,0.0005843997424816753,910.1034723189824,True,False,False,physics-filtered candidate selected by residual-calibrated certificate
allen_cahn,5,0.1,0.05,physics_filtered_s0.8,physics_informed,True,physics_filtered_s1.3,96.68790806766467,146.07850447968048,0.6618900461232015,0.03551521644735047,0.042330552762207124,0.8389972284562178,0.004622322029065212,644.1896352729459,True,False,False,physics-filtered candidate selected by residual-calibrated certificate
allen_cahn,5,0.1,0.05,physics_filtered_s1.3,physics_informed,True,physics_filtered_s1.3,78.43510616507284,146.07850447968048,0.5369380419415687,0.03212311201862925,0.042330552762207124,0.7588635139806165,0.00794476583441099,522.4859988739827,True,False,False,physics-filtered candidate selected by residual-calibrated certificate
allen_cahn,5,0.1,0.05,physics_filtered_s2,physics_informed,False,physics_filtered_s1.3,64.74555873404279,146.07850447968048,0.4432244084416161,0.03046704065929606,0.042330552762207124,0.7197411484259522,0.013651721147020311,431.187918599839,True,False,False,physics-filtered candidate selected by residual-calibrated certificate
allen_cahn,1,0.2,0.0,data_only_lowrank,data_only,False,physics_filtered_s1.3,30.537613023473,30.02268630597044,1.017151253963545,0.0072611632123999745,0.007528503881541003,0.9644895354625497,0.0,203.58261672397518,False,False,False,data-driven candidate without PDE residual selection
allen_cahn,1,0.2,0.0,risky_sensor_overfit,risky,False,physics_filtered_s1.3,1007.4155216807222,30.02268630597044,33.555142648256286,0.19877976736101374,0.007528503881541003,26.403621551155002,0.0,6716.043488472652,False,False,False,fits observed points but injects high-frequency nonphysical structure
allen_cahn,1,0.2,0.0,underfit_oversmooth,underfit,False,physics_filtered_s1.3,19.164846743667418,30.02268630597044,0.6383455014102312,0.020999182768745007,0.007528503881541003,2.789290288797382,0.012691851512092329,127.6751271675163,False,False,False,oversmoothed challenge candidate; shown for diagnosis but not eligible for safe replacement
allen_cahn,1,0.2,0.0,physics_filtered_s0.4,physics_informed,False,physics_filtered_s1.3,28.72713565970732,30.02268630597044,0.9568476107347385,0.007178418137805673,0.007528503881541003,0.9534986299804935,6.248703003513974e-05,191.51235464172544,False,False,False,physics-filtered candidate selected by residual-calibrated certificate
allen_cahn,1,0.2,0.0,physics_filtered_s0.8,physics_informed,True,physics_filtered_s1.3,20.69611461721152,30.02268630597044,0.689349194348912,0.007208503495223322,0.007528503881541003,0.9574948233659307,0.0005857980864060371,137.96828802675137,False,False,False,physics-filtered candidate selected by residual-calibrated certificate
allen_cahn,1,0.2,0.0,physics_filtered_s1.3,physics_informed,True,physics_filtered_s1.3,19.396115164188842,30.02268630597044,0.6460486235813949,0.008735417838086847,0.007528503881541003,1.1603125899084332,0.0014296165421185901,129.29524688893017,False,False,True,physics-filtered candidate selected by residual-calibrated certificate
allen_cahn,1,0.2,0.0,physics_filtered_s2,physics_informed,False,physics_filtered_s1.3,21.76615687353863,30.02268630597044,0.7249903173790746,0.01277338675229799,0.007528503881541003,1.6966700092856626,0.003685082727058918,145.0793332411667,False,False,False,physics-filtered candidate selected by residual-calibrated certificate
allen_cahn,2,0.2,0.0,data_only_lowrank,data_only,False,physics_filtered_s1.3,45.283780575915685,45.14474214530213,1.0030798366322493,0.01258669552458502,0.012708698825250688,0.990400016293276,0.0,301.89047041332736,False,False,False,data-driven candidate without PDE residual selection
allen_cahn,2,0.2,0.0,risky_sensor_overfit,risky,False,physics_filtered_s1.3,1009.6856946923407,45.14474214530213,22.3655213588896,0.20101063428802846,0.012708698825250688,15.816775347042391,0.0,6731.174916536961,False,False,False,fits observed points but injects high-frequency nonphysical structure
allen_cahn,2,0.2,0.0,underfit_oversmooth,underfit,False,physics_filtered_s1.3,18.361226862570184,45.14474214530213,0.4067190549781552,0.02290801585134802,0.012708698825250688,1.8025461272266476,0.012795197733257503,122.3170851704374,False,False,False,oversmoothed challenge candidate; shown for diagnosis but not eligible for safe replacement
allen_cahn,2,0.2,0.0,physics_filtered_s0.4,physics_informed,False,physics_filtered_s1.3,41.80448624037774,45.14474214530213,0.9260100789993567,0.012372410776662011,0.012708698825250688,0.9735387505687009,6.268096082655659e-05,278.694748685735,False,False,False,physics-filtered candidate selected by residual-calibrated certificate
allen_cahn,2,0.2,0.0,physics_filtered_s0.8,physics_informed,True,physics_filtered_s1.3,26.411230862515943,45.14474214530213,0.585034482587332,0.011535405587953762,0.012708698825250688,0.9076779413582916,0.0005930139255532202,176.06904095729593,False,False,False,physics-filtered candidate selected by residual-calibrated certificate
allen_cahn,2,0.2,0.0,physics_filtered_s1.3,physics_informed,True,physics_filtered_s1.3,21.16935178008796,45.14474214530213,0.468921756424085,0.012130919704411021,0.012708698825250688,0.9545367208918174,0.0014555018669161026,141.11664816275933,False,False,False,physics-filtered candidate selected by residual-calibrated certificate
allen_cahn,2,0.2,0.0,physics_filtered_s2,physics_informed,False,physics_filtered_s1.3,20.799735353702225,45.14474214530213,0.46073439265099964,0.015291630592778611,0.012708698825250688,1.2032412445869518,0.003736775554731037,138.63614958973412,False,False,False,physics-filtered candidate selected by residual-calibrated certificate
allen_cahn,3,0.2,0.0,data_only_lowrank,data_only,False,physics_filtered_s1.3,45.43284332466588,45.25210643553231,1.0039939994702798,0.011390460289393868,0.011570241953927933,0.9844617194493936,0.0,302.8840883403313,False,False,False,data-driven candidate without PDE residual selection
allen_cahn,3,0.2,0.0,risky_sensor_overfit,risky,False,physics_filtered_s1.3,1012.1033098484344,45.25210643553231,22.365882818964213,0.2012254314405933,0.011570241953927933,17.39163556168231,0.0,6747.299743279965,False,False,False,fits observed points but injects high-frequency nonphysical structure
allen_cahn,3,0.2,0.0,underfit_oversmooth,underfit,False,physics_filtered_s1.3,19.83930104476227,45.25210643553231,0.43841718336417274,0.022068163187314832,0.011570241953927933,1.907320803945304,0.012208426194421512,132.17507262427006,False,False,False,oversmoothed challenge candidate; shown for diagnosis but not eligible for safe replacement
allen_cahn,3,0.2,0.0,physics_filtered_s0.4,physics_informed,False,physics_filtered_s1.3,42.41662584527214,45.25210643553231,0.9373403623917345,0.01116501388086202,0.011570241953927933,0.9649766983573476,6.164609534324022e-05,282.7756105567149,False,False,False,physics-filtered candidate selected by residual-calibrated certificate
allen_cahn,3,0.2,0.0,physics_filtered_s0.8,physics_informed,True,physics_filtered_s1.3,28.165603272590776,45.25210643553231,0.6224152971246947,0.010367566038637288,0.011570241953927933,0.8960543849492786,0.0005838879514552131,187.7650579333081,False,False,False,physics-filtered candidate selected by residual-calibrated certificate
allen_cahn,3,0.2,0.0,physics_filtered_s1.3,physics_informed,True,physics_filtered_s1.3,23.6653955786535,45.25210643553231,0.5229678227767696,0.011192443287049774,0.011570241953927933,0.9673473839743473,0.0014145451722144733,157.75741871234086,False,False,False,physics-filtered candidate selected by residual-calibrated certificate
allen_cahn,3,0.2,0.0,physics_filtered_s2,physics_informed,False,physics_filtered_s1.3,23.576944760485464,45.25210643553231,0.5210131995528973,0.014462391680584594,0.011570241953927933,1.2499644983158587,0.0035914655087786085,157.15208165834574,False,False,False,physics-filtered candidate selected by residual-calibrated certificate
allen_cahn,4,0.2,0.0,data_only_lowrank,data_only,False,physics_filtered_s1.3,22.10041183474889,21.934513238042516,1.0075633589359823,0.0065489815864875475,0.006800437645523099,0.9630235474382866,0.0,147.334440421815,False,False,False,data-driven candidate without PDE residual selection
allen_cahn,4,0.2,0.0,risky_sensor_overfit,risky,False,physics_filtered_s1.3,1016.065023155872,21.934513238042516,46.3226611016649,0.2001755837779427,0.006800437645523099,29.435691374993738,0.0,6773.571488915933,False,False,False,fits observed points but injects high-frequency nonphysical structure
allen_cahn,4,0.2,0.0,underfit_oversmooth,underfit,False,physics_filtered_s1.3,17.555895569949108,21.934513238042516,0.8003777143091522,0.020821376659486888,0.006800437645523099,3.061770100948188,0.012098830003508382,116.95281160194476,False,False,False,oversmoothed challenge candidate; shown for diagnosis but not eligible for safe replacement
allen_cahn,4,0.2,0.0,physics_filtered_s0.4,physics_informed,False,physics_filtered_s1.3,20.72258128856855,21.934513238042516,0.9447477162441438,0.006523064036293077,0.006800437645523099,0.9592123882832987,5.78476734038388e-05,138.14853431227561,False,False,False,physics-filtered candidate selected by residual-calibrated certificate
allen_cahn,4,0.2,0.0,physics_filtered_s0.8,physics_informed,True,physics_filtered_s1.3,15.215261691889495,21.934513238042516,0.6936676244768423,0.00688924726284749,0.006800437645523099,1.0130593971947963,0.0005407993678576975,101.42950266692013,False,False,False,physics-filtered candidate selected by residual-calibrated certificate
allen_cahn,4,0.2,0.0,physics_filtered_s1.3,physics_informed,True,physics_filtered_s1.3,15.008859398312628,21.934513238042516,0.6842576917677416,0.008568245565161418,0.006800437645523099,1.2599550220921674,0.0013331386943502177,100.04748175088118,False,False,True,physics-filtered candidate selected by residual-calibrated certificate
allen_cahn,4,0.2,0.0,physics_filtered_s2,physics_informed,False,physics_filtered_s1.3,18.437068147257964,21.934513238042516,0.8405505947257798,0.012635960434291583,0.006800437645523099,1.8581098880822835,0.0034656262820687055,122.88685077824967,False,False,False,physics-filtered candidate selected by residual-calibrated certificate
allen_cahn,5,0.2,0.0,data_only_lowrank,data_only,True,physics_filtered_s1.3,26.542470541444477,26.717639404425046,0.9934436998594812,0.008381474858029567,0.008667144219993877,0.9670399666048765,0.0,176.94802680054696,False,False,False,data-driven candidate without PDE residual selection
allen_cahn,5,0.2,0.0,risky_sensor_overfit,risky,False,physics_filtered_s1.3,1014.0465161932946,26.717639404425046,37.954195759723724,0.20100414376484002,0.008667144219993877,23.191507910755696,0.0,6760.112501044817,False,False,False,fits observed points but injects high-frequency nonphysical structure
allen_cahn,5,0.2,0.0,underfit_oversmooth,underfit,False,physics_filtered_s1.3,20.01341935546871,26.717639404425046,0.7490713925929132,0.0214667529266351,0.008667144219993877,2.476796552506596,0.012905247130568126,133.33070843867029,False,False,False,oversmoothed challenge candidate; shown for diagnosis but not eligible for safe replacement
allen_cahn,5,0.2,0.0,physics_filtered_s0.4,physics_informed,False,physics_filtered_s1.3,25.226786356317927,26.717639404425046,0.9441996717770978,0.008356891282560175,0.008667144219993877,0.9642035564976297,5.98537106255856e-05,168.17641334796687,False,False,False,physics-filtered candidate selected by residual-calibrated certificate
allen_cahn,5,0.2,0.0,physics_filtered_s0.8,physics_informed,True,physics_filtered_s1.3,19.76218392287197,26.717639404425046,0.7396680381724954,0.008553413108626578,0.008667144219993877,0.9868779024015989,0.0005670047023074366,131.74204060171488,False,False,False,physics-filtered candidate selected by residual-calibrated certificate
allen_cahn,5,0.2,0.0,physics_filtered_s1.3,physics_informed,True,physics_filtered_s1.3,19.138582799304363,26.717639404425046,0.7163276107444532,0.009851681862125925,0.008667144219993877,1.136669889288656,0.0014199441559873524,127.57832553560343,False,False,True,physics-filtered candidate selected by residual-calibrated certificate
allen_cahn,5,0.2,0.0,physics_filtered_s2,physics_informed,False,physics_filtered_s1.3,21.991949239848232,26.717639404425046,0.8231247119910243,0.013545718900658569,0.008667144219993877,1.5628814469070016,0.00372533914452598,146.5842802526004,False,False,False,physics-filtered candidate selected by residual-calibrated certificate
allen_cahn,1,0.2,0.01,data_only_lowrank,data_only,True,physics_filtered_s1.3,40.010660605920684,40.33666686778084,0.9919178681042298,0.010923907721322512,0.010948993967564671,0.9977088080133952,0.0,266.6624237226247,True,False,False,data-driven candidate without PDE residual selection
allen_cahn,1,0.2,0.01,risky_sensor_overfit,risky,False,physics_filtered_s1.3,1012.6240409273564,40.33666686778084,25.104306318779425,0.1998713598476813,0.010948993967564671,18.25476938077836,0.0,6750.690606914974,True,False,False,fits observed points but injects high-frequency nonphysical structure
allen_cahn,1,0.2,0.01,underfit_oversmooth,underfit,False,physics_filtered_s1.3,19.17078321284799,40.33666686778084,0.47526939386655903,0.020665820899550547,0.010948993967564671,1.887462990561833,0.013810785230892658,127.639365129359,True,False,False,oversmoothed challenge candidate; shown for diagnosis but not eligible for safe replacement
allen_cahn,1,0.2,0.01,physics_filtered_s0.4,physics_informed,False,physics_filtered_s1.3,37.18726972559554,40.33666686778084,0.9219222264321045,0.010384371638274267,0.010948993967564671,0.9484315790189057,0.00014982281991010975,247.8392589445484,True,False,False,physics-filtered candidate selected by residual-calibrated certificate
allen_cahn,1,0.2,0.01,physics_filtered_s0.8,physics_informed,True,physics_filtered_s1.3,26.687719579499895,40.33666686778084,0.6616243148443237,0.008718449157891273,0.010948993967564671,0.7962785606533852,0.0011708042421278199,177.83708928159018,True,False,False,physics-filtered candidate selected by residual-calibrated certificate
allen_cahn,1,0.2,0.01,physics_filtered_s1.3,physics_informed,True,physics_filtered_s1.3,23.273378249514785,40.33666686778084,0.5769782199853494,0.009234586141170911,0.010948993967564671,0.8434186892132788,0.0021675662300698747,155.06861697685406,True,False,False,physics-filtered candidate selected by residual-calibrated certificate
allen_cahn,1,0.2,0.01,physics_filtered_s2,physics_informed,False,physics_filtered_s1.3,23.053536341331963,40.33666686778084,0.5715280446175275,0.01250262374580089,0.010948993967564671,1.1418970347135817,0.004488311588943286,153.58741225281565,True,False,False,physics-filtered candidate selected by residual-calibrated certificate
allen_cahn,2,0.2,0.01,data_only_lowrank,data_only,False,physics_filtered_s1.3,87.29552700519233,87.1681794714255,1.0014609406154635,0.015719096972790315,0.015683438476548076,1.002273640139137,0.0,581.8947858261946,True,False,False,data-driven candidate without PDE residual selection
allen_cahn,2,0.2,0.01,risky_sensor_overfit,risky,False,physics_filtered_s1.3,1019.4323597473458,87.1681794714255,11.695005745548615,0.2008496570726042,0.015683438476548076,12.80648101244726,0.0,6795.996849873245,True,False,False,fits observed points but injects high-frequency nonphysical structure
allen_cahn,2,0.2,0.01,underfit_oversmooth,underfit,False,physics_filtered_s1.3,27.74125719398558,87.1681794714255,0.31824981733247154,0.022050728443840352,0.015683438476548076,1.405988136811165,0.014612624908084527,184.7700121854313,True,False,False,oversmoothed challenge candidate; shown for diagnosis but not eligible for safe replacement
allen_cahn,2,0.2,0.01,physics_filtered_s0.4,physics_informed,False,physics_filtered_s1.3,81.22290885032034,87.1681794714255,0.9317954022080385,0.01506649872172874,0.015683438476548076,0.9606629785488351,0.00015904961746302006,541.4100000493038,True,False,False,physics-filtered candidate selected by residual-calibrated certificate
allen_cahn,2,0.2,0.01,physics_filtered_s0.8,physics_informed,True,physics_filtered_s1.3,52.759004756445954,87.1681794714255,0.6052553245504022,0.012568537489088085,0.015683438476548076,0.8013891537293186,0.00126344598969734,351.6447690799789,True,False,False,physics-filtered candidate selected by residual-calibrated certificate
allen_cahn,2,0.2,0.01,physics_filtered_s1.3,physics_informed,True,physics_filtered_s1.3,42.34039416236181,87.1681794714255,0.48573222957169687,0.012395231089946931,0.015683438476548076,0.7903388729258294,0.002349643207927594,282.1806076485618,True,False,False,physics-filtered candidate selected by residual-calibrated certificate
allen_cahn,2,0.2,0.01,physics_filtered_s2,physics_informed,False,physics_filtered_s1.3,37.57750887863787,87.1681794714255,0.431092046507128,0.014769541869282003,0.015683438476548076,0.9417285559174808,0.004827386298564277,250.41154467040866,True,False,False,physics-filtered candidate selected by residual-calibrated certificate
allen_cahn,3,0.2,0.01,data_only_lowrank,data_only,False,physics_filtered_s1.3,35.788534856694724,35.66161319899369,1.003559055418828,0.010104822381167215,0.01006068609131815,1.0043870058606406,0.0,238.51368892016302,True,False,False,data-driven candidate without PDE residual selection
allen_cahn,3,0.2,0.01,risky_sensor_overfit,risky,False,physics_filtered_s1.3,1016.7152186943651,35.66161319899369,28.51007364756641,0.198776518555663,0.01006068609131815,19.75774979277398,0.0,6777.832154901703,True,False,False,fits observed points but injects high-frequency nonphysical structure
allen_cahn,3,0.2,0.01,underfit_oversmooth,underfit,False,physics_filtered_s1.3,20.296069706268174,35.66161319899369,0.5691293210156944,0.02153550139061836,0.01006068609131815,2.1405599173859344,0.01328332451279133,135.14473736616904,True,False,False,oversmoothed challenge candidate; shown for diagnosis but not eligible for safe replacement
allen_cahn,3,0.2,0.01,physics_filtered_s0.4,physics_informed,False,physics_filtered_s1.3,33.24353544321677,35.66161319899369,0.9321938202210637,0.009577648784094764,0.01006068609131815,0.951987637444308,0.00014945114944557046,221.5465490145009,True,False,False,physics-filtered candidate selected by residual-calibrated certificate
allen_cahn,3,0.2,0.01,physics_filtered_s0.8,physics_informed,True,physics_filtered_s1.3,24.345529215081854,35.66161319899369,0.6826816577038124,0.00811735133385531,0.01006068609131815,0.8068387443330851,0.001162672976363204,162.2216901731885,True,False,False,physics-filtered candidate selected by residual-calibrated certificate
allen_cahn,3,0.2,0.01,physics_filtered_s1.3,physics_informed,True,physics_filtered_s1.3,22.298411651892447,35.66161319899369,0.6252777048381267,0.00894070318044535,0.01006068609131815,0.8886772828815359,0.002128614568172475,148.56840149082626,True,False,False,physics-filtered candidate selected by residual-calibrated certificate
allen_cahn,3,0.2,0.01,physics_filtered_s2,physics_informed,False,physics_filtered_s1.3,23.632664632469467,35.66161319899369,0.6626919679880234,0.012654237149422412,0.01006068609131815,1.2577906748412089,0.0043411574427013894,157.44879953172548,True,False,False,physics-filtered candidate selected by residual-calibrated certificate
allen_cahn,4,0.2,0.01,data_only_lowrank,data_only,False,physics_filtered_s1.3,123.78076207622776,123.38605908014449,1.0031989270021655,0.01515114528223491,0.015053430774732465,1.0064911785199138,0.0,825.1291952558441,True,False,False,data-driven candidate without PDE residual selection
allen_cahn,4,0.2,0.01,risky_sensor_overfit,risky,False,physics_filtered_s1.3,1014.6888895440528,123.38605908014449,8.223691534591936,0.20093400170129877,0.015053430774732465,13.348053655996022,0.0,6764.348660230988,True,False,False,fits observed points but injects high-frequency nonphysical structure
allen_cahn,4,0.2,0.01,underfit_oversmooth,underfit,False,physics_filtered_s1.3,32.04763862119267,123.38605908014449,0.259734680401585,0.026118552039493887,0.015053430774732465,1.7350564418577212,0.015169936682002063,213.47523294704354,True,False,False,oversmoothed challenge candidate; shown for diagnosis but not eligible for safe replacement
allen_cahn,4,0.2,0.01,physics_filtered_s0.4,physics_informed,False,physics_filtered_s1.3,114.18992099127622,123.38605908014449,0.9254685808313571,0.014513989442022346,0.015053430774732465,0.9641648909310594,0.00016035978277092813,761.1896330010717,True,False,False,physics-filtered candidate selected by residual-calibrated certificate
allen_cahn,4,0.2,0.01,physics_filtered_s0.8,physics_informed,True,physics_filtered_s1.3,68.0725693767194,123.38605908014449,0.5517038949473443,0.012749083497442998,0.015053430774732465,0.8469221194410851,0.001278478368695589,453.7348275201513,True,False,False,physics-filtered candidate selected by residual-calibrated certificate
allen_cahn,4,0.2,0.01,physics_filtered_s1.3,physics_informed,True,physics_filtered_s1.3,51.01908773045931,123.38605908014449,0.4134915087718284,0.013803776835539629,0.015053430774732465,0.9169854394781956,0.002412396254222878,340.037781683994,True,False,False,physics-filtered candidate selected by residual-calibrated certificate
allen_cahn,4,0.2,0.01,physics_filtered_s2,physics_informed,False,physics_filtered_s1.3,43.41788842813666,123.38605908014449,0.3518864995917776,0.01760318069983603,0.015053430774732465,1.1693799879967561,0.0050047135919667664,289.345675468649,True,False,False,physics-filtered candidate selected by residual-calibrated certificate
allen_cahn,5,0.2,0.01,data_only_lowrank,data_only,True,physics_filtered_s1.3,39.716934623923336,39.987366680324754,0.9932370626311966,0.01119369199820347,0.010765968974061341,1.0397291710697774,0.0,264.7020263785467,True,False,True,data-driven candidate without PDE residual selection
allen_cahn,5,0.2,0.01,risky_sensor_overfit,risky,False,physics_filtered_s1.3,1006.268530074193,39.987366680324754,25.164661082053414,0.20046953779714588,0.010765968974061341,18.620668354285655,0.0,6708.233482370909,True,False,False,fits observed points but injects high-frequency nonphysical structure
allen_cahn,5,0.2,0.01,underfit_oversmooth,underfit,False,physics_filtered_s1.3,19.62911536126244,39.987366680324754,0.4908829210531683,0.022107741314289022,0.010765968974061341,2.0534836544207167,0.013158498504817425,130.69829232842085,True,False,False,oversmoothed challenge candidate; shown for diagnosis but not eligible for safe replacement
allen_cahn,5,0.2,0.01,physics_filtered_s0.4,physics_informed,False,physics_filtered_s1.3,36.96432140670431,39.987366680324754,0.9243999911824946,0.010747835090077778,0.010765968974061341,0.99831562908777,0.00014864217482298578,246.35091781173824,True,False,False,physics-filtered candidate selected by residual-calibrated certificate
allen_cahn,5,0.2,0.01,physics_filtered_s0.8,physics_informed,True,physics_filtered_s1.3,27.08423825033156,39.987366680324754,0.6773198762212396,0.009679191609674316,0.010765968974061341,0.899054384430749,0.0011591056682650753,180.47939232117108,True,False,False,physics-filtered candidate selected by residual-calibrated certificate
allen_cahn,5,0.2,0.01,physics_filtered_s1.3,physics_informed,True,physics_filtered_s1.3,23.724613939389325,39.987366680324754,0.5933027330619925,0.010611128794294785,0.010765968974061341,0.9856176270686612,0.0021274892289679403,158.07618382869111,True,False,False,physics-filtered candidate selected by residual-calibrated certificate
allen_cahn,5,0.2,0.01,physics_filtered_s2,physics_informed,False,physics_filtered_s1.3,23.457034844358326,39.987366680324754,0.5866111422610746,0.014015304739869441,0.010765968974061341,1.301815449434693,0.004322374807572614,156.27779990275593,True,False,False,physics-filtered candidate selected by residual-calibrated certificate
allen_cahn,1,0.2,0.03,data_only_lowrank,data_only,False,physics_filtered_s1.3,94.72652451110785,91.53037542419223,1.0349189989891576,0.024673471526067078,0.02115230353775894,1.1664673533478773,0.0,631.2868811020821,True,False,False,data-driven candidate without PDE residual selection
allen_cahn,1,0.2,0.03,risky_sensor_overfit,risky,False,physics_filtered_s1.3,1007.9311603292408,91.53037542419223,11.011985427329794,0.2009491331851564,0.02115230353775894,9.500106350920237,0.0,6719.2320987745015,True,False,False,fits observed points but injects high-frequency nonphysical structure
allen_cahn,1,0.2,0.03,underfit_oversmooth,underfit,False,physics_filtered_s1.3,31.48125379514488,91.53037542419223,0.34394323905311747,0.022277319832246626,0.02115230353775894,1.053186466969247,0.020775620664156846,209.5236631413398,True,False,False,oversmoothed challenge candidate; shown for diagnosis but not eligible for safe replacement
allen_cahn,1,0.2,0.03,physics_filtered_s0.4,physics_informed,False,physics_filtered_s1.3,87.51326736863929,91.53037542419223,0.9561117493844329,0.022685328841071897,0.02115230353775894,1.0724755721996841,0.00041512347973354487,583.1970562204917,True,False,False,physics-filtered candidate selected by residual-calibrated certificate
allen_cahn,1,0.2,0.03,physics_filtered_s0.8,physics_informed,True,physics_filtered_s1.3,62.50139341070734,91.53037542419223,0.6828486512925088,0.015595356201699148,0.02115230353775894,0.737288786212935,0.003119658208474616,416.4384145961372,True,False,False,physics-filtered candidate selected by residual-calibrated certificate
allen_cahn,1,0.2,0.03,physics_filtered_s1.3,physics_informed,True,physics_filtered_s1.3,52.715472838359275,91.53037542419223,0.5759341922728044,0.013267913902827678,0.02115230353775894,0.6272562172018709,0.0051840456906995765,351.1874290141167,True,False,False,physics-filtered candidate selected by residual-calibrated certificate
allen_cahn,1,0.2,0.03,physics_filtered_s2,physics_informed,False,physics_filtered_s1.3,46.02941913832068,91.53037542419223,0.502886816808076,0.014232358707885542,0.02115230353775894,0.6728514784125773,0.008806321357599272,306.59145045733254,True,False,False,physics-filtered candidate selected by residual-calibrated certificate
allen_cahn,2,0.2,0.03,data_only_lowrank,data_only,False,physics_filtered_s1.3,93.27775430902162,90.64971110747723,1.0289911922435966,0.025186126399996064,0.021879720908324435,1.1511173521990652,0.0,621.6266474798181,True,False,False,data-driven candidate without PDE residual selection
allen_cahn,2,0.2,0.03,risky_sensor_overfit,risky,False,physics_filtered_s1.3,1019.3846523668745,90.64971110747723,11.245316062378267,0.2019959307181224,0.021879720908324435,9.232107281223968,0.0,6795.489758829139,True,False,False,fits observed points but injects high-frequency nonphysical structure
allen_cahn,2,0.2,0.03,underfit_oversmooth,underfit,False,physics_filtered_s1.3,31.271494928290238,90.64971110747723,0.3449707069801182,0.02295901299282996,0.021879720908324435,1.0493284209601397,0.021164727694549457,208.12035502214522,True,False,False,oversmoothed challenge candidate; shown for diagnosis but not eligible for safe replacement
allen_cahn,2,0.2,0.03,physics_filtered_s0.4,physics_informed,False,physics_filtered_s1.3,86.45362513894666,90.64971110747723,0.9537109835512162,0.023192343092668082,0.021879720908324435,1.0599926383331633,0.00041903141143311587,576.130889921945,True,False,False,physics-filtered candidate selected by residual-calibrated certificate
allen_cahn,2,0.2,0.03,physics_filtered_s0.8,physics_informed,True,physics_filtered_s1.3,62.732147715422485,90.64971110747723,0.6920281041055336,0.016142905315386098,0.021879720908324435,0.7378021585506839,0.003151189526769031,417.9744612618414,True,False,False,physics-filtered candidate selected by residual-calibrated certificate
allen_cahn,2,0.2,0.03,physics_filtered_s1.3,physics_informed,True,physics_filtered_s1.3,53.114008130645196,90.64971110747723,0.585925840046759,0.01393779922998049,0.021879720908324435,0.6370190592349214,0.005232794753386981,353.8417780501792,True,False,False,physics-filtered candidate selected by residual-calibrated certificate
allen_cahn,2,0.2,0.03,physics_filtered_s2,physics_informed,False,physics_filtered_s1.3,46.227787674111745,90.64971110747723,0.5099606728950529,0.01500751822261451,0.021879720908324435,0.6859099476090113,0.008896960278059356,307.9108509246137,True,False,False,physics-filtered candidate selected by residual-calibrated certificate
allen_cahn,3,0.2,0.03,data_only_lowrank,data_only,False,physics_filtered_s1.3,95.55253171361545,91.75946989900785,1.0413370066193852,0.026009780611643177,0.02319091650065949,1.1215503539837237,0.0,636.7914356609838,True,False,False,data-driven candidate without PDE residual selection
allen_cahn,3,0.2,0.03,risky_sensor_overfit,risky,False,physics_filtered_s1.3,1017.5404702274074,91.75946989900785,11.089214784559239,0.20201885112621723,0.02319091650065949,8.711119765868728,0.0,6783.211220278285,True,False,False,fits observed points but injects high-frequency nonphysical structure
allen_cahn,3,0.2,0.03,underfit_oversmooth,underfit,False,physics_filtered_s1.3,31.064635228991037,91.75946989900785,0.33854418800785363,0.02401256582602235,0.02319091650065949,1.0354297909832098,0.02084158471459374,206.74488195116822,True,False,False,oversmoothed challenge candidate; shown for diagnosis but not eligible for safe replacement
allen_cahn,3,0.2,0.03,physics_filtered_s0.4,physics_informed,False,physics_filtered_s1.3,88.6011671002624,91.75946989900785,0.9655806337784809,0.02400687784366448,0.02319091650065949,1.0351845233001726,0.0004217440317918641,590.4474368233319,True,False,False,physics-filtered candidate selected by residual-calibrated certificate
allen_cahn,3,0.2,0.03,physics_filtered_s0.8,physics_informed,True,physics_filtered_s1.3,64.18886257373946,91.75946989900785,0.6995339297882408,0.016933374557955735,0.02319091650065949,0.730172718992974,0.003167795214238049,427.68536287016775,True,False,False,physics-filtered candidate selected by residual-calibrated certificate
allen_cahn,3,0.2,0.03,physics_filtered_s1.3,physics_informed,True,physics_filtered_s1.3,53.87752874465837,91.75946989900785,0.5871604184718632,0.01476219704975615,0.02319091650065949,0.6365508257812839,0.005266142222034333,358.931432181886,True,False,False,physics-filtered candidate selected by residual-calibrated certificate
allen_cahn,3,0.2,0.03,physics_filtered_s2,physics_informed,False,physics_filtered_s1.3,46.39833131818411,91.75946989900785,0.5056516931631194,0.015884865534854437,0.02319091650065949,0.6849606626679784,0.008915702791661663,309.0478189607617,True,False,False,physics-filtered candidate selected by residual-calibrated certificate
allen_cahn,4,0.2,0.03,data_only_lowrank,data_only,False,physics_filtered_s1.3,107.16681987356647,102.7609996079506,1.0428744395483085,0.025110005290637102,0.021801769186371448,1.1517416350404228,0.0,714.2216143888355,True,False,False,data-driven candidate without PDE residual selection
allen_cahn,4,0.2,0.03,risky_sensor_overfit,risky,False,physics_filtered_s1.3,1022.7211800975742,102.7609996079506,9.95242537537983,0.19999432151846577,0.021801769186371448,9.17330698255036,0.0,6817.756034806907,True,False,False,fits observed points but injects high-frequency nonphysical structure
allen_cahn,4,0.2,0.03,underfit_oversmooth,underfit,False,physics_filtered_s1.3,33.65597406725828,102.7609996079506,0.32751699765145137,0.022725104358853315,0.021801769186371448,1.0423513873367996,0.021488011435278873,224.01811148591727,True,False,False,oversmoothed challenge candidate; shown for diagnosis but not eligible for safe replacement
allen_cahn,4,0.2,0.03,physics_filtered_s0.4,physics_informed,False,physics_filtered_s1.3,98.80574098795228,102.7609996079506,0.9615101192564377,0.023081623031629823,0.021801769186371448,1.0587041277824243,0.0004181508799401348,658.4796553748748,True,False,False,physics-filtered candidate selected by residual-calibrated certificate
allen_cahn,4,0.2,0.03,physics_filtered_s0.8,physics_informed,True,physics_filtered_s1.3,68.01372641277702,102.7609996079506,0.661863223131922,0.015775376058888586,0.021801769186371448,0.7235823810127475,0.0031495248115183884,453.18658165513506,True,False,False,physics-filtered candidate selected by residual-calibrated certificate
allen_cahn,4,0.2,0.03,physics_filtered_s1.3,physics_informed,True,physics_filtered_s1.3,56.34156508809882,102.7609996079506,0.5482777055794535,0.013444483166516358,0.021801769186371448,0.6166693652689434,0.005256585686228888,375.36038028025797,True,False,False,physics-filtered candidate selected by residual-calibrated certificate
allen_cahn,4,0.2,0.03,physics_filtered_s2,physics_informed,False,physics_filtered_s1.3,48.81785194605053,102.7609996079506,0.47506205790424244,0.014601705686816954,0.021801769186371448,0.6697486594470925,0.008985921406146511,325.1792081849552,True,False,False,physics-filtered candidate selected by residual-calibrated certificate
allen_cahn,5,0.2,0.03,data_only_lowrank,data_only,False,physics_filtered_s1.3,125.1834405157518,119.45042037855491,1.0479949766524648,0.025924355154841358,0.023070745326094353,1.1236895378666296,0.0,834.3327112126714,True,False,False,data-driven candidate without PDE residual selection
allen_cahn,5,0.2,0.03,risky_sensor_overfit,risky,False,physics_filtered_s1.3,1018.5270019627592,119.45042037855491,8.526776203339407,0.20060926833376133,0.023070745326094353,8.695396073665865,0.0,6789.781977057657,True,False,False,fits observed points but injects high-frequency nonphysical structure
allen_cahn,5,0.2,0.03,underfit_oversmooth,underfit,False,physics_filtered_s1.3,36.20064617905791,119.45042037855491,0.3030600148943198,0.023847905579454244,0.023070745326094353,1.0336859620849437,0.021255404914451034,240.98267056442225,True,False,False,oversmoothed challenge candidate; shown for diagnosis but not eligible for safe replacement
allen_cahn,5,0.2,0.03,physics_filtered_s0.4,physics_informed,False,physics_filtered_s1.3,115.84090142566802,119.45042037855491,0.9697822833821029,0.02397806731895711,0.023070745326094353,1.0393278144680136,0.0004169275506093653,772.0477323978554,True,False,False,physics-filtered candidate selected by residual-calibrated certificate
allen_cahn,5,0.2,0.03,physics_filtered_s0.8,physics_informed,True,physics_filtered_s1.3,78.01770659228175,119.45042037855491,0.6531388198135444,0.016939879844673038,0.023070745326094353,0.7342580226386874,0.0031529509689083228,519.8799871153977,True,False,False,physics-filtered candidate selected by residual-calibrated certificate
allen_cahn,5,0.2,0.03,physics_filtered_s1.3,physics_informed,True,physics_filtered_s1.3,63.316499861496226,119.45042037855491,0.5300651070196065,0.014711746487799365,0.023070745326094353,0.6376797229225987,0.005275923951071861,421.85987178288235,True,False,False,physics-filtered candidate selected by residual-calibrated certificate
allen_cahn,5,0.2,0.03,physics_filtered_s2,physics_informed,False,physics_filtered_s1.3,53.975369337688385,119.45042037855491,0.45186420580716685,0.015849901940774107,0.023070745326094353,0.6870129991925287,0.009005258882216727,359.5624296213584,True,False,False,physics-filtered candidate selected by residual-calibrated certificate
allen_cahn,1,0.2,0.05,data_only_lowrank,data_only,False,physics_filtered_s1.3,160.1918499283443,148.74737831019476,1.0769389803582448,0.04140542966176735,0.034961651899952664,1.1843098769780698,0.0,1067.5741759894208,True,False,False,data-driven candidate without PDE residual selection
allen_cahn,1,0.2,0.05,risky_sensor_overfit,risky,False,physics_filtered_s1.3,1020.2208722379631,148.74737831019476,6.858748596633471,0.2045210168238748,0.034961651899952664,5.849867088754517,0.0,6801.031965024394,True,False,False,fits observed points but injects high-frequency nonphysical structure
allen_cahn,1,0.2,0.05,underfit_oversmooth,underfit,False,physics_filtered_s1.3,46.5997057262419,148.74737831019476,0.3132808541274826,0.02384352878253177,0.034961651899952664,0.6819909096424035,0.03070975029245767,310.10947248999094,True,False,False,oversmoothed challenge candidate; shown for diagnosis but not eligible for safe replacement
allen_cahn,1,0.2,0.05,physics_filtered_s0.4,physics_informed,False,physics_filtered_s1.3,147.76927226668838,148.74737831019476,0.9934243812925049,0.03794444061649932,0.034961651899952664,1.0853160120693661,0.0006885522540640063,984.7547938737349,True,False,False,physics-filtered candidate selected by residual-calibrated certificate
allen_cahn,1,0.2,0.05,physics_filtered_s0.8,physics_informed,True,physics_filtered_s1.3,104.94033201059291,148.74737831019476,0.7054936577890588,0.025380924590095413,0.034961651899952664,0.7259646844491296,0.005162837174120743,699.2080185312815,True,False,False,physics-filtered candidate selected by residual-calibrated certificate
allen_cahn,1,0.2,0.05,physics_filtered_s1.3,physics_informed,True,physics_filtered_s1.3,87.41338289404413,148.74737831019476,0.5876633516978932,0.020199762102952573,0.034961651899952664,0.5777690985591603,0.008504710579815583,582.3434493830415,True,False,False,physics-filtered candidate selected by residual-calibrated certificate
allen_cahn,1,0.2,0.05,physics_filtered_s2,physics_informed,False,physics_filtered_s1.3,73.89642311022162,148.74737831019476,0.4967914322235584,0.018001907889963736,0.034961651899952664,0.5149043855525947,0.014047855249524418,492.1965244101637,True,False,False,physics-filtered candidate selected by residual-calibrated certificate
allen_cahn,2,0.2,0.05,data_only_lowrank,data_only,False,physics_filtered_s1.3,173.81951464848623,162.0584738690147,1.072572822011001,0.04204250116168869,0.03649108026979597,1.1521309002007145,0.0,1158.4189920537858,True,False,False,data-driven candidate without PDE residual selection
allen_cahn,2,0.2,0.05,risky_sensor_overfit,risky,False,physics_filtered_s1.3,1025.0465612249552,162.0584738690147,6.325164841756146,0.20272365799843833,0.03649108026979597,5.555430436535453,0.0,6833.191759128243,True,False,False,fits observed points but injects high-frequency nonphysical structure
allen_cahn,2,0.2,0.05,underfit_oversmooth,underfit,False,physics_filtered_s1.3,48.955634848698836,162.0584738690147,0.30208623887367586,0.02535134874298764,0.03649108026979597,0.6947272745793847,0.031192811269562613,325.8069962803807,True,False,False,oversmoothed challenge candidate; shown for diagnosis but not eligible for safe replacement
allen_cahn,2,0.2,0.05,physics_filtered_s0.4,physics_informed,False,physics_filtered_s1.3,159.95540508907447,162.0584738690147,0.9870227780767512,0.038692668680383006,0.03649108026979597,1.060332234432341,0.000698502820622963,1065.9895003848828,True,False,False,physics-filtered candidate selected by residual-calibrated certificate
allen_cahn,2,0.2,0.05,physics_filtered_s0.8,physics_informed,True,physics_filtered_s1.3,110.67167724921019,162.0584738690147,0.6829120045808955,0.02655122610903941,0.03649108026979597,0.7276086625006964,0.005234535047955483,737.4106766892228,True,False,False,physics-filtered candidate selected by residual-calibrated certificate
allen_cahn,2,0.2,0.05,physics_filtered_s1.3,physics_informed,True,physics_filtered_s1.3,91.27992140952439,162.0584738690147,0.563252998934827,0.021526625782936418,0.03649108026979597,0.5899147304818023,0.008634969826330349,608.1134363931517,True,False,False,physics-filtered candidate selected by residual-calibrated certificate
allen_cahn,2,0.2,0.05,physics_filtered_s2,physics_informed,False,physics_filtered_s1.3,76.95127433680595,162.0584738690147,0.47483647414205615,0.0195385407754695,0.03649108026979597,0.5354333341319663,0.0142718178598635,512.5549056030749,True,False,False,physics-filtered candidate selected by residual-calibrated certificate
allen_cahn,3,0.2,0.05,data_only_lowrank,data_only,False,physics_filtered_s1.3,166.2965024793314,154.46122907606753,1.0766229394525553,0.04195949732412851,0.03515468156074645,1.1935678396184568,0.0,1108.2622659693743,True,False,False,data-driven candidate without PDE residual selection
allen_cahn,3,0.2,0.05,risky_sensor_overfit,risky,False,physics_filtered_s1.3,1024.3168693798598,154.46122907606753,6.6315467998471505,0.2047189037879523,0.03515468156074645,5.823375285831549,0.0,6828.338725600125,True,False,False,fits observed points but injects high-frequency nonphysical structure
allen_cahn,3,0.2,0.05,underfit_oversmooth,underfit,False,physics_filtered_s1.3,48.46728409372841,154.46122907606753,0.31378284624330816,0.024292881344053666,0.03515468156074645,0.6910283428790308,0.031371103033557855,322.54837442617867,True,False,False,oversmoothed challenge candidate; shown for diagnosis but not eligible for safe replacement
allen_cahn,3,0.2,0.05,physics_filtered_s0.4,physics_informed,False,physics_filtered_s1.3,153.32872893470716,154.46122907606753,0.9926680620882303,0.03847606831470675,0.03515468156074645,1.094479216007875,0.0007026309421899943,1021.8083268538352,True,False,False,physics-filtered candidate selected by residual-calibrated certificate
allen_cahn,3,0.2,0.05,physics_filtered_s0.8,physics_informed,True,physics_filtered_s1.3,107.53705107846896,154.46122907606753,0.6962074024770935,0.025689119406392874,0.03515468156074645,0.7307453307825288,0.0052608678141991645,716.5098711567881,True,False,False,physics-filtered candidate selected by residual-calibrated certificate
allen_cahn,3,0.2,0.05,physics_filtered_s1.3,physics_informed,True,physics_filtered_s1.3,89.4110101087431,154.46122907606753,0.5788573005897181,0.020344975872677192,0.03515468156074645,0.5787273549027271,0.008670401312804691,595.651260825839,True,False,False,physics-filtered candidate selected by residual-calibrated certificate
allen_cahn,3,0.2,0.05,physics_filtered_s2,physics_informed,False,physics_filtered_s1.3,76.00867545705894,154.46122907606753,0.49208902396876864,0.018249763930048395,0.03515468156074645,0.5191275562543245,0.014341224846962626,506.26834578547636,True,False,False,physics-filtered candidate selected by residual-calibrated certificate
allen_cahn,4,0.2,0.05,data_only_lowrank,data_only,False,physics_filtered_s1.3,164.28178281719102,159.12520887573203,1.0324057638503084,0.04323909511178652,0.03718607754060108,1.1627764467336938,0.0,1094.8341337194217,True,False,False,data-driven candidate without PDE residual selection
allen_cahn,4,0.2,0.05,risky_sensor_overfit,risky,False,physics_filtered_s1.3,1027.8109394921746,159.12520887573203,6.4591333249707255,0.20461849660880935,0.03718607754060108,5.502556605490241,0.0,6851.643491059458,True,False,False,fits observed points but injects high-frequency nonphysical structure
allen_cahn,4,0.2,0.05,underfit_oversmooth,underfit,False,physics_filtered_s1.3,48.93075815090969,159.12520887573203,0.30749846926593255,0.02663343480366131,0.03718607754060108,0.7162206009457641,0.031689398483984714,325.6393009406811,True,False,False,oversmoothed challenge candidate; shown for diagnosis but not eligible for safe replacement
allen_cahn,4,0.2,0.05,physics_filtered_s0.4,physics_informed,False,physics_filtered_s1.3,152.33724600745504,159.12520887573203,0.9573420018346749,0.03982224930296634,0.03718607754060108,1.0708913640707627,0.0007038314562899794,1015.2015580271617,True,False,False,physics-filtered candidate selected by residual-calibrated certificate
allen_cahn,4,0.2,0.05,physics_filtered_s0.8,physics_informed,True,physics_filtered_s1.3,109.53964027158635,159.12520887573203,0.6883864665160003,0.02744967311248751,0.03718607754060108,0.7381707060062683,0.005279466336540403,729.8630954395193,True,False,False,physics-filtered candidate selected by residual-calibrated certificate
allen_cahn,4,0.2,0.05,physics_filtered_s1.3,physics_informed,True,physics_filtered_s1.3,90.72600635606067,159.12520887573203,0.5701548296279824,0.02248088556382065,0.03718607754060108,0.6045511398364258,0.008718155211947519,604.4204516109388,True,False,False,physics-filtered candidate selected by residual-calibrated certificate
allen_cahn,4,0.2,0.05,physics_filtered_s2,physics_informed,False,physics_filtered_s1.3,76.36514379910389,159.12520887573203,0.4799060082223701,0.020707695561290637,0.03718607754060108,0.5568668956311504,0.014448447399509859,508.6470953959185,True,False,False,physics-filtered candidate selected by residual-calibrated certificate
allen_cahn,5,0.2,0.05,data_only_lowrank,data_only,False,physics_filtered_s1.3,179.99250631279662,170.86046227497744,1.053447379904201,0.04187072320826159,0.03621709754481052,1.1561037754419683,0.0,1199.5755211226654,True,False,False,data-driven candidate without PDE residual selection
allen_cahn,5,0.2,0.05,risky_sensor_overfit,risky,False,physics_filtered_s1.3,1029.016284194156,170.86046227497744,6.022553553308803,0.20681290089669113,0.03621709754481052,5.710366509494481,0.0,6859.56160807948,True,False,False,fits observed points but injects high-frequency nonphysical structure
allen_cahn,5,0.2,0.05,underfit_oversmooth,underfit,False,physics_filtered_s1.3,50.1576218096243,170.86046227497744,0.2935589728705165,0.02603753896434003,0.03621709754481052,0.7189294760963519,0.030698635392473108,333.82813967254106,True,False,False,oversmoothed challenge candidate; shown for diagnosis but not eligible for safe replacement
allen_cahn,5,0.2,0.05,physics_filtered_s0.4,physics_informed,False,physics_filtered_s1.3,165.81165640252752,170.86046227497744,0.9704507069381242,0.03856021086000428,0.03621709754481052,1.06469633054471,0.0006887976554793671,1105.0348628917059,True,False,False,physics-filtered candidate selected by residual-calibrated certificate
allen_cahn,5,0.2,0.05,physics_filtered_s0.8,physics_informed,True,physics_filtered_s1.3,113.62103904820701,170.86046227497744,0.6649931618781895,0.026585429444606918,0.03621709754481052,0.7340574271855818,0.005158980248998019,757.078799067622,True,False,False,physics-filtered candidate selected by residual-calibrated certificate
allen_cahn,5,0.2,0.05,physics_filtered_s1.3,physics_informed,True,physics_filtered_s1.3,93.46455733821168,170.86046227497744,0.5470227347728477,0.0217979345764387,0.03621709754481052,0.6018686215499954,0.008513237288081362,622.6842275713395,True,False,False,physics-filtered candidate selected by residual-calibrated certificate
allen_cahn,5,0.2,0.05,physics_filtered_s2,physics_informed,False,physics_filtered_s1.3,78.579991143826,170.86046227497744,0.4599074010309149,0.020118796593094675,0.03621709754481052,0.5555054920579067,0.014078283094376618,523.4200056088611,True,False,False,physics-filtered candidate selected by residual-calibrated certificate
kdv,1,0.03,0.0,data_only_lowrank,data_only,False,physics_filtered_s1.3,245.4226214021397,241.87197976322255,1.0146798386584175,0.04489804864354898,0.04523831431326299,0.9924783742305198,0.0,1636.1248361910546,True,False,False,data-driven candidate without PDE residual selection
kdv,1,0.03,0.0,risky_sensor_overfit,risky,False,physics_filtered_s1.3,16702.726531972585,241.87197976322255,69.05606241915014,0.20239993378863685,0.04523831431326299,4.4740821327381575,0.0,111351.41831885056,True,False,False,fits observed points but injects high-frequency nonphysical structure
kdv,1,0.03,0.0,underfit_oversmooth,underfit,False,physics_filtered_s1.3,121.16400306542639,241.87197976322255,0.5009427019369412,0.04725687639656209,0.04523831431326299,1.0446206299438237,0.01889583308842963,807.6137540148706,True,False,False,oversmoothed challenge candidate; shown for diagnosis but not eligible for safe replacement
kdv,1,0.03,0.0,physics_filtered_s0.4,physics_informed,False,physics_filtered_s1.3,227.89832591137755,241.87197976322255,0.9422270662954623,0.044391331241850907,0.04523831431326299,0.9812773069631148,0.00015779015728290596,1519.29587991817,True,False,False,physics-filtered candidate selected by residual-calibrated certificate
kdv,1,0.03,0.0,physics_filtered_s0.8,physics_informed,True,physics_filtered_s1.3,164.9425906494882,241.87197976322255,0.6819417065629344,0.042211098006677425,0.04523831431326299,0.9330829109467697,0.0014650206888936423,1099.5859705214034,True,False,False,physics-filtered candidate selected by residual-calibrated certificate
kdv,1,0.03,0.0,physics_filtered_s1.3,physics_informed,True,physics_filtered_s1.3,149.29009467523844,241.87197976322255,0.6172277368440257,0.04177466422330807,0.04523831431326299,0.9234354740343877,0.003048459090025894,995.2271020612781,True,False,False,physics-filtered candidate selected by residual-calibrated certificate
kdv,1,0.03,0.0,physics_filtered_s2,physics_informed,False,physics_filtered_s1.3,152.76653798837978,241.87197976322255,0.6316008085679374,0.042827889213809846,0.04523831431326299,0.9467171768667524,0.0064914026590124395,1018.381176544397,True,False,False,physics-filtered candidate selected by residual-calibrated certificate
kdv,2,0.03,0.0,data_only_lowrank,data_only,False,physics_filtered_s1.3,280.0541595170283,275.78582910609896,1.0154769751033372,0.044674680392858136,0.045061783772268695,0.9914094971837268,0.0,1867.0049340860396,True,False,False,data-driven candidate without PDE residual selection
kdv,2,0.03,0.0,risky_sensor_overfit,risky,False,physics_filtered_s1.3,16676.347775525664,275.78582910609896,60.468472327162104,0.20531774224585558,0.045061783772268695,4.5563607352723805,0.0,111175.48084236693,True,False,False,fits observed points but injects high-frequency nonphysical structure
kdv,2,0.03,0.0,underfit_oversmooth,underfit,False,physics_filtered_s1.3,142.27245648618796,275.78582910609896,0.5158802283182327,0.045585811883070225,0.045061783772268695,1.011629102665758,0.02209610109013803,948.3171549490878,True,False,False,oversmoothed challenge candidate; shown for diagnosis but not eligible for safe replacement
kdv,2,0.03,0.0,physics_filtered_s0.4,physics_informed,False,physics_filtered_s1.3,257.12682248361693,275.78582910609896,0.9323424024977565,0.04396646154887151,0.045061783772268695,0.9756928791388204,0.00019265951786247434,1714.1552959381995,True,False,False,physics-filtered candidate selected by residual-calibrated certificate
kdv,2,0.03,0.0,physics_filtered_s0.8,physics_informed,True,physics_filtered_s1.3,181.75642759618862,275.78582910609896,0.6590491911252754,0.0408264462244897,0.045061783772268695,0.9060104329182934,0.001839499017616515,1211.6777750174745,True,False,False,physics-filtered candidate selected by residual-calibrated certificate
kdv,2,0.03,0.0,physics_filtered_s1.3,physics_informed,True,physics_filtered_s1.3,178.6135615100138,275.78582910609896,0.6476531520453787,0.03990819379987205,0.045061783772268695,0.8856328014148915,0.003926002678470482,1190.7127266000573,True,False,False,physics-filtered candidate selected by residual-calibrated certificate
kdv,2,0.03,0.0,physics_filtered_s2,physics_informed,False,physics_filtered_s1.3,188.46869488317236,275.78582910609896,0.6833878865134325,0.040880995633540855,0.045061783772268695,0.9072209799602309,0.008108071469153969,1256.386333229568,True,False,False,physics-filtered candidate selected by residual-calibrated certificate
kdv,3,0.03,0.0,data_only_lowrank,data_only,False,physics_filtered_s0.8,222.15144490270828,212.98262065677665,1.0430496357761803,0.04482400379836801,0.04525180110620998,0.9905462921171152,0.0,1480.9761441829273,True,False,False,data-driven candidate without PDE residual selection
kdv,3,0.03,0.0,risky_sensor_overfit,risky,False,physics_filtered_s0.8,16726.894471108335,212.98262065677665,78.53642902659082,0.20281518340747337,0.04525180110620998,4.481925104527138,0.0,111512.52215126841,True,False,False,fits observed points but injects high-frequency nonphysical structure
kdv,3,0.03,0.0,underfit_oversmooth,underfit,False,physics_filtered_s0.8,139.11069568028296,212.98262065677665,0.6531551506470588,0.045145396731560594,0.04525180110620998,0.9976486156783618,0.022180083382710866,927.233613537839,True,False,False,oversmoothed challenge candidate; shown for diagnosis but not eligible for safe replacement
kdv,3,0.03,0.0,physics_filtered_s0.4,physics_informed,False,physics_filtered_s0.8,211.1320574533663,212.98262065677665,0.9913112008965579,0.04390883734394586,0.04525180110620998,0.9703224240714223,0.00023482935206560127,1407.513098478031,True,False,False,physics-filtered candidate selected by residual-calibrated certificate
kdv,3,0.03,0.0,physics_filtered_s0.8,physics_informed,True,physics_filtered_s0.8,188.49791736952295,212.98262065677665,0.8850389613398931,0.040035265835557554,0.04525180110620998,0.8847220410234395,0.002180475381853121,1256.611481051037,True,False,False,physics-filtered candidate selected by residual-calibrated certificate
kdv,3,0.03,0.0,physics_filtered_s1.3,physics_informed,True,physics_filtered_s0.8,190.25259134990966,212.98262065677665,0.8932775395627349,0.03910845916417917,0.04525180110620998,0.8642409408528053,0.004307594773716069,1268.2976834914323,True,False,False,physics-filtered candidate selected by residual-calibrated certificate
kdv,3,0.03,0.0,physics_filtered_s2,physics_informed,False,physics_filtered_s0.8,193.0148059433619,212.98262065677665,0.9062467413921347,0.040218394701518355,0.04525180110620998,0.8887689267048942,0.008441692171759309,1286.686109436179,True,False,False,physics-filtered candidate selected by residual-calibrated certificate
kdv,4,0.03,0.0,data_only_lowrank,data_only,False,physics_filtered_s0.8,244.32087113271243,237.06256467057693,1.0306176830248193,0.08263446525840076,0.08285458523046893,0.9973432976285714,0.0,1628.7556389367355,True,False,False,data-driven candidate without PDE residual selection
kdv,4,0.03,0.0,risky_sensor_overfit,risky,False,physics_filtered_s0.8,16692.988723547765,237.06256467057693,70.41596275120172,0.21489132255903645,0.08285458523046893,2.593596020771808,0.0,111286.44550453602,True,False,False,fits observed points but injects high-frequency nonphysical structure
kdv,4,0.03,0.0,underfit_oversmooth,underfit,False,physics_filtered_s0.8,192.8737341773468,237.06256467057693,0.8135984458168841,0.07289948915238609,0.08285458523046893,0.879848579879176,0.031071182342275364,1285.5865060126994,True,False,False,oversmoothed challenge candidate; shown for diagnosis but not eligible for safe replacement
kdv,4,0.03,0.0,physics_filtered_s0.4,physics_informed,False,physics_filtered_s0.8,231.91332458941713,237.06256467057693,0.9782789826461374,0.08081567306691419,0.08285458523046893,0.9753916797862341,0.00026588777483753395,1546.038376050568,True,False,False,physics-filtered candidate selected by residual-calibrated certificate
kdv,4,0.03,0.0,physics_filtered_s0.8,physics_informed,True,physics_filtered_s0.8,208.0466729803483,237.06256467057693,0.877602388506384,0.0721796067290539,0.08285458523046893,0.8711600755396627,0.0025555485664655506,1386.9199070823072,True,False,False,physics-filtered candidate selected by residual-calibrated certificate
kdv,4,0.03,0.0,physics_filtered_s1.3,physics_informed,True,physics_filtered_s0.8,232.02939444244006,237.06256467057693,0.978768599609424,0.06865754636751095,0.08285458523046893,0.8286511383251024,0.005590470740719561,1546.7888756365783,True,False,False,physics-filtered candidate selected by residual-calibrated certificate
kdv,4,0.03,0.0,physics_filtered_s2,physics_informed,False,physics_filtered_s0.8,260.21792147732026,237.06256467057693,1.0976761423252086,0.06846482939431076,0.08285458523046893,0.826325172023276,0.011700309147039983,1734.6748726659175,True,False,False,physics-filtered candidate selected by residual-calibrated certificate
kdv,5,0.03,0.0,data_only_lowrank,data_only,True,physics_filtered_s1.3,234.00599482506126,262.96086837112097,0.8898890404286461,0.04349824882684345,0.043783446197592966,0.9934861826440998,0.0,1560.0171664828001,True,False,False,data-driven candidate without PDE residual selection
kdv,5,0.03,0.0,risky_sensor_overfit,risky,False,physics_filtered_s1.3,16727.293919856213,262.96086837112097,63.61134271981732,0.20286888225676541,0.043783446197592966,4.633460813856285,0.0,111515.17941795813,True,False,False,fits observed points but injects high-frequency nonphysical structure
kdv,5,0.03,0.0,underfit_oversmooth,underfit,False,physics_filtered_s1.3,126.32706835907129,262.96086837112097,0.4804025372352488,0.04492148064546154,0.043783446197592966,1.0259923451823934,0.01996503783443376,842.0287038756777,True,False,False,oversmoothed challenge candidate; shown for diagnosis but not eligible for safe replacement
kdv,5,0.03,0.0,physics_filtered_s0.4,physics_informed,False,physics_filtered_s1.3,220.94712568502365,262.96086837112097,0.8402281565833457,0.04279652437102942,0.043783446197592966,0.977459019029999,0.0001844494296066564,1472.957305260012,True,False,False,physics-filtered candidate selected by residual-calibrated certificate
kdv,5,0.03,0.0,physics_filtered_s0.8,physics_informed,True,physics_filtered_s1.3,176.05868189158366,262.96086837112097,0.6695242641316064,0.04001300662694761,0.043783446197592966,0.9138843581534584,0.001716224625207917,1173.693327734012,True,False,False,physics-filtered candidate selected by residual-calibrated certificate
kdv,5,0.03,0.0,physics_filtered_s1.3,physics_informed,True,physics_filtered_s1.3,164.1445855307221,262.96086837112097,0.6242167762355483,0.03932314193975842,0.043783446197592966,0.8981280678865822,0.00349996329462043,1094.2554406333104,True,False,False,physics-filtered candidate selected by residual-calibrated certificate
kdv,5,0.03,0.0,physics_filtered_s2,physics_informed,False,physics_filtered_s1.3,165.91120091987884,262.96086837112097,0.6309349446082791,0.04027600946818371,0.043783446197592966,0.9198912594842301,0.007169298460660019,1106.0091087790993,True,False,False,physics-filtered candidate selected by residual-calibrated certificate
kdv,1,0.03,0.01,data_only_lowrank,data_only,False,physics_filtered_s1.3,271.43776705202373,244.24762283283354,1.1113220423758163,0.04242931772761919,0.042999411961864874,0.9867418132197243,0.0,1809.49153638561,True,False,False,data-driven candidate without PDE residual selection
kdv,1,0.03,0.01,risky_sensor_overfit,risky,False,physics_filtered_s1.3,16706.654318892648,244.24762283283354,68.40047868276223,0.20306475397819024,0.042999411961864874,4.722500720557782,0.0,111377.48161334645,True,False,False,fits observed points but injects high-frequency nonphysical structure
kdv,1,0.03,0.01,underfit_oversmooth,underfit,False,physics_filtered_s1.3,116.16732892459987,244.24762283283354,0.4756129356644995,0.04372905543436378,0.042999411961864874,1.0169686848771105,0.018205596272362477,774.2426345836692,True,False,False,oversmoothed challenge candidate; shown for diagnosis but not eligible for safe replacement
kdv,1,0.03,0.01,physics_filtered_s0.4,physics_informed,False,physics_filtered_s1.3,255.13108605636302,244.24762283283354,1.0445591367371352,0.04190433233118519,0.042999411961864874,0.9745326835486632,0.0001752410027948283,1700.7801670604333,True,False,False,physics-filtered candidate selected by residual-calibrated certificate
kdv,1,0.03,0.01,physics_filtered_s0.8,physics_informed,True,physics_filtered_s1.3,188.16795792378664,244.24762283283354,0.7703983184825943,0.03965792116922456,0.042999411961864874,0.9222898490675618,0.001577107273127805,1254.355002473914,True,False,False,physics-filtered candidate selected by residual-calibrated certificate
kdv,1,0.03,0.01,physics_filtered_s1.3,physics_informed,True,physics_filtered_s1.3,159.12880298564735,244.24762283283354,0.651506045954669,0.03893395256160031,0.042999411961864874,0.9054531395737324,0.0031577871227692358,1060.7523109556662,True,False,False,physics-filtered candidate selected by residual-calibrated certificate
kdv,1,0.03,0.01,physics_filtered_s2,physics_informed,False,physics_filtered_s1.3,152.102443265722,244.24762283283354,0.6227386842156593,0.039517537556605226,0.042999411961864874,0.9190250692435826,0.006430360199058008,1013.8891742995401,True,False,False,physics-filtered candidate selected by residual-calibrated certificate
kdv,2,0.03,0.01,data_only_lowrank,data_only,False,physics_filtered_s0.8,324.69269710042556,323.2281945345584,1.0045308626865765,0.05125387878122754,0.05163304839399148,0.9926564550118501,0.0,2164.5158440564455,True,False,False,data-driven candidate without PDE residual selection
kdv,2,0.03,0.01,risky_sensor_overfit,risky,False,physics_filtered_s0.8,16732.97082957238,323.2281945345584,51.76828974857049,0.20493023213628617,0.05163304839399148,3.9689741068273796,0.0,111552.90827128224,True,False,False,fits observed points but injects high-frequency nonphysical structure
kdv,2,0.03,0.01,underfit_oversmooth,underfit,False,physics_filtered_s0.8,165.255491832807,323.2281945345584,0.5112657083357806,0.05339562743626585,0.05163304839399148,1.0341366449602334,0.026067852848336914,1101.4401033348772,True,False,False,oversmoothed challenge candidate; shown for diagnosis but not eligible for safe replacement
kdv,2,0.03,0.01,physics_filtered_s0.4,physics_informed,False,physics_filtered_s0.8,298.5363997632538,323.2281945345584,0.9236087841691497,0.049912436251261995,0.05163304839399148,0.9666761464369323,0.0003121388875021359,1990.1396908199458,True,False,False,physics-filtered candidate selected by residual-calibrated certificate
kdv,2,0.03,0.01,physics_filtered_s0.8,physics_informed,True,physics_filtered_s0.8,230.65199414066345,323.2281945345584,0.7135887216546707,0.045194021414881415,0.05163304839399148,0.8752925271649337,0.002860694236116733,1537.5663067424755,True,False,False,physics-filtered candidate selected by residual-calibrated certificate
kdv,2,0.03,0.01,physics_filtered_s1.3,physics_informed,True,physics_filtered_s0.8,231.38126980474019,323.2281945345584,0.7158449470595333,0.04513149243373359,0.05163304839399148,0.8740815008340946,0.0054602411060865426,1542.4138811928033,True,False,False,physics-filtered candidate selected by residual-calibrated certificate
kdv,2,0.03,0.01,physics_filtered_s2,physics_informed,False,physics_filtered_s0.8,233.34855832438328,323.2281945345584,0.7219313236594332,0.04747688462968046,0.05163304839399148,0.9195057449733265,0.010304338438790509,1555.4986369144979,True,False,False,physics-filtered candidate selected by residual-calibrated certificate
kdv,3,0.03,0.01,data_only_lowrank,data_only,False,physics_filtered_s0.8,276.8536392024954,248.63324459659512,1.1135020968402132,0.08762539081359039,0.08791367019068796,0.9967208810931336,0.0,1845.5371087902977,True,False,False,data-driven candidate without PDE residual selection
kdv,3,0.03,0.01,risky_sensor_overfit,risky,False,physics_filtered_s0.8,16618.085524026836,248.63324459659512,66.83774549533568,0.21722656067639207,0.08791367019068796,2.470907655234377,0.0,110787.000643617,True,False,False,fits observed points but injects high-frequency nonphysical structure
kdv,3,0.03,0.01,underfit_oversmooth,underfit,False,physics_filtered_s0.8,196.3621047485265,248.63324459659512,0.7897660872628727,0.07590496935371972,0.08791367019068796,0.8634034864909593,0.030852945028099057,1308.755898046553,True,False,False,oversmoothed challenge candidate; shown for diagnosis but not eligible for safe replacement
kdv,3,0.03,0.01,physics_filtered_s0.4,physics_informed,False,physics_filtered_s0.8,262.26354727309155,248.63324459659512,1.054820917848739,0.08573296160123245,0.08791367019068796,0.9751948862366834,0.00030213747764225866,1748.2707513549612,True,False,False,physics-filtered candidate selected by residual-calibrated certificate
kdv,3,0.03,0.01,physics_filtered_s0.8,physics_informed,True,physics_filtered_s0.8,231.37785516396806,248.63324459659512,0.9305990256426703,0.07702107014029091,0.08791367019068796,0.8760989044406097,0.0027979002340107616,1542.3649134317004,True,False,False,physics-filtered candidate selected by residual-calibrated certificate
kdv,3,0.03,0.01,physics_filtered_s1.3,physics_informed,True,physics_filtered_s0.8,241.8495286926372,248.63324459659512,0.9727159740244495,0.0735011203355881,0.08791367019068796,0.8360601960460236,0.0056526178618610335,1612.165087730029,True,False,False,physics-filtered candidate selected by residual-calibrated certificate
kdv,3,0.03,0.01,physics_filtered_s2,physics_informed,False,physics_filtered_s0.8,262.5399505875312,248.63324459659512,1.0559326087446534,0.07270374123483452,0.08791367019068796,0.8269901720211481,0.011532604564501062,1750.0672033863332,True,False,False,physics-filtered candidate selected by residual-calibrated certificate
kdv,4,0.03,0.01,data_only_lowrank,data_only,False,physics_filtered_s1.3,306.2615709367337,271.559576116521,1.1277877779766514,0.06614589050090783,0.06648118320467668,0.9949565773561589,0.0,2041.6329727835869,True,False,False,data-driven candidate without PDE residual selection
kdv,4,0.03,0.01,risky_sensor_overfit,risky,False,physics_filtered_s1.3,16689.771242231585,271.559576116521,61.458967792283865,0.20894408658894628,0.06648118320467668,3.14290565410853,0.0,111264.93982159655,True,False,False,fits observed points but injects high-frequency nonphysical structure
kdv,4,0.03,0.01,underfit_oversmooth,underfit,False,physics_filtered_s1.3,175.88057838277658,271.559576116521,0.6476684818041878,0.060517062636075286,0.06648118320467668,0.910288591718504,0.028259629044640026,1172.253135520203,True,False,False,oversmoothed challenge candidate; shown for diagnosis but not eligible for safe replacement
kdv,4,0.03,0.01,physics_filtered_s0.4,physics_informed,False,physics_filtered_s1.3,286.6911485131171,271.559576116521,1.0557210046244232,0.06423276961654775,0.06648118320467668,0.9661796995674267,0.00030331941309262475,1911.1627580710253,True,False,False,physics-filtered candidate selected by residual-calibrated certificate
kdv,4,0.03,0.01,physics_filtered_s0.8,physics_informed,True,physics_filtered_s1.3,227.94740875723073,271.559576116521,0.8394011068106176,0.056362918413875224,0.06648118320467668,0.8478025765501496,0.0027645051409292748,1519.5280986823182,True,False,False,physics-filtered candidate selected by residual-calibrated certificate
kdv,4,0.03,0.01,physics_filtered_s1.3,physics_informed,True,physics_filtered_s1.3,223.91426895864103,271.559576116521,0.8245493388992583,0.054571297990266464,0.06648118320467668,0.8208532904932826,0.005407692168810817,1492.626428920683,True,False,False,physics-filtered candidate selected by residual-calibrated certificate
kdv,4,0.03,0.01,physics_filtered_s2,physics_informed,False,physics_filtered_s1.3,236.165434091593,271.559576116521,0.8696634361745287,0.05553658057110491,0.06648118320467668,0.8353729264909167,0.010705846901270561,1574.2679479078922,True,False,False,physics-filtered candidate selected by residual-calibrated certificate
kdv,5,0.03,0.01,data_only_lowrank,data_only,False,physics_filtered_s1.3,321.06001375129347,310.2740243611552,1.03476278561296,0.06261686971516298,0.06290894865165292,0.995357116217239,0.0,2140.311073277579,True,False,False,data-driven candidate without PDE residual selection
kdv,5,0.03,0.01,risky_sensor_overfit,risky,False,physics_filtered_s1.3,16763.280027029472,310.2740243611552,54.027339418903985,0.20852845311473786,0.06290894865165292,3.314766143464139,0.0,111755.04410838094,True,False,False,fits observed points but injects high-frequency nonphysical structure
kdv,5,0.03,0.01,underfit_oversmooth,underfit,False,physics_filtered_s1.3,133.79795033776554,310.2740243611552,0.4312251101691513,0.05920267930165273,0.06290894865165292,0.9410851805604942,0.02098220984868581,891.763807926535,True,False,False,oversmoothed challenge candidate; shown for diagnosis but not eligible for safe replacement
kdv,5,0.03,0.01,physics_filtered_s0.4,physics_informed,False,physics_filtered_s1.3,294.69537344041254,310.2740243611552,0.9497906698673225,0.06141438036716876,0.06290894865165292,0.9762423579237302,0.00021458585010631024,1964.5461058017165,True,False,False,physics-filtered candidate selected by residual-calibrated certificate
kdv,5,0.03,0.01,physics_filtered_s0.8,physics_informed,True,physics_filtered_s1.3,200.32988260050155,310.2740243611552,0.6456547015592878,0.05595389242345651,0.06290894865165292,0.8894424977979168,0.0019513628452699037,1335.4348871146883,True,False,False,physics-filtered candidate selected by residual-calibrated certificate
kdv,5,0.03,0.01,physics_filtered_s1.3,physics_informed,True,physics_filtered_s1.3,179.5980900230186,310.2740243611552,0.5788370147736506,0.05421890846821842,0.06290894865165292,0.8618632107108336,0.003838694160460477,1197.212112646902,True,False,False,physics-filtered candidate selected by residual-calibrated certificate
kdv,5,0.03,0.01,physics_filtered_s2,physics_informed,False,physics_filtered_s1.3,177.7430331200215,310.2740243611552,0.5728582451785592,0.05487300006168557,0.06290894865165292,0.8722606439453114,0.007628615847145554,1184.8207812724927,True,False,False,physics-filtered candidate selected by residual-calibrated certificate
kdv,1,0.03,0.03,data_only_lowrank,data_only,False,physics_filtered_s1.3,553.9670532419858,413.94771569191045,1.3382536785256387,0.08622642941635678,0.08674752080853902,0.9939930111164058,0.0,3692.8831924615984,True,False,False,data-driven candidate without PDE residual selection
kdv,1,0.03,0.03,risky_sensor_overfit,risky,False,physics_filtered_s1.3,16588.045180938643,413.94771569191045,40.072802801222885,0.21546713676428683,0.08674752080853902,2.4838420136220583,0.0,110586.5897904207,True,False,False,fits observed points but injects high-frequency nonphysical structure
kdv,1,0.03,0.03,underfit_oversmooth,underfit,False,physics_filtered_s1.3,188.42957914495938,413.94771569191045,0.4552013986355748,0.0798379292883452,0.08674752080853902,0.9203482536824956,0.029518136605334304,1255.7788298332387,True,False,False,oversmoothed challenge candidate; shown for diagnosis but not eligible for safe replacement
kdv,1,0.03,0.03,physics_filtered_s0.4,physics_informed,False,physics_filtered_s1.3,513.4016563763768,413.94771569191045,1.2402572520981994,0.08495424494358243,0.08674752080853902,0.9793276413063853,0.0003292516511099588,3422.4457618307215,True,False,False,physics-filtered candidate selected by residual-calibrated certificate
kdv,1,0.03,0.03,physics_filtered_s0.8,physics_informed,True,physics_filtered_s1.3,342.70897782070375,413.94771569191045,0.8279040198298171,0.07909637591740333,0.08674752080853902,0.9117998437219389,0.0029178370289261357,2284.4810102278384,True,False,False,physics-filtered candidate selected by residual-calibrated certificate
kdv,1,0.03,0.03,physics_filtered_s1.3,physics_informed,True,physics_filtered_s1.3,280.36570161962754,413.94771569191045,0.677297375952414,0.07652546994327031,0.08674752080853902,0.8821631930126046,0.005737183113143388,1868.8426431940297,True,False,False,physics-filtered candidate selected by residual-calibrated certificate
kdv,1,0.03,0.03,physics_filtered_s2,physics_informed,False,physics_filtered_s1.3,265.59882464535076,413.94771569191045,0.6416240857892009,0.07618604726401057,0.08674752080853902,0.8782504278281682,0.011319598455788865,1770.361442268743,True,False,False,physics-filtered candidate selected by residual-calibrated certificate
kdv,2,0.03,0.03,data_only_lowrank,data_only,False,physics_filtered_s1.3,564.0132051186861,401.5404354637507,1.4046236824624883,0.0677224111667886,0.06822324858459376,0.9926588453468788,0.0,3759.8482424172144,True,False,False,data-driven candidate without PDE residual selection
kdv,2,0.03,0.03,risky_sensor_overfit,risky,False,physics_filtered_s1.3,16738.480059976082,401.5404354637507,41.68566495836038,0.21123437037910278,0.06822324858459376,3.096222691801101,0.0,111589.56393561643,True,False,False,fits observed points but injects high-frequency nonphysical structure
kdv,2,0.03,0.03,underfit_oversmooth,underfit,False,physics_filtered_s1.3,199.0984265921728,401.5404354637507,0.49583655594293446,0.062161710636046905,0.06822324858459376,0.9111514318767454,0.03006977572616941,1326.8954237954767,True,False,False,oversmoothed challenge candidate; shown for diagnosis but not eligible for safe replacement
kdv,2,0.03,0.03,physics_filtered_s0.4,physics_informed,False,physics_filtered_s1.3,521.2519592771743,401.5404354637507,1.2981306818456873,0.066014294535918,0.06822324858459376,0.9676216818244241,0.0003850872774132706,3474.771869085067,True,False,False,physics-filtered candidate selected by residual-calibrated certificate
kdv,2,0.03,0.03,physics_filtered_s0.8,physics_informed,True,physics_filtered_s1.3,357.79268776397595,401.5404354637507,0.8910502060664198,0.059002695249146135,0.06822324858459376,0.864847342693167,0.0034362497861054435,2385.028846881897,True,False,False,physics-filtered candidate selected by residual-calibrated certificate
kdv,2,0.03,0.03,physics_filtered_s1.3,physics_informed,True,physics_filtered_s1.3,309.1863463067236,401.5404354637507,0.7700005254754343,0.05732192711893497,0.06822324858459376,0.8402110469280591,0.006462694776762998,2060.969508679066,True,False,False,physics-filtered candidate selected by residual-calibrated certificate
kdv,2,0.03,0.03,physics_filtered_s2,physics_informed,False,physics_filtered_s1.3,292.7679930329866,401.5404354637507,0.7291121072149549,0.05802496483005553,0.06822324858459376,0.8505160049254568,0.012091329291993047,1951.4786372241513,True,False,False,physics-filtered candidate selected by residual-calibrated certificate
kdv,3,0.03,0.03,data_only_lowrank,data_only,False,physics_filtered_s1.3,507.1419068504805,395.0541228588898,1.2837276654156733,0.039270039012786924,0.04022739200891057,0.9762014649896323,0.0,3380.715224440298,True,False,False,data-driven candidate without PDE residual selection
kdv,3,0.03,0.03,risky_sensor_overfit,risky,False,physics_filtered_s1.3,16669.792308535747,395.0541228588898,42.1962241221566,0.20383006811108814,0.04022739200891057,5.066947120531001,0.0,111131.62586603455,True,False,False,fits observed points but injects high-frequency nonphysical structure
kdv,3,0.03,0.03,underfit_oversmooth,underfit,False,physics_filtered_s1.3,144.45293706647712,395.0541228588898,0.36565353633348663,0.039695558931841894,0.04022739200891057,0.9867793299168475,0.022225968124971872,962.6490238692853,True,False,False,oversmoothed challenge candidate; shown for diagnosis but not eligible for safe replacement
kdv,3,0.03,0.03,physics_filtered_s0.4,physics_informed,False,physics_filtered_s1.3,472.20724312491194,395.0541228588898,1.1952975954476481,0.03870172347920336,0.04022739200891057,0.962073889096978,0.00028597975810792947,3147.816267280998,True,False,False,physics-filtered candidate selected by residual-calibrated certificate
kdv,3,0.03,0.03,physics_filtered_s0.8,physics_informed,True,physics_filtered_s1.3,317.5105378198439,395.0541228588898,0.803714021567762,0.036256940115382295,0.04022739200891057,0.9012997935946209,0.0024503628048482043,2116.494042845259,True,False,False,physics-filtered candidate selected by residual-calibrated certificate
kdv,3,0.03,0.03,physics_filtered_s1.3,physics_informed,True,physics_filtered_s1.3,240.66785963572343,395.0541228588898,0.609202247768181,0.03529778543215003,0.04022739200891057,0.8774564710397815,0.004581213375801596,1604.1974397931924,True,False,False,physics-filtered candidate selected by residual-calibrated certificate
kdv,3,0.03,0.03,physics_filtered_s2,physics_informed,False,physics_filtered_s1.3,210.0201324750441,395.0541228588898,0.5316236948881586,0.03557487328377982,0.04022739200891057,0.8843445102037801,0.008680124490519638,1399.853730665366,True,False,False,physics-filtered candidate selected by residual-calibrated certificate
kdv,4,0.03,0.03,data_only_lowrank,data_only,False,physics_filtered_s1.3,558.2483343314469,448.00248724547725,1.2460831138769115,0.050043153387539396,0.05070701140995281,0.9869079639098979,0.0,3721.4225365105735,True,False,False,data-driven candidate without PDE residual selection
kdv,4,0.03,0.03,risky_sensor_overfit,risky,False,physics_filtered_s1.3,16645.264336556782,448.00248724547725,37.154401617052145,0.2032735677678756,0.05070701140995281,4.0087862035578015,0.0,110968.10366290234,True,False,False,fits observed points but injects high-frequency nonphysical structure
kdv,4,0.03,0.03,underfit_oversmooth,underfit,False,physics_filtered_s1.3,176.87170506152992,448.00248724547725,0.39480072119469045,0.04774218578119843,0.05070701140995281,0.941530262832371,0.027911836042569315,1178.736866052561,True,False,False,oversmoothed challenge candidate; shown for diagnosis but not eligible for safe replacement
kdv,4,0.03,0.03,physics_filtered_s0.4,physics_informed,False,physics_filtered_s1.3,513.9050177736117,448.00248724547725,1.1471030460864893,0.0490660745120922,0.05070701140995281,0.9676388559845954,0.0003361541508416357,3425.799404044578,True,False,False,physics-filtered candidate selected by residual-calibrated certificate
kdv,4,0.03,0.03,physics_filtered_s0.8,physics_informed,True,physics_filtered_s1.3,331.972369778023,448.00248724547725,0.7410056399890526,0.04487260713934333,0.05070701140995281,0.884938904714285,0.002975101559276251,2212.903522518161,True,False,False,physics-filtered candidate selected by residual-calibrated certificate
kdv,4,0.03,0.03,physics_filtered_s1.3,physics_informed,True,physics_filtered_s1.3,269.0184744071731,448.00248724547725,0.6004843322661448,0.043299813461400896,0.05070701140995281,0.8539216226032216,0.005741728976069752,1793.1951326752842,True,False,False,physics-filtered candidate selected by residual-calibrated certificate
kdv,4,0.03,0.03,physics_filtered_s2,physics_informed,False,physics_filtered_s1.3,252.93258393979946,448.00248724547725,0.564578526103601,0.04349790134109031,0.05070701140995281,0.8578281411334504,0.011036657694276919,1685.922112392168,True,False,False,physics-filtered candidate selected by residual-calibrated certificate
kdv,5,0.03,0.03,data_only_lowrank,data_only,False,physics_filtered_s1.3,562.8193891766949,444.3706533171184,1.2665539116397186,0.05062096055615042,0.05120283791884502,0.9886358376345175,0.0,3751.8694369428813,True,False,False,data-driven candidate without PDE residual selection
kdv,5,0.03,0.03,risky_sensor_overfit,risky,False,physics_filtered_s1.3,16691.977682422545,444.3706533171184,37.56318640265951,0.20569487355287916,0.05120283791884502,4.017255330161234,0.0,111279.52529969785,True,False,False,fits observed points but injects high-frequency nonphysical structure
kdv,5,0.03,0.03,underfit_oversmooth,underfit,False,physics_filtered_s1.3,165.5060191090322,444.3706533171184,0.3724503809456583,0.04941090783343041,0.05120283791884502,0.9650033053007772,0.02512598345749006,1102.969506990551,True,False,False,oversmoothed challenge candidate; shown for diagnosis but not eligible for safe replacement
kdv,5,0.03,0.03,physics_filtered_s0.4,physics_informed,False,physics_filtered_s1.3,520.6851391842314,444.3706533171184,1.171736106553038,0.04998130546782268,0.05120283791884502,0.9761432666303658,0.0003005943958253632,3470.9743599649364,True,False,False,physics-filtered candidate selected by residual-calibrated certificate
kdv,5,0.03,0.03,physics_filtered_s0.8,physics_informed,True,physics_filtered_s1.3,342.7932201690601,444.3706533171184,0.7714128230795432,0.047216434500258586,0.05120283791884502,0.9221448735746461,0.002630427462234135,2285.022645791526,True,False,False,physics-filtered candidate selected by residual-calibrated certificate
kdv,5,0.03,0.03,physics_filtered_s1.3,physics_informed,True,physics_filtered_s1.3,266.6862997164889,444.3706533171184,0.600143816261808,0.045925861013823455,0.05120283791884502,0.8969397572399725,0.005085236802901256,1777.6322474985186,True,False,False,physics-filtered candidate selected by residual-calibrated certificate
kdv,5,0.03,0.03,physics_filtered_s2,physics_informed,False,physics_filtered_s1.3,239.73724731934718,444.3706533171184,0.5394983794041452,0.04594342592847445,0.05120283791884502,0.8972828029648696,0.009816841001537376,1597.9441259962232,True,False,False,physics-filtered candidate selected by residual-calibrated certificate
kdv,1,0.03,0.05,data_only_lowrank,data_only,False,physics_filtered_s1.3,894.523642716942,661.6057727494102,1.352049331431318,0.05937501903284495,0.06027224941069554,0.985113706762096,0.0,5963.1095068026125,True,False,False,data-driven candidate without PDE residual selection
kdv,1,0.03,0.05,risky_sensor_overfit,risky,False,physics_filtered_s1.3,16677.330033666443,661.6057727494102,25.207352657098298,0.2052534970707835,0.06027224941069554,3.4054394696434716,0.0,111181.70259458022,True,False,False,fits observed points but injects high-frequency nonphysical structure
kdv,1,0.03,0.05,underfit_oversmooth,underfit,False,physics_filtered_s1.3,215.2819572891803,661.6057727494102,0.32539310591946746,0.056693163416046834,0.06027224941069554,0.9406180119278209,0.031290526967122784,1434.6420299199929,True,False,False,oversmoothed challenge candidate; shown for diagnosis but not eligible for safe replacement
kdv,1,0.03,0.05,physics_filtered_s0.4,physics_informed,False,physics_filtered_s1.3,824.0696910000853,661.6057727494102,1.2455600070953563,0.05840312419657497,0.06027224941069554,0.9689886268827744,0.0004536311038407695,5493.415198024264,True,False,False,physics-filtered candidate selected by residual-calibrated certificate
kdv,1,0.03,0.05,physics_filtered_s0.8,physics_informed,True,physics_filtered_s1.3,518.0602397752913,661.6057727494102,0.7830346425521758,0.05449434937411022,0.06027224941069554,0.9041366450732774,0.0038713307906381666,3453.3378972735977,True,False,False,physics-filtered candidate selected by residual-calibrated certificate
kdv,1,0.03,0.05,physics_filtered_s1.3,physics_informed,True,physics_filtered_s1.3,386.7713002786108,661.6057727494102,0.584594808886445,0.05305942286474116,0.06027224941069554,0.8803292291667023,0.0071308308272624975,2578.061114132813,True,False,False,physics-filtered candidate selected by residual-calibrated certificate
kdv,1,0.03,0.05,physics_filtered_s2,physics_informed,False,physics_filtered_s1.3,331.48902723876836,661.6057727494102,0.501037084155435,0.05300829319261097,0.06027224941069554,0.8794809171718911,0.013084861401069715,2209.476361772325,True,False,False,physics-filtered candidate selected by residual-calibrated certificate
kdv,2,0.03,0.05,data_only_lowrank,data_only,False,physics_filtered_s1.3,904.6488424939807,681.3203050493847,1.3277878786078552,0.0805416215344532,0.08115947423960954,0.9923871770740575,0.0,6030.472748710788,True,False,False,data-driven candidate without PDE residual selection
kdv,2,0.03,0.05,risky_sensor_overfit,risky,False,physics_filtered_s1.3,16668.586396372008,681.3203050493847,24.46512495347365,0.2150910763003844,0.08115947423960954,2.650227571247127,0.0,111123.31992274111,True,False,False,fits observed points but injects high-frequency nonphysical structure
kdv,2,0.03,0.05,underfit_oversmooth,underfit,False,physics_filtered_s1.3,250.93042148781151,681.3203050493847,0.368300224766709,0.06859123292040366,0.08115947423960954,0.8451414152469072,0.03865096991260778,1672.1651914121408,True,False,False,oversmoothed challenge candidate; shown for diagnosis but not eligible for safe replacement
kdv,2,0.03,0.05,physics_filtered_s0.4,physics_informed,False,physics_filtered_s1.3,832.6144229347948,681.3203050493847,1.2220601921946865,0.07813573233568777,0.08115947423960954,0.9627432048665393,0.0005718358319466801,5550.246004761894,True,False,False,physics-filtered candidate selected by residual-calibrated certificate
kdv,2,0.03,0.05,physics_filtered_s0.8,physics_informed,True,physics_filtered_s1.3,544.0729221583633,681.3203050493847,0.7985567406785653,0.0675624614389449,0.08115947423960954,0.8324654893481167,0.005027846229534157,3626.6399474827244,True,False,False,physics-filtered candidate selected by residual-calibrated certificate
kdv,2,0.03,0.05,physics_filtered_s1.3,physics_informed,True,physics_filtered_s1.3,441.48274070913385,681.3203050493847,0.6479811880509458,0.06413019878061298,0.08115947423960954,0.7901751382776249,0.009269965542406776,2942.693570135552,True,False,False,physics-filtered candidate selected by residual-calibrated certificate
kdv,2,0.03,0.05,physics_filtered_s2,physics_informed,False,physics_filtered_s1.3,395.1848822057326,681.3203050493847,0.5800280415495432,0.0641513424603374,0.08115947423960954,0.7904356584439055,0.0167349411635195,2634.0015605365757,True,False,False,physics-filtered candidate selected by residual-calibrated certificate
kdv,3,0.03,0.05,data_only_lowrank,data_only,False,physics_filtered_s1.3,919.2087819709694,675.1760123817518,1.3614357813577618,0.05941242379686837,0.06027656311343576,0.9856637592968462,0.0,6127.684696301587,True,False,False,data-driven candidate without PDE residual selection
kdv,3,0.03,0.05,risky_sensor_overfit,risky,False,physics_filtered_s1.3,16776.00959588831,675.1760123817518,24.846868502791164,0.20702189520545647,0.06027656311343576,3.4345338305441038,0.0,111839.55751598494,True,False,False,fits observed points but injects high-frequency nonphysical structure
kdv,3,0.03,0.05,underfit_oversmooth,underfit,False,physics_filtered_s1.3,214.33976648414273,675.1760123817518,0.3174576148344447,0.053309502568962566,0.06027656311343576,0.8844150995761628,0.03165223066510625,1428.3589132066052,True,False,False,oversmoothed challenge candidate; shown for diagnosis but not eligible for safe replacement
kdv,3,0.03,0.05,physics_filtered_s0.4,physics_informed,False,physics_filtered_s1.3,841.8611331048764,675.1760123817518,1.246876544288244,0.058258204388743615,0.06027656311343576,0.9665150330177209,0.00046373842099366863,5612.031696301569,True,False,False,physics-filtered candidate selected by residual-calibrated certificate
kdv,3,0.03,0.05,physics_filtered_s0.8,physics_informed,True,physics_filtered_s1.3,514.1795607945069,675.1760123817518,0.7615489166753505,0.05335059834364562,0.06027656311343576,0.8850968865354663,0.004003117929544694,3427.4695178559828,True,False,False,physics-filtered candidate selected by residual-calibrated certificate
kdv,3,0.03,0.05,physics_filtered_s1.3,physics_informed,True,physics_filtered_s1.3,391.14019562624327,675.1760123817518,0.5793158946012552,0.05136006545836875,0.06027656311343576,0.852073555701261,0.007359396913569565,2607.1873118545864,True,False,False,physics-filtered candidate selected by residual-calibrated certificate
kdv,3,0.03,0.05,physics_filtered_s2,physics_informed,False,physics_filtered_s1.3,336.8000764153653,675.1760123817518,0.4988330009344799,0.05066126618798952,0.06027656311343576,0.8404803387978262,0.013374157340158017,2244.8816149964305,True,False,False,physics-filtered candidate selected by residual-calibrated certificate
kdv,4,0.03,0.05,data_only_lowrank,data_only,False,physics_filtered_s1.3,865.814021759548,639.1546533150912,1.354623669355837,0.04850392204378674,0.049609223883948915,0.9777198320270938,0.0,5771.7245388454685,True,False,False,data-driven candidate without PDE residual selection
kdv,4,0.03,0.05,risky_sensor_overfit,risky,False,physics_filtered_s1.3,16766.689051171852,639.1546533150912,26.232601083647534,0.20455409634995167,0.049609223883948915,4.123307730520895,0.0,111777.42639160069,True,False,False,fits observed points but injects high-frequency nonphysical structure
kdv,4,0.03,0.05,underfit_oversmooth,underfit,False,physics_filtered_s1.3,191.59039940756603,639.1546533150912,0.2997559329558933,0.04484018180529991,0.049609223883948915,0.9038678353301975,0.02836793811223699,1276.7184213901617,True,False,False,oversmoothed challenge candidate; shown for diagnosis but not eligible for safe replacement
kdv,4,0.03,0.05,physics_filtered_s0.4,physics_informed,False,physics_filtered_s1.3,801.120525632975,639.1546533150912,1.2534063883878765,0.047868139796874855,0.049609223883948915,0.9649040248621529,0.00042554974148174894,5340.432458727374,True,False,False,physics-filtered candidate selected by residual-calibrated certificate
kdv,4,0.03,0.05,physics_filtered_s0.8,physics_informed,True,physics_filtered_s1.3,507.9293046227395,639.1546533150912,0.7946892070460122,0.045240812940545466,0.049609223883948915,0.9119435741519675,0.003619917028748917,3385.806234210735,True,False,False,physics-filtered candidate selected by residual-calibrated certificate
kdv,4,0.03,0.05,physics_filtered_s1.3,physics_informed,True,physics_filtered_s1.3,365.93578087143356,639.1546533150912,0.5725308874361484,0.043741699503004126,0.049609223883948915,0.8817251324964801,0.00660850102585076,2439.164480756902,True,False,False,physics-filtered candidate selected by residual-calibrated certificate
kdv,4,0.03,0.05,physics_filtered_s2,physics_informed,False,physics_filtered_s1.3,302.3685649489708,639.1546533150912,0.4730757468175833,0.04275902693650251,0.049609223883948915,0.8619168692432477,0.011994621239431433,2015.3483395445057,True,False,False,physics-filtered candidate selected by residual-calibrated certificate
kdv,5,0.03,0.05,data_only_lowrank,data_only,False,physics_filtered_s1.3,783.8668016130586,575.3879957140873,1.362327346854424,0.07410148617183786,0.07502684682772741,0.9876662728609402,0.0,5225.392490136699,True,False,False,data-driven candidate without PDE residual selection
kdv,5,0.03,0.05,risky_sensor_overfit,risky,False,physics_filtered_s1.3,16654.743595224252,575.3879957140873,28.94523994118924,0.2112799725445951,0.07502684682772741,2.816058270806831,0.0,111031.10632623335,True,False,False,fits observed points but injects high-frequency nonphysical structure
kdv,5,0.03,0.05,underfit_oversmooth,underfit,False,physics_filtered_s1.3,222.19504744262957,575.3879957140873,0.3861655945165718,0.06595233845095333,0.07502684682772741,0.8790498500024994,0.03359087731216108,1480.7057280012555,True,False,False,oversmoothed challenge candidate; shown for diagnosis but not eligible for safe replacement
kdv,5,0.03,0.05,physics_filtered_s0.4,physics_informed,False,physics_filtered_s1.3,731.0167679624099,575.3879957140873,1.2704762237091471,0.07274073255969643,0.07502684682772741,0.9695293836051811,0.0004667470755559104,4873.057425886066,True,False,False,physics-filtered candidate selected by residual-calibrated certificate
kdv,5,0.03,0.05,physics_filtered_s0.8,physics_informed,True,physics_filtered_s1.3,497.57613701352255,575.3879957140873,0.8647662807007349,0.0668107317556021,0.07502684682772741,0.8904909986170524,0.004027059729830195,3316.770519304578,True,False,False,physics-filtered candidate selected by residual-calibrated certificate
kdv,5,0.03,0.05,physics_filtered_s1.3,physics_informed,True,physics_filtered_s1.3,385.95506932781655,575.3879957140873,0.6707735861760984,0.06419582702860795,0.07502684682772741,0.8556380781289569,0.007556740436631785,2572.610123933643,True,False,False,physics-filtered candidate selected by residual-calibrated certificate
kdv,5,0.03,0.05,physics_filtered_s2,physics_informed,False,physics_filtered_s1.3,340.35077628076226,575.3879957140873,0.5915152537347744,0.06328076531094388,0.07502684682772741,0.8434416210426957,0.014008899481977866,2268.5408786409516,True,False,False,physics-filtered candidate selected by residual-calibrated certificate
kdv,1,0.05,0.0,data_only_lowrank,data_only,True,physics_filtered_s1.3,229.79743477973634,231.72689896091345,0.9916735424768122,0.02784989485629031,0.028229074187593003,0.9865677730070257,0.0,1531.9637904686876,True,False,False,data-driven candidate without PDE residual selection
kdv,1,0.05,0.0,risky_sensor_overfit,risky,False,physics_filtered_s1.3,16485.146943584372,231.72689896091345,71.14041148224632,0.1995643905634498,0.028229074187593003,7.069462825107142,0.0,109900.82563210581,True,False,False,fits observed points but injects high-frequency nonphysical structure
kdv,1,0.05,0.0,underfit_oversmooth,underfit,False,physics_filtered_s1.3,112.4725991778093,231.72689896091345,0.4853670406074875,0.03142888764014671,0.028229074187593003,1.1133516965585328,0.013910753301860215,749.7105775913664,True,False,False,oversmoothed challenge candidate; shown for diagnosis but not eligible for safe replacement
kdv,1,0.05,0.0,physics_filtered_s0.4,physics_informed,False,physics_filtered_s1.3,211.11700918596716,231.72689896091345,0.9110595711272019,0.02757444892986548,0.028229074187593003,0.9768102469689903,0.0001043954751795935,1407.4276107566052,True,False,False,physics-filtered candidate selected by residual-calibrated certificate
kdv,1,0.05,0.0,physics_filtered_s0.8,physics_informed,True,physics_filtered_s1.3,142.76066247284066,231.72689896091345,0.6160728992317815,0.026362013293550278,0.028229074187593003,0.9338603567878546,0.0009726507451697573,951.7163070699975,True,False,False,physics-filtered candidate selected by residual-calibrated certificate
kdv,1,0.05,0.0,physics_filtered_s1.3,physics_informed,True,physics_filtered_s1.3,127.0013982759013,231.72689896091345,0.5480649801356152,0.025868178681617532,0.028229074187593003,0.9163665272476602,0.002050740129424145,846.6488305083063,True,False,False,physics-filtered candidate selected by residual-calibrated certificate
kdv,1,0.05,0.0,physics_filtered_s2,physics_informed,False,physics_filtered_s1.3,131.95487905670205,231.72689896091345,0.5694413538022575,0.02670830265576888,0.028229074187593003,0.9461274740126389,0.004455400597807764,879.6565332801102,True,False,False,physics-filtered candidate selected by residual-calibrated certificate
kdv,2,0.05,0.0,data_only_lowrank,data_only,True,physics_filtered_s1.3,194.2531750537823,202.23630694044988,0.9605257235585337,0.019574654441331416,0.020205833755459767,0.9687625206296393,0.0,1295.0111525215734,False,False,False,data-driven candidate without PDE residual selection
kdv,2,0.05,0.0,risky_sensor_overfit,risky,False,physics_filtered_s1.3,16463.388745243064,202.23630694044988,81.40669197490222,0.1974159461580048,0.020205833755459767,9.770244996442738,0.0,109755.74337583146,False,False,False,fits observed points but injects high-frequency nonphysical structure
kdv,2,0.05,0.0,underfit_oversmooth,underfit,False,physics_filtered_s1.3,119.57172011125974,202.23630694044988,0.5912475456074661,0.02710218464815982,0.020205833755459767,1.3413049406830493,0.014586410566595752,797.0381712532734,False,False,False,oversmoothed challenge candidate; shown for diagnosis but not eligible for safe replacement
kdv,2,0.05,0.0,physics_filtered_s0.4,physics_informed,False,physics_filtered_s1.3,183.83343725729222,202.23630694044988,0.9090031361748638,0.019251692700334392,0.020205833755459767,0.9527789316874719,0.00012600429862410294,1225.545655210492,False,False,False,physics-filtered candidate selected by residual-calibrated certificate
kdv,2,0.05,0.0,physics_filtered_s0.8,physics_informed,True,physics_filtered_s1.3,149.2996240336654,202.23630694044988,0.7382434256853154,0.01837795139523677,0.020205833755459767,0.9095368999243287,0.0011627706451596503,995.3145850571857,False,False,False,physics-filtered candidate selected by residual-calibrated certificate
kdv,2,0.05,0.0,physics_filtered_s1.3,physics_informed,True,physics_filtered_s1.3,140.44464334895102,202.23630694044988,0.6944581092963955,0.018941204818724217,0.020205833755459767,0.937412682249192,0.0023483755408190855,936.2739800387526,False,False,False,physics-filtered candidate selected by residual-calibrated certificate
kdv,2,0.05,0.0,physics_filtered_s2,physics_informed,False,physics_filtered_s1.3,146.29661221519356,202.23630694044988,0.7233944014724867,0.021010317703670754,0.020205833755459767,1.03981443957757,0.004894801138178534,975.2700504402438,False,False,False,physics-filtered candidate selected by residual-calibrated certificate
kdv,3,0.05,0.0,data_only_lowrank,data_only,True,physics_filtered_s1.3,245.2309389967883,251.2847545615706,0.9759085441719468,0.030701917998547674,0.031139367965233332,0.9859518674829876,0.0,1634.8365449352716,True,False,False,data-driven candidate without PDE residual selection
kdv,3,0.05,0.0,risky_sensor_overfit,risky,False,physics_filtered_s1.3,16433.451096522094,251.2847545615706,65.39772428770824,0.2005262541584747,0.031139367965233332,6.439637900676719,0.0,109556.16331647628,True,False,False,fits observed points but injects high-frequency nonphysical structure
kdv,3,0.05,0.0,underfit_oversmooth,underfit,False,physics_filtered_s1.3,119.86791939623177,251.2847545615706,0.47702026175591516,0.03272437157691842,0.031139367965233332,1.050900314110544,0.01456579720407949,798.9992886931482,True,False,False,oversmoothed challenge candidate; shown for diagnosis but not eligible for safe replacement
kdv,3,0.05,0.0,physics_filtered_s0.4,physics_informed,False,physics_filtered_s1.3,222.3176700702068,251.2847545615706,0.8847240671567798,0.030215093346987427,0.031139367965233332,0.9703181316895012,0.00010182091629540569,1482.0820449257626,True,False,False,physics-filtered candidate selected by residual-calibrated certificate
kdv,3,0.05,0.0,physics_filtered_s0.8,physics_informed,True,physics_filtered_s1.3,143.16205299938466,251.2847545615706,0.5697204084233692,0.02787910826896903,0.031139367965233332,0.8953010317743239,0.0009628130661298935,954.3789763921568,True,False,False,physics-filtered candidate selected by residual-calibrated certificate
kdv,3,0.05,0.0,physics_filtered_s1.3,physics_informed,True,physics_filtered_s1.3,134.75960130561677,251.2847545615706,0.5362824399782559,0.027015518125836007,0.031139367965233332,0.8675679658986941,0.002130357598061021,898.3580052073567,True,False,False,physics-filtered candidate selected by residual-calibrated certificate
kdv,3,0.05,0.0,physics_filtered_s2,physics_informed,False,physics_filtered_s1.3,144.9050512258536,251.2847545615706,0.5766567553160012,0.027859003218188842,0.031139367965233332,0.8946553844123739,0.004727886362322874,965.9786809949702,True,False,False,physics-filtered candidate selected by residual-calibrated certificate
kdv,4,0.05,0.0,data_only_lowrank,data_only,False,physics_filtered_s1.3,197.68264516885804,192.72548125354032,1.0257213726128684,0.03296876101994751,0.03337133386238284,0.9879365672021561,0.0,1317.8705730498548,True,False,False,data-driven candidate without PDE residual selection
kdv,4,0.05,0.0,risky_sensor_overfit,risky,False,physics_filtered_s1.3,16490.24131899213,192.72548125354032,85.56336822580447,0.20245314788387797,0.03337133386238284,6.066678326754643,0.0,109934.76721599273,True,False,False,fits observed points but injects high-frequency nonphysical structure
kdv,4,0.05,0.0,underfit_oversmooth,underfit,False,physics_filtered_s1.3,124.36577441143125,192.72548125354032,0.645300110823545,0.03324942642036478,0.03337133386238284,0.9963469412545172,0.015517156477174448,828.9900216825029,True,False,False,oversmoothed challenge candidate; shown for diagnosis but not eligible for safe replacement
kdv,4,0.05,0.0,physics_filtered_s0.4,physics_informed,False,physics_filtered_s1.3,186.00803843069536,192.72548125354032,0.965145019853349,0.03197870324302626,0.03337133386238284,0.9582686557852977,0.00013975882489986768,1240.0393172904446,True,False,False,physics-filtered candidate selected by residual-calibrated certificate
kdv,4,0.05,0.0,physics_filtered_s0.8,physics_informed,True,physics_filtered_s1.3,149.53538748738515,192.72548125354032,0.7758983737633679,0.02769560084115334,0.03337133386238284,0.8299219010703891,0.001296552498873439,996.8825009735922,True,False,False,physics-filtered candidate selected by residual-calibrated certificate
kdv,4,0.05,0.0,physics_filtered_s1.3,physics_informed,True,physics_filtered_s1.3,143.69048612885297,192.72548125354032,0.7455707734869784,0.026812756074093287,0.03337133386238284,0.8034667173886614,0.0025978155219156464,957.9086607437189,True,False,False,physics-filtered candidate selected by residual-calibrated certificate
kdv,4,0.05,0.0,physics_filtered_s2,physics_informed,False,physics_filtered_s1.3,151.9314463166938,192.72548125354032,0.7883308700462881,0.028093329168291395,0.03337133386238284,0.8418401638754149,0.00532215708083234,1012.8304661490672,True,False,False,physics-filtered candidate selected by residual-calibrated certificate
kdv,5,0.05,0.0,data_only_lowrank,data_only,True,physics_filtered_s0.8,254.62823839132594,255.39241003870347,0.9970078529457367,0.04923113089088154,0.04952727445706741,0.9940205963193756,0.0,1697.471155487231,True,False,False,data-driven candidate without PDE residual selection
kdv,5,0.05,0.0,risky_sensor_overfit,risky,False,physics_filtered_s0.8,16450.190054306593,255.39241003870347,64.4114288745448,0.20422100831822476,0.04952727445706741,4.123404943091101,0.0,109667.75437817164,True,False,False,fits observed points but injects high-frequency nonphysical structure
kdv,5,0.05,0.0,underfit_oversmooth,underfit,False,physics_filtered_s0.8,146.3938451188868,255.39241003870347,0.5732114164892408,0.04509352345397152,0.04952727445706741,0.9104785988607196,0.017863444724908133,975.807216366739,True,False,False,oversmoothed challenge candidate; shown for diagnosis but not eligible for safe replacement
kdv,5,0.05,0.0,physics_filtered_s0.4,physics_informed,False,physics_filtered_s0.8,231.06714713573737,255.39241003870347,0.9047533836292134,0.04851083735619877,0.04952727445706741,0.9794772251655155,0.00013902080169086938,1540.3980245522837,True,False,False,physics-filtered candidate selected by residual-calibrated certificate
kdv,5,0.05,0.0,physics_filtered_s0.8,physics_informed,True,physics_filtered_s0.8,156.72975814220754,255.39241003870347,0.6136821298583435,0.0450515350594668,0.04952727445706741,0.9096308155945464,0.0013074578949662918,1044.816611229651,True,False,False,physics-filtered candidate selected by residual-calibrated certificate
kdv,5,0.05,0.0,physics_filtered_s1.3,physics_informed,True,physics_filtered_s0.8,158.72600386987,255.39241003870347,0.6214985161298068,0.04298365454477213,0.04952727445706741,0.8678784571754403,0.0027887111749857452,1058.119194225561,True,False,False,physics-filtered candidate selected by residual-calibrated certificate
kdv,5,0.05,0.0,physics_filtered_s2,physics_informed,False,physics_filtered_s0.8,178.20428763509216,255.39241003870347,0.6977665765716587,0.0422623734984983,0.04952727445706741,0.8533151472786982,0.006034256265096482,1187.9550106936415,True,False,False,physics-filtered candidate selected by residual-calibrated certificate
kdv,1,0.05,0.01,data_only_lowrank,data_only,False,physics_filtered_s1.3,335.76098221689864,296.23617081468547,1.1334233132082216,0.027848847328453837,0.02832904882757415,0.9830491484897312,0.0,2238.3241450745136,False,False,False,data-driven candidate without PDE residual selection
kdv,1,0.05,0.01,risky_sensor_overfit,risky,False,physics_filtered_s1.3,16494.728660213405,296.23617081468547,55.68100821331453,0.20228251166298344,0.02832904882757415,7.140462529717934,0.0,109964.62531021182,False,False,False,fits observed points but injects high-frequency nonphysical structure
kdv,1,0.05,0.01,underfit_oversmooth,underfit,False,physics_filtered_s1.3,136.24496271655403,296.23617081468547,0.45992007776046845,0.0351644446525759,0.02832904882757415,1.2412857510806086,0.01663757198771033,908.109361166817,False,False,False,oversmoothed challenge candidate; shown for diagnosis but not eligible for safe replacement
kdv,1,0.05,0.01,physics_filtered_s0.4,physics_informed,False,physics_filtered_s1.3,308.8935560328912,296.23617081468547,1.0427273454939527,0.0276927370425804,0.02832904882757415,0.9775385403920822,0.00015789419065675878,2059.2073923603084,False,False,False,physics-filtered candidate selected by residual-calibrated certificate
kdv,1,0.05,0.01,physics_filtered_s0.8,physics_informed,True,physics_filtered_s1.3,202.1821731886702,296.23617081468547,0.6825033304766395,0.0274195174411626,0.02832904882757415,0.9678940372154624,0.0014015251053081698,1347.7920303275653,False,False,False,physics-filtered candidate selected by residual-calibrated certificate
kdv,1,0.05,0.01,physics_filtered_s1.3,physics_informed,True,physics_filtered_s1.3,172.77835649574212,296.23617081468547,0.5832453073525088,0.027857837268628238,0.02832904882757415,0.9833664884833471,0.0027926806766560034,1151.7582452344898,False,False,False,physics-filtered candidate selected by residual-calibrated certificate
kdv,1,0.05,0.01,physics_filtered_s2,physics_informed,False,physics_filtered_s1.3,173.1385705293924,296.23617081468547,0.5844612764647872,0.029609850742324504,0.02832904882757415,1.0452116102273956,0.005741149470605687,1154.1404226627133,False,False,False,physics-filtered candidate selected by residual-calibrated certificate
kdv,2,0.05,0.01,data_only_lowrank,data_only,False,physics_filtered_s0.8,302.9157689536719,254.92341579374494,1.188261847231624,0.050175134022900546,0.05043078624342212,0.9949306318508994,0.0,2019.350641588855,True,False,False,data-driven candidate without PDE residual selection
kdv,2,0.05,0.01,risky_sensor_overfit,risky,False,physics_filtered_s0.8,16461.75174658156,254.92341579374494,64.57528311130304,0.2035839265364056,0.05043078624342212,4.036897730479523,0.0,109744.77489809658,True,False,False,fits observed points but injects high-frequency nonphysical structure
kdv,2,0.05,0.01,underfit_oversmooth,underfit,False,physics_filtered_s0.8,198.1790187209724,254.92341579374494,0.7774061009809926,0.04783436151779478,0.05043078624342212,0.9485150853281706,0.025873297435990622,1320.9397276332566,True,False,False,oversmoothed challenge candidate; shown for diagnosis but not eligible for safe replacement
kdv,2,0.05,0.01,physics_filtered_s0.4,physics_informed,False,physics_filtered_s0.8,283.3434428768711,254.92341579374494,1.1114845687856283,0.04859604151613729,0.05043078624342212,0.9636185579302214,0.00025987948259167655,1888.8675273339936,True,False,False,physics-filtered candidate selected by residual-calibrated certificate
kdv,2,0.05,0.01,physics_filtered_s0.8,physics_informed,True,physics_filtered_s0.8,248.73953196920797,254.92341579374494,0.975742189844415,0.0419234238151932,0.05043078624342212,0.831306171036152,0.0024074536111934022,1658.1643759885856,True,False,False,physics-filtered candidate selected by residual-calibrated certificate
kdv,2,0.05,0.01,physics_filtered_s1.3,physics_informed,False,physics_filtered_s0.8,263.9900151435657,254.92341579374494,1.035565973104469,0.04050382446976103,0.05043078624342212,0.8031567121212777,0.004906899063333644,1759.8193239847928,True,False,False,physics-filtered candidate selected by residual-calibrated certificate
kdv,2,0.05,0.01,physics_filtered_s2,physics_informed,False,physics_filtered_s0.8,275.6967290283122,254.92341579374494,1.081488446912125,0.042102309422221956,0.05043078624342212,0.8348533219007401,0.009895279119743652,1837.8316621367696,True,False,False,physics-filtered candidate selected by residual-calibrated certificate
kdv,3,0.05,0.01,data_only_lowrank,data_only,False,physics_filtered_s1.3,343.73738379829155,300.560626516378,1.143654070003609,0.018162179060354014,0.018859483786677532,0.9630263089290321,0.0,2291.5036107214933,False,False,False,data-driven candidate without PDE residual selection
kdv,3,0.05,0.01,risky_sensor_overfit,risky,False,physics_filtered_s1.3,16551.05879821515,300.560626516378,55.06728871991221,0.19720138184320576,0.018859483786677532,10.456350983055742,0.0,110340.16132752021,False,False,False,fits observed points but injects high-frequency nonphysical structure
kdv,3,0.05,0.01,underfit_oversmooth,underfit,False,physics_filtered_s1.3,109.80305526858714,300.560626516378,0.3653274766600323,0.02494753523217283,0.018859483786677532,1.3228111391083317,0.013565185044854242,731.851000365995,False,False,False,oversmoothed challenge candidate; shown for diagnosis but not eligible for safe replacement
kdv,3,0.05,0.01,physics_filtered_s0.4,physics_informed,False,physics_filtered_s1.3,315.25189292357106,300.560626516378,1.0488795441288163,0.0179504465103461,0.018859483786677532,0.9517994613444627,0.00012693277064678687,2101.5997643419114,False,False,False,physics-filtered candidate selected by residual-calibrated certificate
kdv,3,0.05,0.01,physics_filtered_s0.8,physics_informed,True,physics_filtered_s1.3,192.70372584445946,300.560626516378,0.6411476049873022,0.01720082843326281,0.018859483786677532,0.9120519218294586,0.0010982392789020026,1284.606540291419,False,False,False,physics-filtered candidate selected by residual-calibrated certificate
kdv,3,0.05,0.01,physics_filtered_s1.3,physics_informed,True,physics_filtered_s1.3,146.39595628886053,300.560626516378,0.48707629467521985,0.01734897797164959,0.018859483786677532,0.9199073615676119,0.002158256865427795,975.8812711551192,False,False,False,physics-filtered candidate selected by residual-calibrated certificate
kdv,3,0.05,0.01,physics_filtered_s2,physics_informed,False,physics_filtered_s1.3,135.9494991212767,300.560626516378,0.45231972230357365,0.01894111121389113,0.018859483786677532,1.004328189845097,0.004488926705742694,906.2225032739057,False,False,False,physics-filtered candidate selected by residual-calibrated certificate
kdv,4,0.05,0.01,data_only_lowrank,data_only,False,physics_filtered_s1.3,291.17724159862195,243.1204625514386,1.197666533465954,0.033570689275804345,0.033978367627652495,0.9880018264178068,0.0,1941.0980974523204,True,False,False,data-driven candidate without PDE residual selection
kdv,4,0.05,0.01,risky_sensor_overfit,risky,False,physics_filtered_s1.3,16536.744826401897,243.1204625514386,68.01872887562082,0.20209493105165516,0.033978367627652495,5.947752795553287,0.0,110244.75591683493,True,False,False,fits observed points but injects high-frequency nonphysical structure
kdv,4,0.05,0.01,underfit_oversmooth,underfit,False,physics_filtered_s1.3,137.4390178890942,243.1204625514386,0.5653124235069878,0.034985428302262624,0.033978367627652495,1.0296382888258857,0.017163075290834873,916.0663676367292,True,False,False,oversmoothed challenge candidate; shown for diagnosis but not eligible for safe replacement
kdv,4,0.05,0.01,physics_filtered_s0.4,physics_informed,False,physics_filtered_s1.3,272.94287727245273,243.1204625514386,1.1226651776162333,0.032952789508228976,0.033978367627652495,0.9698167336455948,0.00017318864358324956,1819.535006565998,True,False,False,physics-filtered candidate selected by residual-calibrated certificate
kdv,4,0.05,0.01,physics_filtered_s0.8,physics_informed,True,physics_filtered_s1.3,201.1625778226527,243.1204625514386,0.827419361215186,0.03033666053031366,0.033978367627652495,0.8928227765930715,0.0015402587026952558,1340.9929748447298,True,False,False,physics-filtered candidate selected by residual-calibrated certificate
kdv,4,0.05,0.01,physics_filtered_s1.3,physics_informed,True,physics_filtered_s1.3,175.91778553252664,243.1204625514386,0.7235828020658929,0.029537150555368007,0.033978367627652495,0.8692928064755118,0.0030205865388578715,1172.6856782521593,True,False,False,physics-filtered candidate selected by residual-calibrated certificate
kdv,4,0.05,0.01,physics_filtered_s2,physics_informed,False,physics_filtered_s1.3,176.57595990247282,243.1204625514386,0.7262899965284195,0.030315905959180416,0.033978367627652495,0.8922119594002014,0.006085459400031082,1177.0537174069768,True,False,False,physics-filtered candidate selected by residual-calibrated certificate
kdv,5,0.05,0.01,data_only_lowrank,data_only,False,physics_filtered_s1.3,299.0504519885906,235.270199902957,1.2710936281430463,0.02601801140516273,0.02653633393649597,0.9804674400934921,0.0,1993.5864073187429,True,False,False,data-driven candidate without PDE residual selection
kdv,5,0.05,0.01,risky_sensor_overfit,risky,False,physics_filtered_s1.3,16482.965826619307,235.270199902957,70.05972636321151,0.1991736715636411,0.02653633393649597,7.505696605747327,0.0,109886.23849478397,True,False,False,fits observed points but injects high-frequency nonphysical structure
kdv,5,0.05,0.01,underfit_oversmooth,underfit,False,physics_filtered_s1.3,114.97084579682314,235.270199902957,0.4886757687299336,0.030050667022800504,0.02653633393649597,1.1324347626006759,0.014410786689257169,766.2949728974169,True,False,False,oversmoothed challenge candidate; shown for diagnosis but not eligible for safe replacement
kdv,5,0.05,0.01,physics_filtered_s0.4,physics_informed,False,physics_filtered_s1.3,279.6326047839351,235.270199902957,1.1885593878836984,0.025712156002778607,0.02653633393649597,0.9689415298790466,0.00013237764436287988,1864.1336281848608,True,False,False,physics-filtered candidate selected by residual-calibrated certificate
kdv,5,0.05,0.01,physics_filtered_s0.8,physics_informed,True,physics_filtered_s1.3,193.57510051251737,235.270199902957,0.8227778128822154,0.024409915332468873,0.02653633393649597,0.9198676573020339,0.001151629224047534,1290.4121537491772,True,False,False,physics-filtered candidate selected by residual-calibrated certificate
kdv,5,0.05,0.01,physics_filtered_s1.3,physics_informed,True,physics_filtered_s1.3,152.24009869478473,235.270199902957,0.6470861960315386,0.024047921805121514,0.02653633393649597,0.9062262278491184,0.002289590147522856,1014.8387878018054,True,False,False,physics-filtered candidate selected by residual-calibrated certificate
kdv,5,0.05,0.01,physics_filtered_s2,physics_informed,False,physics_filtered_s1.3,142.98446829228718,235.270199902957,0.6077457678501742,0.02500111804977314,0.02653633393649597,0.9421466472596065,0.004789774198704704,953.1181918439975,True,False,False,physics-filtered candidate selected by residual-calibrated certificate
kdv,1,0.05,0.03,data_only_lowrank,data_only,False,physics_filtered_s1.3,689.2746677461007,457.13014411849963,1.50783026806349,0.03447968523233114,0.034707862603758556,0.9934257728565479,0.0,4594.947318146595,True,False,False,data-driven candidate without PDE residual selection
kdv,1,0.05,0.03,risky_sensor_overfit,risky,False,physics_filtered_s1.3,16482.05256156251,457.13014411849963,36.05549267232289,0.20274366401233104,0.034707862603758556,5.841433289082292,0.0,109880.01277329504,True,False,False,fits observed points but injects high-frequency nonphysical structure
kdv,1,0.05,0.03,underfit_oversmooth,underfit,False,physics_filtered_s1.3,170.8327342002616,457.13014411849963,0.3737069987578353,0.031546110071338423,0.034707862603758556,0.9089038535900322,0.020229141801600226,1138.5364929391624,True,False,False,oversmoothed challenge candidate; shown for diagnosis but not eligible for safe replacement
kdv,1,0.05,0.03,physics_filtered_s0.4,physics_informed,False,physics_filtered_s1.3,638.589365412066,457.13014411849963,1.3969530857420902,0.03380435639688648,0.034707862603758556,0.9739682556036108,0.00029438858970095883,4257.04381889078,True,False,False,physics-filtered candidate selected by residual-calibrated certificate
kdv,1,0.05,0.03,physics_filtered_s0.8,physics_informed,True,physics_filtered_s1.3,412.6479122182112,457.13014411849963,0.9026924116193081,0.03085392198073497,0.034707862603758556,0.888960588904279,0.00245608240311489,2750.754898326379,True,False,False,physics-filtered candidate selected by residual-calibrated certificate
kdv,1,0.05,0.03,physics_filtered_s1.3,physics_informed,True,physics_filtered_s1.3,303.7386727593716,457.13014411849963,0.6644468247550838,0.029176415808620723,0.034707862603758556,0.8406284230426955,0.004448795447748368,2024.6807229341523,True,False,False,physics-filtered candidate selected by residual-calibrated certificate
kdv,1,0.05,0.03,physics_filtered_s2,physics_informed,False,physics_filtered_s1.3,256.82885865101946,457.13014411849963,0.5618287526110778,0.028428438587808687,0.034707862603758556,0.819077766658874,0.008120932663324374,1711.924589443883,True,False,False,physics-filtered candidate selected by residual-calibrated certificate
kdv,2,0.05,0.03,data_only_lowrank,data_only,False,physics_filtered_s1.3,663.959130091569,454.1164496432462,1.4620900225331492,0.05841034545356325,0.058641236578041794,0.9960626491024396,0.0,4426.1713733840725,True,False,False,data-driven candidate without PDE residual selection
kdv,2,0.05,0.03,risky_sensor_overfit,risky,False,physics_filtered_s1.3,16497.536596488673,454.1164496432462,36.32886808977983,0.20653483069330567,0.058641236578041794,3.5220067437513864,0.0,109983.2689167099,True,False,False,fits observed points but injects high-frequency nonphysical structure
kdv,2,0.05,0.03,underfit_oversmooth,underfit,False,physics_filtered_s1.3,229.3859173441642,454.1164496432462,0.5051257612983833,0.0491877425060527,0.058641236578041794,0.8387910176442673,0.027833853386576603,1528.8394541043708,True,False,False,oversmoothed challenge candidate; shown for diagnosis but not eligible for safe replacement
kdv,2,0.05,0.03,physics_filtered_s0.4,physics_informed,False,physics_filtered_s1.3,618.2311036486531,454.1164496432462,1.3613933257302921,0.056483088059555056,0.058641236578041794,0.9631974247920608,0.0003961439326040971,4121.315900437338,True,False,False,physics-filtered candidate selected by residual-calibrated certificate
kdv,2,0.05,0.03,physics_filtered_s0.8,physics_informed,True,physics_filtered_s1.3,441.67630038466103,454.1164496432462,0.9726058167054746,0.047987202292518426,0.058641236578041794,0.8183183897876551,0.00345919256009135,2944.2666965321127,True,False,False,physics-filtered candidate selected by residual-calibrated certificate
kdv,2,0.05,0.03,physics_filtered_s1.3,physics_informed,True,physics_filtered_s1.3,372.3916322224213,454.1164496432462,0.8200355492847072,0.04516366925046368,0.058641236578041794,0.7701691145204302,0.006342541667111662,2482.351636284921,True,False,False,physics-filtered candidate selected by residual-calibrated certificate
kdv,2,0.05,0.03,physics_filtered_s2,physics_informed,False,physics_filtered_s1.3,342.3585814620676,454.1164496432462,0.7539004185622954,0.045046049295655186,0.058641236578041794,0.7681633594976834,0.011483384398805406,2282.098682260207,True,False,False,physics-filtered candidate selected by residual-calibrated certificate
kdv,3,0.05,0.03,data_only_lowrank,data_only,False,physics_filtered_s1.3,728.8454017489798,472.8568960152088,1.5413657025857057,0.03727032393186054,0.03756240822748427,0.9922240263497739,0.0,4858.739226712329,True,False,False,data-driven candidate without PDE residual selection
kdv,3,0.05,0.03,risky_sensor_overfit,risky,False,physics_filtered_s1.3,16519.470518389284,472.8568960152088,34.93545437869203,0.19869194235339224,0.03756240822748427,5.2896486600324115,0.0,110129.50456298472,True,False,False,fits observed points but injects high-frequency nonphysical structure
kdv,3,0.05,0.03,underfit_oversmooth,underfit,False,physics_filtered_s1.3,179.54869465962645,472.8568960152088,0.3797104286152805,0.0354673482928538,0.03756240822748427,0.9442245576245628,0.0212009997485525,1196.6299659241474,True,False,False,oversmoothed challenge candidate; shown for diagnosis but not eligible for safe replacement
kdv,3,0.05,0.03,physics_filtered_s0.4,physics_informed,False,physics_filtered_s1.3,672.5067697270862,472.8568960152088,1.4222204971405439,0.03658365270574979,0.03756240822748427,0.9739432169316484,0.0003124327083613224,4483.147004429643,True,False,False,physics-filtered candidate selected by residual-calibrated certificate
kdv,3,0.05,0.03,physics_filtered_s0.8,physics_informed,True,physics_filtered_s1.3,428.9356144059579,472.8568960152088,0.9071150659335225,0.03381882748733115,0.03756240822748427,0.900337041267916,0.0026154739075027332,2859.3276765659034,True,False,False,physics-filtered candidate selected by residual-calibrated certificate
kdv,3,0.05,0.03,physics_filtered_s1.3,physics_informed,True,physics_filtered_s1.3,321.3285125531979,472.8568960152088,0.6795470580233689,0.03232355927284538,0.03756240822748427,0.8605294707471345,0.004753453407054018,2141.9353468657573,True,False,False,physics-filtered candidate selected by residual-calibrated certificate
kdv,3,0.05,0.03,physics_filtered_s2,physics_informed,False,physics_filtered_s1.3,274.97503639459177,472.8568960152088,0.5815185074212114,0.03184703372516416,0.03756240822748427,0.8478432354881327,0.008644886685884395,1832.8884796723037,True,False,False,physics-filtered candidate selected by residual-calibrated certificate
kdv,4,0.05,0.03,data_only_lowrank,data_only,False,physics_filtered_s1.3,684.1812022543694,462.16325322616564,1.48038858017895,0.05149431031456696,0.05177032444794189,0.9946684874527463,0.0,4560.980536214329,True,False,False,data-driven candidate without PDE residual selection
kdv,4,0.05,0.03,risky_sensor_overfit,risky,False,physics_filtered_s1.3,16458.70304694764,462.16325322616564,35.61231433277393,0.20734840984084674,0.05177032444794189,4.005159559031596,0.0,109724.31701829891,True,False,False,fits observed points but injects high-frequency nonphysical structure
kdv,4,0.05,0.03,underfit_oversmooth,underfit,False,physics_filtered_s1.3,236.91681387231154,462.16325322616564,0.512625813970486,0.044901044844750285,0.05177032444794189,0.8673124096224974,0.028016926529563713,1579.0389912533417,True,False,False,oversmoothed challenge candidate; shown for diagnosis but not eligible for safe replacement
kdv,4,0.05,0.03,physics_filtered_s0.4,physics_informed,False,physics_filtered_s1.3,637.2698555200245,462.16325322616564,1.3788847362301364,0.04983558592254205,0.05177032444794189,0.9626284257053872,0.00036134098389150313,4248.236503595994,True,False,False,physics-filtered candidate selected by residual-calibrated certificate
kdv,4,0.05,0.03,physics_filtered_s0.8,physics_informed,True,physics_filtered_s1.3,443.4630070697325,462.16325322616564,0.9595375745996774,0.042502486533042325,0.05177032444794189,0.8209816528185002,0.0031369289584941497,2956.1755971126718,True,False,False,physics-filtered candidate selected by residual-calibrated certificate
kdv,4,0.05,0.03,physics_filtered_s1.3,physics_informed,True,physics_filtered_s1.3,365.0890946472275,462.16325322616564,0.789956994846939,0.040075739795297924,0.05177032444794189,0.7741064059743789,0.0059179308688988,2433.666045991143,True,False,False,physics-filtered candidate selected by residual-calibrated certificate
kdv,4,0.05,0.03,physics_filtered_s2,physics_informed,False,physics_filtered_s1.3,343.82408594541437,462.16325322616564,0.7439450963384118,0.040268100100819985,0.05177032444794189,0.7778220540327907,0.011216924909003771,2291.8652525279704,True,False,False,physics-filtered candidate selected by residual-calibrated certificate
kdv,5,0.05,0.03,data_only_lowrank,data_only,False,physics_filtered_s1.3,648.5202694570897,447.21536994141127,1.4501296535091124,0.034530578509300865,0.03500982748601556,0.9863110157314418,0.0,4323.252150724173,True,False,False,data-driven candidate without PDE residual selection
kdv,5,0.05,0.03,risky_sensor_overfit,risky,False,physics_filtered_s1.3,16475.098194708607,447.21536994141127,36.83929332944648,0.2023174041625393,0.03500982748601556,5.778874638487571,0.0,109833.64564504367,True,False,False,fits observed points but injects high-frequency nonphysical structure
kdv,5,0.05,0.03,underfit_oversmooth,underfit,False,physics_filtered_s1.3,171.19574373045486,447.21536994141127,0.38280380156183463,0.033237490642622984,0.03500982748601556,0.9493760189178339,0.02017145019697419,1140.9592820023333,True,False,False,oversmoothed challenge candidate; shown for diagnosis but not eligible for safe replacement
kdv,5,0.05,0.03,physics_filtered_s0.4,physics_informed,False,physics_filtered_s1.3,604.6099471645734,447.21536994141127,1.3519435775290565,0.03394082784003483,0.03500982748601556,0.9694657265198694,0.00029120983099729085,4030.515226150182,True,False,False,physics-filtered candidate selected by residual-calibrated certificate
kdv,5,0.05,0.03,physics_filtered_s0.8,physics_informed,True,physics_filtered_s1.3,404.50927442610373,447.21536994141127,0.904506646269999,0.03142919710715647,0.03500982748601556,0.8977249921843495,0.002415163994997433,2696.498804789853,True,False,False,physics-filtered candidate selected by residual-calibrated certificate
kdv,5,0.05,0.03,physics_filtered_s1.3,physics_informed,True,physics_filtered_s1.3,298.7236032727441,447.21536994141127,0.6679636330743252,0.030030417523462482,0.03500982748601556,0.8577710796946988,0.004360107444489075,1991.2492718849119,True,False,False,physics-filtered candidate selected by residual-calibrated certificate
kdv,5,0.05,0.03,physics_filtered_s2,physics_informed,False,physics_filtered_s1.3,253.52883465014654,447.21536994141127,0.5669054591825863,0.029562281239307375,0.03500982748601556,0.8443995118305404,0.008003307209512494,1689.9275343129398,True,False,False,physics-filtered candidate selected by residual-calibrated certificate
kdv,1,0.05,0.05,data_only_lowrank,data_only,False,physics_filtered_s1.3,1106.0576962525404,744.0848731648667,1.4864671170481782,0.046283196120004075,0.04615746188065029,1.0027240284285166,0.0,7373.339350937702,True,False,False,data-driven candidate without PDE residual selection
kdv,1,0.05,0.05,risky_sensor_overfit,risky,False,physics_filtered_s1.3,16557.66092978288,744.0848731648667,22.252382123234185,0.2045702923790914,0.04615746188065029,4.432009127876624,0.0,110383.9027274039,True,False,False,fits observed points but injects high-frequency nonphysical structure
kdv,1,0.05,0.05,underfit_oversmooth,underfit,False,physics_filtered_s1.3,254.63100440535237,744.0848731648667,0.3422069357791305,0.03846068063921967,0.04615746188065029,0.8332494697787868,0.02886379762675809,1696.9822216673188,True,False,False,oversmoothed challenge candidate; shown for diagnosis but not eligible for safe replacement
kdv,1,0.05,0.05,physics_filtered_s0.4,physics_informed,False,physics_filtered_s1.3,1028.1130073471488,744.0848731648667,1.381714700063992,0.045307964831681063,0.04615746188065029,0.9815956723931794,0.0004849826363021847,6853.705977875499,True,False,False,physics-filtered candidate selected by residual-calibrated certificate
kdv,1,0.05,0.05,physics_filtered_s0.8,physics_informed,True,physics_filtered_s1.3,678.0319237568383,744.0848731648667,0.9112292807041193,0.04128610605749007,0.04615746188065029,0.8944622250536526,0.0040041216230304955,4519.813692623,True,False,False,physics-filtered candidate selected by residual-calibrated certificate
kdv,1,0.05,0.05,physics_filtered_s1.3,physics_informed,True,physics_filtered_s1.3,496.7803299180296,744.0848731648667,0.6676393350197262,0.038803830650641254,0.04615746188065029,0.8406838042814385,0.0071342004538844225,3311.4517361813632,True,False,False,physics-filtered candidate selected by residual-calibrated certificate
kdv,1,0.05,0.05,physics_filtered_s2,physics_informed,False,physics_filtered_s1.3,410.2107906614998,744.0848731648667,0.5512956995305144,0.03685716468439683,0.04615746188065029,0.7985093456590004,0.012598574211677958,2734.287564241954,True,False,False,physics-filtered candidate selected by residual-calibrated certificate
kdv,2,0.05,0.05,data_only_lowrank,data_only,False,physics_filtered_s1.3,1106.3830205172328,738.2737827383016,1.4986080318518022,0.04245824300275243,0.04268139904008941,0.9947715856707943,0.0,7375.5226177173745,True,False,False,data-driven candidate without PDE residual selection
kdv,2,0.05,0.05,risky_sensor_overfit,risky,False,physics_filtered_s1.3,16569.397381206538,738.2737827383016,22.443431919998066,0.20251740172040533,0.04268139904008941,4.744863248869647,0.0,110462.14954270062,True,False,False,fits observed points but injects high-frequency nonphysical structure
kdv,2,0.05,0.05,underfit_oversmooth,underfit,False,physics_filtered_s1.3,243.41111016179073,738.2737827383016,0.3297030395132874,0.03583110347570837,0.04268139904008941,0.83950161617743,0.02855375624724202,1622.1993673733969,True,False,False,oversmoothed challenge candidate; shown for diagnosis but not eligible for safe replacement
kdv,2,0.05,0.05,physics_filtered_s0.4,physics_informed,False,physics_filtered_s1.3,1024.026929943768,738.2737827383016,1.387055796760911,0.04141731900611877,0.04268139904008941,0.9703833505140329,0.0004783750507736776,6826.479901934551,True,False,False,physics-filtered candidate selected by residual-calibrated certificate
kdv,2,0.05,0.05,physics_filtered_s0.8,physics_informed,True,physics_filtered_s1.3,659.675895250825,738.2737827383016,0.8935382925343044,0.03729443824452031,0.04268139904008941,0.8737866865286429,0.00394728874503965,4397.45462996476,True,False,False,physics-filtered candidate selected by residual-calibrated certificate
kdv,2,0.05,0.05,physics_filtered_s1.3,physics_informed,True,physics_filtered_s1.3,480.65775201162745,738.2737827383016,0.6510562385526388,0.03500417504903163,0.04268139904008941,0.8201271709798709,0.007031262106315945,3203.982295930036,True,False,False,physics-filtered candidate selected by residual-calibrated certificate
kdv,2,0.05,0.05,physics_filtered_s2,physics_informed,False,physics_filtered_s1.3,394.70830258719445,738.2737827383016,0.5346367591751628,0.03340605172379486,0.04268139904008941,0.7826840842690005,0.012451984420630407,2630.9522406505494,True,False,False,physics-filtered candidate selected by residual-calibrated certificate
kdv,3,0.05,0.05,data_only_lowrank,data_only,False,physics_filtered_s1.3,1108.0812852370836,746.6052105642001,1.4841595927246733,0.0544610577369435,0.05453740772205282,0.9986000437260047,0.0,7386.84630645696,True,False,False,data-driven candidate without PDE residual selection
kdv,3,0.05,0.05,risky_sensor_overfit,risky,False,physics_filtered_s1.3,16580.20695915502,746.6052105642001,22.207462156104626,0.20453125999517122,0.05453740772205282,3.750293028847361,0.0,110534.23000053896,True,False,False,fits observed points but injects high-frequency nonphysical structure
kdv,3,0.05,0.05,underfit_oversmooth,underfit,False,physics_filtered_s1.3,269.6708829127189,746.6052105642001,0.36119609011157544,0.04522670437528962,0.05453740772205282,0.829278586267906,0.03194737676976341,1797.2411178873383,True,False,False,oversmoothed challenge candidate; shown for diagnosis but not eligible for safe replacement
kdv,3,0.05,0.05,physics_filtered_s0.4,physics_informed,False,physics_filtered_s1.3,1026.8881909805443,746.6052105642001,1.3754098905960441,0.05298770839880741,0.05453740772205282,0.971584653746013,0.0005091691411093525,6845.5564964956875,True,False,False,physics-filtered candidate selected by residual-calibrated certificate
kdv,3,0.05,0.05,physics_filtered_s0.8,physics_informed,True,physics_filtered_s1.3,674.3129348589111,746.6052105642001,0.9031720182468864,0.04683671371651763,0.05453740772205282,0.8587997793067065,0.004262280945074049,4495.033636665647,True,False,False,physics-filtered candidate selected by residual-calibrated certificate
kdv,3,0.05,0.05,physics_filtered_s1.3,physics_informed,True,physics_filtered_s1.3,505.2673300743927,746.6052105642001,0.6767530187641845,0.04407141517400779,0.05453740772205282,0.8080951591576825,0.007661780726068934,3368.042324513921,True,False,False,physics-filtered candidate selected by residual-calibrated certificate
kdv,3,0.05,0.05,physics_filtered_s2,physics_informed,False,physics_filtered_s1.3,427.32309794265035,746.6052105642001,0.5723548294281621,0.042697872614628,0.05453740772205282,0.7829098301014354,0.013714908313931795,2848.375627014267,True,False,False,physics-filtered candidate selected by residual-calibrated certificate
kdv,4,0.05,0.05,data_only_lowrank,data_only,False,physics_filtered_s1.3,1103.5601736347517,715.9685442460253,1.5413528743736795,0.05285783987179696,0.052879530822738934,0.9995898043798029,0.0,7356.691470983812,True,False,False,data-driven candidate without PDE residual selection
kdv,4,0.05,0.05,risky_sensor_overfit,risky,False,physics_filtered_s1.3,16552.384477797426,715.9685442460253,23.118871088433703,0.207538913845849,0.052879530822738934,3.9247495318676244,0.0,110348.71524785878,True,False,False,fits observed points but injects high-frequency nonphysical structure
kdv,4,0.05,0.05,underfit_oversmooth,underfit,False,physics_filtered_s1.3,260.1321211790129,715.9685442460253,0.36332898039948586,0.04296191296489765,0.052879530822738934,0.8124488303063949,0.03126466169061049,1733.639511275172,True,False,False,oversmoothed challenge candidate; shown for diagnosis but not eligible for safe replacement
kdv,4,0.05,0.05,physics_filtered_s0.4,physics_informed,False,physics_filtered_s1.3,1024.9477957031472,715.9685442460253,1.4315542267048915,0.051463595687487824,0.052879530822738934,0.9732233793644882,0.0005152812089689398,6832.6065500622335,True,False,False,physics-filtered candidate selected by residual-calibrated certificate
kdv,4,0.05,0.05,physics_filtered_s0.8,physics_informed,True,physics_filtered_s1.3,678.7399359017714,715.9685442460253,0.9480024525610135,0.045571524014262954,0.052879530822738934,0.8617989476148069,0.004305741033351983,4524.533413003346,True,False,False,physics-filtered candidate selected by residual-calibrated certificate
kdv,4,0.05,0.05,physics_filtered_s1.3,physics_informed,True,physics_filtered_s1.3,506.51291437467313,715.9685442460253,0.7074513516624852,0.042641581833238185,0.052879530822738934,0.8063910773976709,0.007678261643038162,3376.333106219558,True,False,False,physics-filtered candidate selected by residual-calibrated certificate
kdv,4,0.05,0.05,physics_filtered_s2,physics_informed,False,physics_filtered_s1.3,422.63746821276936,715.9685442460253,0.5903017270931104,0.040913762669271186,0.052879530822738934,0.7737164462681652,0.013599313829536915,2817.1261147053547,True,False,False,physics-filtered candidate selected by residual-calibrated certificate
kdv,5,0.05,0.05,data_only_lowrank,data_only,False,physics_filtered_s1.3,1101.8508527671868,721.3833643507157,1.5274137264849612,0.0531517723055679,0.05319811682369977,0.9991288315846858,0.0,7345.299926423739,True,False,False,data-driven candidate without PDE residual selection
kdv,5,0.05,0.05,risky_sensor_overfit,risky,False,physics_filtered_s1.3,16540.352964922342,721.3833643507157,22.928658716450354,0.20623284590030141,0.05319811682369977,3.876694481120203,0.0,110268.54380714086,True,False,False,fits observed points but injects high-frequency nonphysical structure
kdv,5,0.05,0.05,underfit_oversmooth,underfit,False,physics_filtered_s1.3,264.1049238417245,721.3833643507157,0.3661089746357443,0.04376874389881958,0.05319811682369977,0.8227498737041354,0.030304996617318267,1760.1367895816506,True,False,False,oversmoothed challenge candidate; shown for diagnosis but not eligible for safe replacement
kdv,5,0.05,0.05,physics_filtered_s0.4,physics_informed,False,physics_filtered_s1.3,1023.729197625913,721.3833643507157,1.4191194976437023,0.05196220118417479,0.05319811682369977,0.9767676806192669,0.0004949122551484897,6824.486568474069,True,False,False,physics-filtered candidate selected by residual-calibrated certificate
kdv,5,0.05,0.05,physics_filtered_s0.8,physics_informed,True,physics_filtered_s1.3,675.4962093839828,721.3833643507157,0.9363900566129151,0.04693187589319934,0.05319811682369977,0.8822093467678722,0.00409853560490812,4502.9138605144435,True,False,False,physics-filtered candidate selected by residual-calibrated certificate
kdv,5,0.05,0.05,physics_filtered_s1.3,physics_informed,True,physics_filtered_s1.3,500.15371282848025,721.3833643507157,0.6933258202850923,0.0440665710798998,0.05319811682369977,0.8283483271618327,0.007325286102267096,3333.945009518555,True,False,False,physics-filtered candidate selected by residual-calibrated certificate
kdv,5,0.05,0.05,physics_filtered_s2,physics_informed,False,physics_filtered_s1.3,419.41529879026183,721.3833643507157,0.5814041735877259,0.04204863257085176,0.05319811682369977,0.7904158094432521,0.013038548920978891,2795.6530119230983,True,False,False,physics-filtered candidate selected by residual-calibrated certificate
kdv,1,0.1,0.0,data_only_lowrank,data_only,True,physics_filtered_s1.3,152.53982200742408,158.71192598137108,0.9611112779598402,0.014000536217026028,0.014525150855884152,0.9638823276241922,0.0,1016.9268660152552,True,False,False,data-driven candidate without PDE residual selection
kdv,1,0.1,0.0,risky_sensor_overfit,risky,False,physics_filtered_s1.3,15910.563229671388,158.71192598137108,100.24806347280293,0.1990754962852496,0.014525150855884152,13.705571683677098,0.0,106070.27447600046,True,False,False,fits observed points but injects high-frequency nonphysical structure
kdv,1,0.1,0.0,underfit_oversmooth,underfit,False,physics_filtered_s1.3,116.87615455108474,158.71192598137108,0.7364043617289505,0.020457720237602246,0.014525150855884152,1.408434269576372,0.010601661617498457,779.0962098427203,True,False,False,oversmoothed challenge candidate; shown for diagnosis but not eligible for safe replacement
kdv,1,0.1,0.0,physics_filtered_s0.4,physics_informed,False,physics_filtered_s1.3,144.19761046431339,158.71192598137108,0.908549307638279,0.013739547539483898,0.014525150855884152,0.9459142748229757,5.9564856966182994e-05,961.311906255997,True,False,False,physics-filtered candidate selected by residual-calibrated certificate
kdv,1,0.1,0.0,physics_filtered_s0.8,physics_informed,True,physics_filtered_s1.3,111.23433909796132,158.71192598137108,0.7008568411614943,0.012653171117600717,0.014525150855884152,0.871121494177376,0.0005562491234390072,741.5541377566163,True,False,False,physics-filtered candidate selected by residual-calibrated certificate
kdv,1,0.1,0.0,physics_filtered_s1.3,physics_informed,True,physics_filtered_s1.3,102.62129452599537,158.71192598137108,0.646588426745196,0.012681760761891928,0.014525150855884152,0.8730897797100293,0.0012431350056681457,684.1291065139709,True,False,False,physics-filtered candidate selected by residual-calibrated certificate
kdv,1,0.1,0.0,physics_filtered_s2,physics_informed,False,physics_filtered_s1.3,118.93838880913789,158.71192598137108,0.7493979300780309,0.014310061835333635,0.014525150855884152,0.9851919595417781,0.0029834665740222444,792.8972683952583,True,False,False,physics-filtered candidate selected by residual-calibrated certificate
kdv,2,0.1,0.0,data_only_lowrank,data_only,True,physics_filtered_s1.3,145.2058420848596,154.02757934691502,0.9427262487701165,0.009505354488512871,0.010116673327485741,0.9395731363340984,0.0,968.0323689948663,False,False,False,data-driven candidate without PDE residual selection
kdv,2,0.1,0.0,risky_sensor_overfit,risky,False,physics_filtered_s1.3,15881.037593936428,154.02757934691502,103.1051559809792,0.20039000895340076,0.010116673327485741,19.807895584525614,0.0,105873.48171027598,False,False,False,fits observed points but injects high-frequency nonphysical structure
kdv,2,0.1,0.0,underfit_oversmooth,underfit,False,physics_filtered_s1.3,113.2393101596396,154.02757934691502,0.7351885333768112,0.018037066528042645,0.010116673327485741,1.7829049078075179,0.010334927162161223,754.8519082516792,False,False,False,oversmoothed challenge candidate; shown for diagnosis but not eligible for safe replacement
kdv,2,0.1,0.0,physics_filtered_s0.4,physics_informed,False,physics_filtered_s1.3,135.87230956361012,154.02757934691502,0.8821297467616834,0.009356618704210676,0.010116673327485741,0.9248710915538844,4.961025447200352e-05,905.8087053431956,False,False,False,physics-filtered candidate selected by residual-calibrated certificate
kdv,2,0.1,0.0,physics_filtered_s0.8,physics_informed,True,physics_filtered_s1.3,99.1656244179964,154.02757934691502,0.6438173269908103,0.00882910026633903,0.010116673327485741,0.8727276229705605,0.0004689484528289658,661.0955961082922,False,False,False,physics-filtered candidate selected by residual-calibrated certificate
kdv,2,0.1,0.0,physics_filtered_s1.3,physics_informed,True,physics_filtered_s1.3,91.65969181532893,154.02757934691502,0.5950862319850134,0.00923728866897251,0.010116673327485741,0.91307570868804,0.001099134828604731,611.0518735019439,False,False,False,physics-filtered candidate selected by residual-calibrated certificate
kdv,2,0.1,0.0,physics_filtered_s2,physics_informed,False,physics_filtered_s1.3,110.25563831167153,154.02757934691502,0.7158175099495849,0.011327358320496564,0.010116673327485741,1.1196722433056991,0.0027727648004365873,735.0130026359491,False,False,False,physics-filtered candidate selected by residual-calibrated certificate
kdv,3,0.1,0.0,data_only_lowrank,data_only,True,data_only_lowrank,149.5852079977395,154.30636470576775,0.9694040053562824,0.042913810494379465,0.043066479118285206,0.9964550474515718,0.0,997.2288101212141,False,True,False,data-driven candidate without PDE residual selection
kdv,3,0.1,0.0,risky_sensor_overfit,risky,False,data_only_lowrank,15894.728694857775,154.30636470576775,103.00760260385779,0.20217807338826166,0.043066479118285206,4.6945577517091746,0.0,105964.76652412592,False,True,False,fits observed points but injects high-frequency nonphysical structure
kdv,3,0.1,0.0,underfit_oversmooth,underfit,False,data_only_lowrank,199.56370755860337,154.30636470576775,1.2932953733900172,0.04127494296958396,0.043066479118285206,0.9584006822396819,0.01741807882102081,1330.301272124154,False,True,False,oversmoothed challenge candidate; shown for diagnosis but not eligible for safe replacement
kdv,3,0.1,0.0,physics_filtered_s0.4,physics_informed,False,data_only_lowrank,143.96305700264108,154.30636470576775,0.9329690144483005,0.04137580105823023,0.043066479118285206,0.9607425985214127,0.00017754971534903916,959.7468387826111,False,True,False,physics-filtered candidate selected by residual-calibrated certificate
kdv,3,0.1,0.0,physics_filtered_s0.8,physics_informed,False,data_only_lowrank,193.0883602269529,154.30636470576775,1.2513311462889662,0.035285286594565334,0.043066479118285206,0.8193213681766837,0.0016542048717397785,1287.2398716510863,False,True,False,physics-filtered candidate selected by residual-calibrated certificate
kdv,3,0.1,0.0,physics_filtered_s1.3,physics_informed,False,data_only_lowrank,237.09122946228237,154.30636470576775,1.5364967602883248,0.0344208029435337,0.043066479118285206,0.7992481309696858,0.003229877522297335,1580.5818262281582,False,True,False,physics-filtered candidate selected by residual-calibrated certificate
kdv,3,0.1,0.0,physics_filtered_s2,physics_informed,False,data_only_lowrank,261.92387710418996,154.30636470576775,1.6974275662810552,0.036086217341394194,0.043066479118285206,0.8379189123272155,0.00637307187505972,1746.111193247627,False,True,False,physics-filtered candidate selected by residual-calibrated certificate
kdv,4,0.1,0.0,data_only_lowrank,data_only,True,physics_filtered_s0.8,144.2388192724672,152.30260826778562,0.9470541635036136,0.017420137167199954,0.017797411047014582,0.9788017549408281,0.0,961.5862358319607,True,False,False,data-driven candidate without PDE residual selection
kdv,4,0.1,0.0,risky_sensor_overfit,risky,False,physics_filtered_s0.8,15812.29428346656,152.30260826778562,103.82155935021504,0.2003620259634421,0.017797411047014582,11.257931022826705,0.0,105415.15792890909,True,False,False,fits observed points but injects high-frequency nonphysical structure
kdv,4,0.1,0.0,underfit_oversmooth,underfit,False,physics_filtered_s0.8,138.82049183108154,152.30260826778562,0.9114780988320299,0.022311924954899573,0.017797411047014582,1.2536612709964137,0.012637039461061638,925.3773555495522,True,False,False,oversmoothed challenge candidate; shown for diagnosis but not eligible for safe replacement
kdv,4,0.1,0.0,physics_filtered_s0.4,physics_informed,False,physics_filtered_s0.8,136.46678645292337,152.30260826778562,0.8960239618022835,0.01688444067097409,0.017797411047014582,0.948702068262769,0.00010467643258630898,909.772126423659,True,False,False,physics-filtered candidate selected by residual-calibrated certificate
kdv,4,0.1,0.0,physics_filtered_s0.8,physics_informed,True,physics_filtered_s0.8,128.2220445250742,152.30260826778562,0.8418900108370261,0.014793155479279814,0.017797411047014582,0.8311970454225188,0.0009733051906105994,854.8018297122863,True,False,False,physics-filtered candidate selected by residual-calibrated certificate
kdv,4,0.1,0.0,physics_filtered_s1.3,physics_informed,True,physics_filtered_s0.8,141.35692041405187,152.30260826778562,0.9281319737184708,0.014768456803888774,0.017797411047014582,0.8298092775429994,0.0019587297553330524,942.3608285827436,True,False,False,physics-filtered candidate selected by residual-calibrated certificate
kdv,4,0.1,0.0,physics_filtered_s2,physics_informed,False,physics_filtered_s0.8,160.87673366383046,152.30260826778562,1.0562966418865813,0.016486612870282073,0.017797411047014582,0.9263489406298375,0.004106254689191291,1072.47774843277,True,False,False,physics-filtered candidate selected by residual-calibrated certificate
kdv,5,0.1,0.0,data_only_lowrank,data_only,True,physics_filtered_s1.3,145.61998639196935,148.66490618717398,0.9795182341730875,0.01099201499665547,0.011565040966412294,0.9504518857847988,0.0,970.7920237968259,True,False,False,data-driven candidate without PDE residual selection
kdv,5,0.1,0.0,risky_sensor_overfit,risky,False,physics_filtered_s1.3,15859.378492915805,148.66490618717398,106.67869707561125,0.19915059943739863,0.011565040966412294,17.220051359831807,0.0,105729.0338299371,True,False,False,fits observed points but injects high-frequency nonphysical structure
kdv,5,0.1,0.0,underfit_oversmooth,underfit,False,physics_filtered_s1.3,115.01440213782124,148.66490618717398,0.7736486376483066,0.018845475134670202,0.011565040966412294,1.6295208281382267,0.010362283164675735,766.6861294792269,True,False,False,oversmoothed challenge candidate; shown for diagnosis but not eligible for safe replacement
kdv,5,0.1,0.0,physics_filtered_s0.4,physics_informed,False,physics_filtered_s1.3,136.61296351605642,148.66490618717398,0.9189321610579387,0.010777506092571153,0.011565040966412294,0.931903840456749,5.8216433426208694e-05,910.745145039475,True,False,False,physics-filtered candidate selected by residual-calibrated certificate
kdv,5,0.1,0.0,physics_filtered_s0.8,physics_informed,True,physics_filtered_s1.3,103.9181490490917,148.66490618717398,0.6990092800936802,0.009995065953950286,0.011565040966412294,0.8642482099383956,0.000542136397040451,692.7780676502748,True,False,False,physics-filtered candidate selected by residual-calibrated certificate
kdv,5,0.1,0.0,physics_filtered_s1.3,physics_informed,True,physics_filtered_s1.3,98.47184737819103,148.66490618717398,0.6623745301006755,0.010320010880594583,0.011565040966412294,0.892345380329743,0.0011952892406228053,656.4656083948393,True,False,False,physics-filtered candidate selected by residual-calibrated certificate
kdv,5,0.1,0.0,physics_filtered_s2,physics_informed,False,physics_filtered_s1.3,115.66167063256749,148.66490618717398,0.7780025131616798,0.012317035772696472,0.011565040966412294,1.0650230991315233,0.0028625988334804856,771.0531332891499,True,False,False,physics-filtered candidate selected by residual-calibrated certificate
kdv,1,0.1,0.01,data_only_lowrank,data_only,False,physics_filtered_s1.3,349.9208932341963,246.13993442173222,1.4216339744149196,0.011277078196667269,0.011522427846133184,0.9787067748463307,0.0,2332.7310919764036,True,False,False,data-driven candidate without PDE residual selection
kdv,1,0.1,0.01,risky_sensor_overfit,risky,False,physics_filtered_s1.3,15939.054412107687,246.13993442173222,64.75606832980586,0.20050250087790406,0.011522427846133184,17.40106369403647,0.0,106260.16343663118,True,False,False,fits observed points but injects high-frequency nonphysical structure
kdv,1,0.1,0.01,underfit_oversmooth,underfit,False,physics_filtered_s1.3,130.70028695257795,246.13993442173222,0.5309999259552806,0.01802464463022216,0.011522427846133184,1.5643096115986306,0.011339040365911473,871.1856846135208,True,False,False,oversmoothed challenge candidate; shown for diagnosis but not eligible for safe replacement
kdv,1,0.1,0.01,physics_filtered_s0.4,physics_informed,False,physics_filtered_s1.3,325.13386303035617,246.13993442173222,1.3209309728395218,0.010913154105983123,0.011522427846133184,0.9471227983170534,0.0001248256804873075,2167.4837067907656,True,False,False,physics-filtered candidate selected by residual-calibrated certificate
kdv,1,0.1,0.01,physics_filtered_s0.8,physics_informed,True,physics_filtered_s1.3,217.101412688125,246.13993442173222,0.8820243378961256,0.009658975077791877,0.011522427846133184,0.838276030532494,0.00101553541640002,1447.2627590670045,True,False,False,physics-filtered candidate selected by residual-calibrated certificate
kdv,1,0.1,0.01,physics_filtered_s1.3,physics_informed,True,physics_filtered_s1.3,168.03399332347507,246.13993442173222,0.682676680312946,0.00969660753282791,0.011522427846133184,0.8415420483835319,0.001853593328375072,1120.1415027933115,True,False,False,physics-filtered candidate selected by residual-calibrated certificate
kdv,1,0.1,0.01,physics_filtered_s2,physics_informed,False,physics_filtered_s1.3,157.07802592884389,246.13993442173222,0.6381655471627301,0.011392440213532426,0.011522427846133184,0.9887187287848281,0.0036527840540626307,1047.0896623701485,True,False,False,physics-filtered candidate selected by residual-calibrated certificate
kdv,2,0.1,0.01,data_only_lowrank,data_only,False,physics_filtered_s1.3,362.6895594749295,273.82299846100676,1.3245401646807848,0.023693982554945058,0.023993768199978924,0.9875056871633179,0.0,2417.84970312703,True,False,False,data-driven candidate without PDE residual selection
kdv,2,0.1,0.01,risky_sensor_overfit,risky,False,physics_filtered_s1.3,15839.498208542016,273.82299846100676,57.84575546088599,0.2003328264674959,0.023993768199978924,8.349369085732958,0.0,105596.47390481923,True,False,False,fits observed points but injects high-frequency nonphysical structure
kdv,2,0.1,0.01,underfit_oversmooth,underfit,False,physics_filtered_s1.3,139.57637986533197,273.82299846100676,0.5097321286006133,0.025626676855144675,0.023993768199978924,1.0680555317734182,0.012446413843778977,930.3480904897511,True,False,False,oversmoothed challenge candidate; shown for diagnosis but not eligible for safe replacement
kdv,2,0.1,0.01,physics_filtered_s0.4,physics_informed,False,physics_filtered_s1.3,334.9802039347101,273.82299846100676,1.2233457591854218,0.023165752733072847,0.023993768199978924,0.9654903947987505,0.00013357780974564048,2233.120253282109,True,False,False,physics-filtered candidate selected by residual-calibrated certificate
kdv,2,0.1,0.01,physics_filtered_s0.8,physics_informed,True,physics_filtered_s1.3,220.72900542256087,273.82299846100676,0.8061010457965332,0.020739297784208646,0.023993768199978924,0.8643618463965365,0.0011012557365128318,1471.441339308103,True,False,False,physics-filtered candidate selected by residual-calibrated certificate
kdv,2,0.1,0.01,physics_filtered_s1.3,physics_informed,True,physics_filtered_s1.3,177.8657600169233,273.82299846100676,0.64956472252732,0.019857474619331045,0.023993768199978924,0.8276096715196606,0.0020728556757579394,1185.680676645734,True,False,False,physics-filtered candidate selected by residual-calibrated certificate
kdv,2,0.1,0.01,physics_filtered_s2,physics_informed,False,physics_filtered_s1.3,172.48783237674553,273.82299846100676,0.6299245620207015,0.02064972458580287,0.023993768199978924,0.8606286604436055,0.004143441189877528,1149.8141056248307,True,False,False,physics-filtered candidate selected by residual-calibrated certificate
kdv,3,0.1,0.01,data_only_lowrank,data_only,False,physics_filtered_s1.3,366.0371416382814,265.06496039347087,1.3809337193981537,0.016494862219903362,0.016767935919651686,0.9837145309929292,0.0,2440.1719586276567,True,False,False,data-driven candidate without PDE residual selection
kdv,3,0.1,0.01,risky_sensor_overfit,risky,False,physics_filtered_s1.3,15903.056683349982,265.06496039347087,59.996827418240855,0.2008913007592283,0.016767935919651686,11.980681564497573,0.0,106020.23682379359,True,False,False,fits observed points but injects high-frequency nonphysical structure
kdv,3,0.1,0.01,underfit_oversmooth,underfit,False,physics_filtered_s1.3,140.54332247944916,265.06496039347087,0.5302221850478526,0.021197708292847055,0.016767935919651686,1.2641811367336862,0.012337052241099059,936.7974122910535,True,False,False,oversmoothed challenge candidate; shown for diagnosis but not eligible for safe replacement
kdv,3,0.1,0.01,physics_filtered_s0.4,physics_informed,False,physics_filtered_s1.3,340.14339620154755,265.06496039347087,1.2832454191479197,0.01594634802092675,0.016767935919651686,0.9510024427805063,0.00013934392133492412,2267.5463699699717,True,False,False,physics-filtered candidate selected by residual-calibrated certificate
kdv,3,0.1,0.01,physics_filtered_s0.8,physics_informed,True,physics_filtered_s1.3,231.28534038161692,265.06496039347087,0.872560975386142,0.013822559649855475,0.016767935919651686,0.8243447324265695,0.0011556292156728169,1541.8204460934635,True,False,False,physics-filtered candidate selected by residual-calibrated certificate
kdv,3,0.1,0.01,physics_filtered_s1.3,physics_informed,True,physics_filtered_s1.3,186.1524405506332,265.06496039347087,0.7022898849938591,0.01356848338408408,0.016767935919651686,0.8091922254648467,0.002131519569675241,1240.9281891357507,True,False,False,physics-filtered candidate selected by residual-calibrated certificate
kdv,3,0.1,0.01,physics_filtered_s2,physics_informed,False,physics_filtered_s1.3,176.66146912321724,265.06496039347087,0.666483675778853,0.015059410726186488,0.016767935919651686,0.8981076023578461,0.004162149319963212,1177.6411343196105,True,False,False,physics-filtered candidate selected by residual-calibrated certificate
kdv,4,0.1,0.01,data_only_lowrank,data_only,False,physics_filtered_s1.3,364.29440557531814,265.2003174478925,1.3736575019254817,0.024220488863774564,0.024353723728290335,0.9945291789051739,0.0,2428.55007952747,True,False,False,data-driven candidate without PDE residual selection
kdv,4,0.1,0.01,risky_sensor_overfit,risky,False,physics_filtered_s1.3,15857.32191079611,265.2003174478925,59.79375161913882,0.20114395962637052,0.024353723728290335,8.259269172231505,0.0,105715.30579942692,True,False,False,fits observed points but injects high-frequency nonphysical structure
kdv,4,0.1,0.01,underfit_oversmooth,underfit,False,physics_filtered_s1.3,142.22679118798635,265.2003174478925,0.5362994756442214,0.025672983313957735,0.024353723728290335,1.05417075430977,0.012531773409021101,948.0176336166455,True,False,False,oversmoothed challenge candidate; shown for diagnosis but not eligible for safe replacement
kdv,4,0.1,0.01,physics_filtered_s0.4,physics_informed,False,physics_filtered_s1.3,337.58223034920024,265.2003174478925,1.2729329798616411,0.023744233725652996,0.024353723728290335,0.9749734368997419,0.00013353330127562052,2250.4684431575165,True,False,False,physics-filtered candidate selected by residual-calibrated certificate
kdv,4,0.1,0.01,physics_filtered_s0.8,physics_informed,True,physics_filtered_s1.3,226.21280566332553,265.2003174478925,0.8529884422471393,0.021614242522132576,0.024353723728290335,0.8875128404342137,0.0011024201501335959,1508.0010570239695,True,False,False,physics-filtered candidate selected by residual-calibrated certificate
kdv,4,0.1,0.01,physics_filtered_s1.3,physics_informed,True,physics_filtered_s1.3,183.38321123843306,265.2003174478925,0.6914894107336963,0.02068363158830982,0.024353723728290335,0.8493005758882581,0.0020816312126388167,1222.4645785486923,True,False,False,physics-filtered candidate selected by residual-calibrated certificate
kdv,4,0.1,0.01,physics_filtered_s2,physics_informed,False,physics_filtered_s1.3,177.3138736933587,265.2003174478925,0.6686035499493597,0.02113964580733922,0.024353723728290335,0.8680251957492017,0.004172928798307891,1181.988329372104,True,False,False,physics-filtered candidate selected by residual-calibrated certificate
kdv,5,0.1,0.01,data_only_lowrank,data_only,False,physics_filtered_s1.3,361.0717401937984,265.83929371296756,1.3582331458631318,0.017766794811443335,0.01796429100499586,0.9890061792871977,0.0,2407.06645132294,True,False,False,data-driven candidate without PDE residual selection
kdv,5,0.1,0.01,risky_sensor_overfit,risky,False,physics_filtered_s1.3,15840.21185517457,265.83929371296756,59.58566784441403,0.19997946165081162,0.01796429100499586,11.132054228250109,0.0,105601.24950677421,True,False,False,fits observed points but injects high-frequency nonphysical structure
kdv,5,0.1,0.01,underfit_oversmooth,underfit,False,physics_filtered_s1.3,137.18776562422542,265.83929371296756,0.5160552592061484,0.02098619672882954,0.01796429100499586,1.1682173664312758,0.011852525041625383,914.4284889955322,True,False,False,oversmoothed challenge candidate; shown for diagnosis but not eligible for safe replacement
kdv,5,0.1,0.01,physics_filtered_s0.4,physics_informed,False,physics_filtered_s1.3,335.0347442128037,265.83929371296756,1.2602905294149127,0.017192748761670748,0.01796429100499586,0.9570513390109524,0.00012902800276854074,2233.485974494058,True,False,False,physics-filtered candidate selected by residual-calibrated certificate
kdv,5,0.1,0.01,physics_filtered_s0.8,physics_informed,True,physics_filtered_s1.3,224.0804215461682,265.83929371296756,0.8429168555800928,0.014841339523448403,0.01796429100499586,0.8261578215636162,0.001052083292708305,1493.7859001033335,True,False,False,physics-filtered candidate selected by residual-calibrated certificate
kdv,5,0.1,0.01,physics_filtered_s1.3,physics_informed,True,physics_filtered_s1.3,177.60726520733593,265.83929371296756,0.6681001244274357,0.014321800821810197,0.01796429100499586,0.7972371866515675,0.0019346670534967892,1183.959578761724,True,False,False,physics-filtered candidate selected by residual-calibrated certificate
kdv,5,0.1,0.01,physics_filtered_s2,physics_informed,False,physics_filtered_s1.3,168.66265077592723,265.83929371296756,0.6344534264300119,0.015414515078636977,0.01796429100499586,0.8580642048991605,0.003853462749560353,1124.3160309951486,True,False,False,physics-filtered candidate selected by residual-calibrated certificate
kdv,1,0.1,0.03,data_only_lowrank,data_only,False,physics_filtered_s1.3,1021.1132649738496,645.3999458634883,1.5821403015578013,0.025137153661969162,0.02378042635046136,1.05705227023503,0.0,6807.199760714259,True,False,False,data-driven candidate without PDE residual selection
kdv,1,0.1,0.03,risky_sensor_overfit,risky,False,physics_filtered_s1.3,15873.65449761971,645.3999458634883,24.595066360568303,0.1989829292848157,0.02378042635046136,8.367508906020424,0.0,105824.05266853726,True,False,False,fits observed points but injects high-frequency nonphysical structure
kdv,1,0.1,0.03,underfit_oversmooth,underfit,False,physics_filtered_s1.3,236.86008958587468,645.3999458634883,0.3669973806226097,0.020702161126321027,0.02378042635046136,0.8705546662769919,0.01936497425893584,1578.7226696047896,True,False,False,oversmoothed challenge candidate; shown for diagnosis but not eligible for safe replacement
kdv,1,0.1,0.03,physics_filtered_s0.4,physics_informed,False,physics_filtered_s1.3,941.562557579976,645.3999458634883,1.458882300215019,0.023883468205283954,0.02378042635046136,1.0043330532556352,0.0003588694424084241,6276.860094361949,True,False,False,physics-filtered candidate selected by residual-calibrated certificate
kdv,1,0.1,0.03,physics_filtered_s0.8,physics_informed,True,physics_filtered_s1.3,603.4684388433024,645.3999458634883,0.935030197493918,0.019141245979290254,0.02378042635046136,0.804916013548007,0.0028451696920912513,4022.885798912512,True,False,False,physics-filtered candidate selected by residual-calibrated certificate
kdv,1,0.1,0.03,physics_filtered_s1.3,physics_informed,True,physics_filtered_s1.3,450.38580384812315,645.3999458634883,0.6978398537755468,0.017027472049339392,0.02378042635046136,0.7160288801253143,0.004868363840172674,3002.3229471316868,True,False,False,physics-filtered candidate selected by residual-calibrated certificate
kdv,1,0.1,0.03,physics_filtered_s2,physics_informed,False,physics_filtered_s1.3,376.3887779738033,645.3999458634883,0.583186875651543,0.016249592771697245,0.02378042635046136,0.68331797468798,0.008340346723643186,2508.987493263233,True,False,False,physics-filtered candidate selected by residual-calibrated certificate
kdv,2,0.1,0.03,data_only_lowrank,data_only,False,physics_filtered_s1.3,983.5491837682025,620.4313932962095,1.5852666296314084,0.026017765819924505,0.0247872867123465,1.0496415408756887,0.0,6556.774056747982,True,False,False,data-driven candidate without PDE residual selection
kdv,2,0.1,0.03,risky_sensor_overfit,risky,False,physics_filtered_s1.3,15898.905769044251,620.4313932962095,25.625566244443224,0.20107780977609296,0.0247872867123465,8.112134744777224,0.0,105992.40916672404,True,False,False,fits observed points but injects high-frequency nonphysical structure
kdv,2,0.1,0.03,underfit_oversmooth,underfit,False,physics_filtered_s1.3,229.80799207626532,620.4313932962095,0.3704003288024287,0.021163124365163887,0.0247872867123465,0.8537894691704513,0.019314156496281307,1531.7108217629639,True,False,False,oversmoothed challenge candidate; shown for diagnosis but not eligible for safe replacement
kdv,2,0.1,0.03,physics_filtered_s0.4,physics_informed,False,physics_filtered_s1.3,909.9015556534979,620.4313932962095,1.4665627263304624,0.024781347694629967,0.0247872867123465,0.9997604006124101,0.00034892209603151796,6065.788305428954,True,False,False,physics-filtered candidate selected by residual-calibrated certificate
kdv,2,0.1,0.03,physics_filtered_s0.8,physics_informed,True,physics_filtered_s1.3,592.8861707167546,620.4313932962095,0.9556031128065353,0.01991178792885384,0.0247872867123465,0.8033064755785679,0.0027704467712184253,3952.339490936031,True,False,False,physics-filtered candidate selected by residual-calibrated certificate
kdv,2,0.1,0.03,physics_filtered_s1.3,physics_informed,True,physics_filtered_s1.3,439.0189526264053,620.4313932962095,0.7076027379820317,0.017646461877389746,0.0247872867123465,0.7119158333650194,0.004760362644566865,2926.546513565097,True,False,False,physics-filtered candidate selected by residual-calibrated certificate
kdv,2,0.1,0.03,physics_filtered_s2,physics_informed,False,physics_filtered_s1.3,363.2933943759127,620.4313932962095,0.5855496647998705,0.016729694886590235,0.0247872867123465,0.674930462541601,0.008196463980666252,2421.687913514749,True,False,False,physics-filtered candidate selected by residual-calibrated certificate
kdv,3,0.1,0.03,data_only_lowrank,data_only,False,physics_filtered_s1.3,984.9799492137624,633.863874305943,1.553929777576103,0.02546145537777448,0.024123824951887047,1.0554485214305682,0.0,6566.31155393676,True,False,False,data-driven candidate without PDE residual selection
kdv,3,0.1,0.03,risky_sensor_overfit,risky,False,physics_filtered_s1.3,15915.40814534425,633.863874305943,25.108558462605234,0.20027073730588618,0.024123824951887047,8.301782063872858,0.0,106102.36992523063,True,False,False,fits observed points but injects high-frequency nonphysical structure
kdv,3,0.1,0.03,underfit_oversmooth,underfit,False,physics_filtered_s1.3,236.04707759235563,633.863874305943,0.3723939589565944,0.02148687846867927,0.024123824951887047,0.8906911947273023,0.019408817030779315,1573.3023773689222,True,False,False,oversmoothed challenge candidate; shown for diagnosis but not eligible for safe replacement
kdv,3,0.1,0.03,physics_filtered_s0.4,physics_informed,False,physics_filtered_s1.3,912.0921055731112,633.863874305943,1.4389400351484238,0.024264895166862727,0.024123824951887047,1.0058477548337044,0.0003536130805777122,6080.391020710485,True,False,False,physics-filtered candidate selected by residual-calibrated certificate
kdv,3,0.1,0.03,physics_filtered_s0.8,physics_informed,True,physics_filtered_s1.3,599.7863776786589,633.863874305943,0.9462384622177773,0.01965494631318409,0.024123824951887047,0.8147524843829487,0.002807405495282492,3998.3394270238937,True,False,False,physics-filtered candidate selected by residual-calibrated certificate
kdv,3,0.1,0.03,physics_filtered_s1.3,physics_informed,True,physics_filtered_s1.3,448.1885549990082,633.863874305943,0.7070738263633608,0.017465081428676102,0.024123824951887047,0.7239764615596728,0.004831731186561682,2987.675259014398,True,False,False,physics-filtered candidate selected by residual-calibrated certificate
kdv,3,0.1,0.03,physics_filtered_s2,physics_informed,False,physics_filtered_s1.3,374.1240821199564,633.863874305943,0.590227803295475,0.01662906049954631,0.024123824951887047,0.689321056342527,0.008313297223305881,2493.8901661479454,True,False,False,physics-filtered candidate selected by residual-calibrated certificate
kdv,4,0.1,0.03,data_only_lowrank,data_only,False,physics_filtered_s1.3,980.5849188820049,627.8517175721441,1.5618097258280224,0.024023164701624605,0.02291058337576039,1.0485618941503156,0.0,6537.012017181207,True,False,False,data-driven candidate without PDE residual selection
kdv,4,0.1,0.03,risky_sensor_overfit,risky,False,physics_filtered_s1.3,15886.253459224066,627.8517175721441,25.302556343486643,0.19877817666788153,0.02291058337576039,8.676259936249133,0.0,105907.98435533131,True,False,False,fits observed points but injects high-frequency nonphysical structure
kdv,4,0.1,0.03,underfit_oversmooth,underfit,False,physics_filtered_s1.3,231.89912077995504,627.8517175721441,0.3693533270509975,0.0195832752746456,0.02291058337576039,0.8547698219902212,0.01906409175361993,1545.6523755940698,True,False,False,oversmoothed challenge candidate; shown for diagnosis but not eligible for safe replacement
kdv,4,0.1,0.03,physics_filtered_s0.4,physics_informed,False,physics_filtered_s1.3,908.513748633479,627.8517175721441,1.4470196118068015,0.02280432291378939,0.02291058337576039,0.9953619486145959,0.00035224442624503394,6056.535864630151,True,False,False,physics-filtered candidate selected by residual-calibrated certificate
kdv,4,0.1,0.03,physics_filtered_s0.8,physics_informed,True,physics_filtered_s1.3,596.7151505290848,627.8517175721441,0.9504077695869606,0.018207915827458246,0.02291058337576039,0.7947382014692674,0.002791337015903019,3977.8649854615255,True,False,False,physics-filtered candidate selected by residual-calibrated certificate
kdv,4,0.1,0.03,physics_filtered_s1.3,physics_informed,True,physics_filtered_s1.3,444.24757371036515,627.8517175721441,0.7075676649069891,0.016027760705425713,0.02291058337576039,0.6995788994916495,0.0047812191323736855,2961.402612040582,True,False,False,physics-filtered candidate selected by residual-calibrated certificate
kdv,4,0.1,0.03,physics_filtered_s2,physics_informed,False,physics_filtered_s1.3,369.3404283228301,627.8517175721441,0.5882606003708033,0.015035830558950093,0.02291058337576039,0.6562831819551945,0.008194799330588098,2462.000165046897,True,False,False,physics-filtered candidate selected by residual-calibrated certificate
kdv,5,0.1,0.03,data_only_lowrank,data_only,False,physics_filtered_s1.3,971.29048010665,624.242035953246,1.555951736930762,0.02706379620872809,0.026152877003107342,1.034830554377543,0.0,6475.04984127824,True,False,False,data-driven candidate without PDE residual selection
kdv,5,0.1,0.03,risky_sensor_overfit,risky,False,physics_filtered_s1.3,15958.859636136294,624.242035953246,25.56517939674851,0.20254480979406453,0.026152877003107342,7.74464735800404,0.0,106392.11134807649,True,False,False,fits observed points but injects high-frequency nonphysical structure
kdv,5,0.1,0.03,underfit_oversmooth,underfit,False,physics_filtered_s1.3,238.30694283519355,624.242035953246,0.38175407792153504,0.022116654311193713,0.026152877003107342,0.8456681193323498,0.019537569040811907,1588.3729115348904,True,False,False,oversmoothed challenge candidate; shown for diagnosis but not eligible for safe replacement
kdv,5,0.1,0.03,physics_filtered_s0.4,physics_informed,False,physics_filtered_s1.3,899.3110147477067,624.242035953246,1.4406447546814376,0.02579829926456349,0.026152877003107342,0.9864421134436504,0.0003487082511992864,5995.1853316374645,True,False,False,physics-filtered candidate selected by residual-calibrated certificate
kdv,5,0.1,0.03,physics_filtered_s0.8,physics_informed,True,physics_filtered_s1.3,591.0603567058105,624.242035953246,0.9468448496955727,0.02075255353418109,0.026152877003107342,0.793509392137694,0.002774212736001171,3940.168741213798,True,False,False,physics-filtered candidate selected by residual-calibrated certificate
kdv,5,0.1,0.03,physics_filtered_s1.3,physics_informed,True,physics_filtered_s1.3,443.326448552699,624.242035953246,0.7101835874857716,0.018482470015549,0.026152877003107342,0.7067088646746706,0.004781288048243667,2955.2646724448937,True,False,False,physics-filtered candidate selected by residual-calibrated certificate
kdv,5,0.1,0.03,physics_filtered_s2,physics_informed,False,physics_filtered_s1.3,373.06691359198044,624.242035953246,0.5976318352580816,0.01767513413688523,0.026152877003107342,0.6758389959968584,0.00827557071714505,2486.8461394334768,True,False,False,physics-filtered candidate selected by residual-calibrated certificate
kdv,1,0.1,0.05,data_only_lowrank,data_only,False,physics_filtered_s1.3,1671.4576085527997,1057.0504484529827,1.5812467711441913,0.03992019118225501,0.036920629863956375,1.081243503381986,0.0,11142.67880593661,True,False,False,data-driven candidate without PDE residual selection
kdv,1,0.1,0.05,risky_sensor_overfit,risky,False,physics_filtered_s1.3,15972.231800554486,1057.0504484529827,15.110188755825416,0.20274683013776976,0.036920629863956375,5.491423924222083,0.0,106481.02517617456,True,False,False,fits observed points but injects high-frequency nonphysical structure
kdv,1,0.1,0.05,underfit_oversmooth,underfit,False,physics_filtered_s1.3,364.8915300541789,1057.0504484529827,0.3451978385593664,0.02528577641832263,0.036920629863956375,0.684868500640692,0.02936517971460552,2432.0565321570857,True,False,False,oversmoothed challenge candidate; shown for diagnosis but not eligible for safe replacement
kdv,1,0.1,0.05,physics_filtered_s0.4,physics_informed,False,physics_filtered_s1.3,1542.5531151081495,1057.0504484529827,1.4592994282966434,0.037911912279163504,0.036920629863956375,1.026849011456005,0.0005881858189758844,10283.31303429424,True,False,False,physics-filtered candidate selected by residual-calibrated certificate
kdv,1,0.1,0.05,physics_filtered_s0.8,physics_informed,True,physics_filtered_s1.3,995.1193468489507,1057.0504484529827,0.941411404068112,0.030245625788836588,0.036920629863956375,0.8192066576183891,0.004653078283302384,6633.7335475569325,True,False,False,physics-filtered candidate selected by residual-calibrated certificate
kdv,1,0.1,0.05,physics_filtered_s1.3,physics_informed,True,physics_filtered_s1.3,742.3857483673182,1057.0504484529827,0.7023181811746223,0.02626492483496941,0.036920629863956375,0.7113888612149344,0.007947118556800128,4948.824136001966,True,False,False,physics-filtered candidate selected by residual-calibrated certificate
kdv,1,0.1,0.05,physics_filtered_s2,physics_informed,False,physics_filtered_s1.3,612.2246765153815,1057.0504484529827,0.5791820791631901,0.023237540974008226,0.036920629863956375,0.6293917806658114,0.013422745097079513,4081.04965002292,True,False,False,physics-filtered candidate selected by residual-calibrated certificate
kdv,2,0.1,0.05,data_only_lowrank,data_only,False,physics_filtered_s1.3,1620.0684224451904,1016.3964872816334,1.5939335118897198,0.03983723671270271,0.036641310590713905,1.0872219380087222,0.0,10800.089979375967,True,False,False,data-driven candidate without PDE residual selection
kdv,2,0.1,0.05,risky_sensor_overfit,risky,False,physics_filtered_s1.3,16066.319475791845,1016.3964872816334,15.807137939606053,0.20509430643896612,0.036641310590713905,5.5973518175778985,0.0,107108.31962828636,True,False,False,fits observed points but injects high-frequency nonphysical structure
kdv,2,0.1,0.05,underfit_oversmooth,underfit,False,physics_filtered_s1.3,354.52040787531735,1016.3964872816334,0.34880129192839576,0.02470713413082619,0.036641310590713905,0.6742972271415827,0.02852813988884136,2362.929914809602,True,False,False,oversmoothed challenge candidate; shown for diagnosis but not eligible for safe replacement
kdv,2,0.1,0.05,physics_filtered_s0.4,physics_informed,False,physics_filtered_s1.3,1497.3474816762066,1016.3964872816334,1.473192302819623,0.037866744181986066,0.036641310590713905,1.0334440436349808,0.0005672967078234703,9981.948129049677,True,False,False,physics-filtered candidate selected by residual-calibrated certificate
kdv,2,0.1,0.05,physics_filtered_s0.8,physics_informed,True,physics_filtered_s1.3,971.877063421067,1016.3964872816334,0.9561987625718431,0.030127006799202605,0.036641310590713905,0.8222142252197592,0.004494563757461866,6478.792373675029,True,False,False,physics-filtered candidate selected by residual-calibrated certificate
kdv,2,0.1,0.05,physics_filtered_s1.3,physics_informed,True,physics_filtered_s1.3,723.112410989529,1016.3964872816334,0.7114471764099682,0.026083867515817913,0.036641310590713905,0.7118704842865675,0.007691510176846982,4820.343488314881,True,False,False,physics-filtered candidate selected by residual-calibrated certificate
kdv,2,0.1,0.05,physics_filtered_s2,physics_informed,False,physics_filtered_s1.3,594.9066446934671,1016.3964872816334,0.5853096229056759,0.023117391474275915,0.036641310590713905,0.6309106061152655,0.013024281782465756,3965.605832515947,True,False,False,physics-filtered candidate selected by residual-calibrated certificate
kdv,3,0.1,0.05,data_only_lowrank,data_only,False,physics_filtered_s1.3,1610.4852341317542,1038.9355975894864,1.55012999638126,0.0395104265149932,0.036471958110220325,1.0833097141235781,0.0,10736.19402544504,True,False,False,data-driven candidate without PDE residual selection
kdv,3,0.1,0.05,risky_sensor_overfit,risky,False,physics_filtered_s1.3,15949.085897997782,1038.9355975894864,15.351371090761022,0.20349618074456077,0.036471958110220325,5.579524415004104,0.0,106326.77415545266,True,False,False,fits observed points but injects high-frequency nonphysical structure
kdv,3,0.1,0.05,underfit_oversmooth,underfit,False,physics_filtered_s1.3,362.7724558510778,1038.9355975894864,0.3491770391665984,0.024661858120813594,0.036471958110220325,0.6761868404654303,0.029135459380970428,2417.9272706773822,True,False,False,oversmoothed challenge candidate; shown for diagnosis but not eligible for safe replacement
kdv,3,0.1,0.05,physics_filtered_s0.4,physics_informed,False,physics_filtered_s1.3,1490.8204464690032,1038.9355975894864,1.434949817801958,0.03755648399522781,0.036471958110220325,1.0297358831324672,0.0005806574359467025,9938.426167515296,True,False,False,physics-filtered candidate selected by residual-calibrated certificate
kdv,3,0.1,0.05,physics_filtered_s0.8,physics_informed,True,physics_filtered_s1.3,980.774348085742,1038.9355975894864,0.9440184265139344,0.030033061906820882,0.036471958110220325,0.8234562513818373,0.004596577911072298,6538.097466416353,True,False,False,physics-filtered candidate selected by residual-calibrated certificate
kdv,3,0.1,0.05,physics_filtered_s1.3,physics_informed,True,physics_filtered_s1.3,733.0838860209412,1038.9355975894864,0.7056105188058089,0.025985105562645716,0.036471958110220325,0.7124680688490809,0.0078555734254694,4886.808757984486,True,False,False,physics-filtered candidate selected by residual-calibrated certificate
kdv,3,0.1,0.05,physics_filtered_s2,physics_informed,False,physics_filtered_s1.3,604.3795381735415,1038.9355975894864,0.5817295504897589,0.022827581835319632,0.036471958110220325,0.625894057174213,0.013288551914568554,4028.745833809094,True,False,False,physics-filtered candidate selected by residual-calibrated certificate
kdv,4,0.1,0.05,data_only_lowrank,data_only,False,physics_filtered_s1.3,1617.8505699978136,1025.3492850692332,1.5778531214254197,0.03931675462661107,0.0365477937711583,1.075762736096047,0.0,10785.305043373872,True,False,False,data-driven candidate without PDE residual selection
kdv,4,0.1,0.05,risky_sensor_overfit,risky,False,physics_filtered_s1.3,15999.311135199761,1025.3492850692332,15.603766802372567,0.20270607998889723,0.0365477937711583,5.546328767547016,0.0,106661.57911100108,True,False,False,fits observed points but injects high-frequency nonphysical structure
kdv,4,0.1,0.05,underfit_oversmooth,underfit,False,physics_filtered_s1.3,356.22380810363296,1025.3492850692332,0.34741703465427376,0.025150535721517278,0.0365477937711583,0.688154690767591,0.028830348389027833,2374.2808553386976,True,False,False,oversmoothed challenge candidate; shown for diagnosis but not eligible for safe replacement
kdv,4,0.1,0.05,physics_filtered_s0.4,physics_informed,False,physics_filtered_s1.3,1495.516838857381,1025.3492850692332,1.4585437963770558,0.037319799890011954,0.0365477937711583,1.0211231934454486,0.0005776279539928024,9969.744291974974,True,False,False,physics-filtered candidate selected by residual-calibrated certificate
kdv,4,0.1,0.05,physics_filtered_s0.8,physics_informed,True,physics_filtered_s1.3,972.4368421510463,1025.3492850692332,0.9483956894604798,0.0297323744830949,0.0365477937711583,0.8135203637310849,0.004564335343179387,6482.523100485552,True,False,False,physics-filtered candidate selected by residual-calibrated certificate
kdv,4,0.1,0.05,physics_filtered_s1.3,physics_informed,True,physics_filtered_s1.3,724.6492751726836,1025.3492850692332,0.7067340717205001,0.025847411325521864,0.0365477937711583,0.7072222057138818,0.007785062540440018,4830.587410767844,True,False,False,physics-filtered candidate selected by residual-calibrated certificate
kdv,4,0.1,0.05,physics_filtered_s2,physics_informed,False,physics_filtered_s1.3,597.3053572073355,1025.3492850692332,0.5825384246179135,0.022957191453397956,0.0365477937711583,0.6281416491653318,0.013145520090985473,3981.5949763701715,True,False,False,physics-filtered candidate selected by residual-calibrated certificate
kdv,5,0.1,0.05,data_only_lowrank,data_only,False,physics_filtered_s1.3,1619.014298231728,1019.3231469787742,1.588322901359013,0.03935932059605948,0.036298259457885264,1.0843307966499456,0.0,10793.065016922203,True,False,False,data-driven candidate without PDE residual selection
kdv,5,0.1,0.05,risky_sensor_overfit,risky,False,physics_filtered_s1.3,15938.932313416184,1019.3231469787742,15.636780505434821,0.20587641013904512,0.036298259457885264,5.6717984059880235,0.0,106259.06685272502,True,False,False,fits observed points but injects high-frequency nonphysical structure
kdv,5,0.1,0.05,underfit_oversmooth,underfit,False,physics_filtered_s1.3,352.0583811765654,1019.3231469787742,0.34538446636873643,0.02336687761340012,0.036298259457885264,0.6437465035993692,0.028414793451670462,2346.5148349978795,True,False,False,oversmoothed challenge candidate; shown for diagnosis but not eligible for safe replacement
kdv,5,0.1,0.05,physics_filtered_s0.4,physics_informed,False,physics_filtered_s1.3,1496.8196228368777,1019.3231469787742,1.4684446510151163,0.037326542509558774,0.036298259457885264,1.0283287150955058,0.0005692926217531403,9978.431271680443,True,False,False,physics-filtered candidate selected by residual-calibrated certificate
kdv,5,0.1,0.05,physics_filtered_s0.8,physics_informed,True,physics_filtered_s1.3,970.1872476828482,1019.3231469787742,0.9517955621418356,0.02947242681988946,0.036298259457885264,0.8119515166635644,0.004512326643115632,6467.5275496224,True,False,False,physics-filtered candidate selected by residual-calibrated certificate
kdv,5,0.1,0.05,physics_filtered_s1.3,physics_informed,True,physics_filtered_s1.3,717.6730655455824,1019.3231469787742,0.704068251243711,0.025164567102478216,0.036298259457885264,0.6932720047081572,0.007693881235369881,4784.081137773941,True,False,False,physics-filtered candidate selected by residual-calibrated certificate
kdv,5,0.1,0.05,physics_filtered_s2,physics_informed,False,physics_filtered_s1.3,588.4918995016509,1019.3231469787742,0.5773359520441703,0.02165703563916391,0.036298259457885264,0.5966411602654021,0.012981120887450685,3922.84039377852,True,False,False,physics-filtered candidate selected by residual-calibrated certificate
kdv,1,0.2,0.0,data_only_lowrank,data_only,True,physics_filtered_s0.8,80.70888239630598,105.1643357433338,0.767454877414763,0.003224596402723686,0.004185635806215277,0.7703958373934652,0.0,538.0576360485685,False,False,False,data-driven candidate without PDE residual selection
kdv,1,0.2,0.0,risky_sensor_overfit,risky,False,physics_filtered_s0.8,14567.22890437824,105.1643357433338,138.51871740939987,0.2005325711690076,0.004185635806215277,47.90970366397521,0.0,97114.77778548271,False,False,False,fits observed points but injects high-frequency nonphysical structure
kdv,1,0.2,0.0,underfit_oversmooth,underfit,False,physics_filtered_s0.8,125.07944034824764,105.1643357433338,1.189371277478687,0.01427781273816271,0.004185635806215277,3.411145497549106,0.00839056029008218,833.8007908062951,False,False,False,oversmoothed challenge candidate; shown for diagnosis but not eligible for safe replacement
kdv,1,0.2,0.0,physics_filtered_s0.4,physics_informed,False,physics_filtered_s0.8,76.05785405650803,105.1643357433338,0.7232285880846112,0.00317540765133463,0.004185635806215277,0.7586440382273114,2.4428652385270494e-05,507.0506501427002,False,False,False,physics-filtered candidate selected by residual-calibrated certificate
kdv,1,0.2,0.0,physics_filtered_s0.8,physics_informed,True,physics_filtered_s0.8,59.458174918571906,105.1643357433338,0.5653834496105806,0.0032065607271257427,0.004185635806215277,0.7660868921271682,0.00024096482945673266,396.3842876590938,False,False,False,physics-filtered candidate selected by residual-calibrated certificate
kdv,1,0.2,0.0,physics_filtered_s1.3,physics_informed,True,physics_filtered_s0.8,66.61102184215063,105.1643357433338,0.6333993494212925,0.004146122947685634,0.004185635806215277,0.9905598906953323,0.0006512589649137049,444.06635425950697,False,False,False,physics-filtered candidate selected by residual-calibrated certificate
kdv,1,0.2,0.0,physics_filtered_s2,physics_informed,False,physics_filtered_s0.8,102.55742830561834,105.1643357433338,0.9752111072704449,0.006909862862954142,0.004185635806215277,1.6508514312312579,0.0019373244904310344,683.6992199924499,False,False,False,physics-filtered candidate selected by residual-calibrated certificate
kdv,2,0.2,0.0,data_only_lowrank,data_only,True,physics_filtered_s0.8,83.90269489349345,106.50007431269229,0.7878181816770192,0.003053803900578036,0.0039869342507870545,0.7659529121176845,0.0,559.3498669245766,False,False,False,data-driven candidate without PDE residual selection
kdv,2,0.2,0.0,risky_sensor_overfit,risky,False,physics_filtered_s0.8,14537.27633496105,106.50007431269229,136.50015203067719,0.19860460027340074,0.0039869342507870545,49.8138639192208,0.0,96915.08542354652,False,False,False,fits observed points but injects high-frequency nonphysical structure
kdv,2,0.2,0.0,underfit_oversmooth,underfit,False,physics_filtered_s0.8,120.27384650707424,106.50007431269229,1.129331104069843,0.014348325519284381,0.0039869342507870545,3.5988367535414114,0.008333821256440018,801.7638076099374,False,False,False,oversmoothed challenge candidate; shown for diagnosis but not eligible for safe replacement
kdv,2,0.2,0.0,physics_filtered_s0.4,physics_informed,False,physics_filtered_s0.8,79.1174753886881,106.50007431269229,0.7428865744862531,0.003017356331337298,0.0039869342507870545,0.7568111588458813,2.3970423671150635e-05,527.4482378873107,False,False,False,physics-filtered candidate selected by residual-calibrated certificate
kdv,2,0.2,0.0,physics_filtered_s0.8,physics_informed,True,physics_filtered_s0.8,60.57049712703125,106.50007431269229,0.5687366653772571,0.0031301376710817955,0.0039869342507870545,0.7850988938878991,0.00023830928920807635,403.7997605007457,False,False,False,physics-filtered candidate selected by residual-calibrated certificate
kdv,2,0.2,0.0,physics_filtered_s1.3,physics_informed,True,physics_filtered_s0.8,65.32895715356743,106.50007431269229,0.6134170100365944,0.004131678327099314,0.0039869342507870545,1.0363046055367935,0.0006485139688099049,435.5192333623346,False,False,True,physics-filtered candidate selected by residual-calibrated certificate
kdv,2,0.2,0.0,physics_filtered_s2,physics_informed,False,physics_filtered_s0.8,98.98089860819294,106.50007431269229,0.9293974604898078,0.006953641699157483,0.0039869342507870545,1.7441074419626226,0.0019285268050118797,659.8557007908001,False,False,False,physics-filtered candidate selected by residual-calibrated certificate
kdv,3,0.2,0.0,data_only_lowrank,data_only,True,physics_filtered_s0.8,74.59079700620293,102.39298619926645,0.7284756483324107,0.004498138981108112,0.0052075698213167486,0.8637693078701679,0.0,497.26948842145856,True,False,False,data-driven candidate without PDE residual selection
kdv,3,0.2,0.0,risky_sensor_overfit,risky,False,physics_filtered_s0.8,14537.337972226283,102.39298619926645,141.97591565437017,0.20227852240212627,0.0052075698213167486,38.84317048141592,0.0,96915.44372071739,True,False,False,fits observed points but injects high-frequency nonphysical structure
kdv,3,0.2,0.0,underfit_oversmooth,underfit,False,physics_filtered_s0.8,126.75926733267684,102.39298619926645,1.2379682636268667,0.014673472263269868,0.0052075698213167486,2.8177197356793036,0.008597747549910537,844.9981169246671,True,False,False,oversmoothed challenge candidate; shown for diagnosis but not eligible for safe replacement
kdv,3,0.2,0.0,physics_filtered_s0.4,physics_informed,False,physics_filtered_s0.8,70.43677052086122,102.39298619926645,0.6879062046670258,0.004404078378319734,0.0052075698213167486,0.8457070243103227,2.850743045881612e-05,469.5758905430682,True,False,False,physics-filtered candidate selected by residual-calibrated certificate
kdv,3,0.2,0.0,physics_filtered_s0.8,physics_informed,True,physics_filtered_s0.8,59.65569662627692,102.39298619926645,0.5826150680885575,0.0042070030831477395,0.0052075698213167486,0.8078630199289625,0.000276447042219411,397.7004867812986,True,False,False,physics-filtered candidate selected by residual-calibrated certificate
kdv,3,0.2,0.0,physics_filtered_s1.3,physics_informed,True,physics_filtered_s0.8,70.44858611888361,102.39298619926645,0.6880215992703183,0.004941783836033415,0.0052075698213167486,0.9489616087057877,0.0007055154665429929,469.6495955644,True,False,False,physics-filtered candidate selected by residual-calibrated certificate
kdv,3,0.2,0.0,physics_filtered_s2,physics_informed,False,physics_filtered_s0.8,106.088681262572,102.39298619926645,1.036093244278591,0.007466834758668222,0.0052075698213167486,1.4338424665319935,0.002021565065899894,707.2402718783355,True,False,False,physics-filtered candidate selected by residual-calibrated certificate
kdv,4,0.2,0.0,data_only_lowrank,data_only,True,physics_filtered_s0.8,81.02928118770384,104.52816890405668,0.7751908603897716,0.004068505062818492,0.004825662530527468,0.8430977168912569,0.0,540.1927711938744,False,False,False,data-driven candidate without PDE residual selection
kdv,4,0.2,0.0,risky_sensor_overfit,risky,False,physics_filtered_s0.8,14500.332021629667,104.52816890405668,138.72176441681432,0.19881243556506467,0.004825662530527468,41.19899273232737,0.0,96668.73566465196,False,False,False,fits observed points but injects high-frequency nonphysical structure
kdv,4,0.2,0.0,underfit_oversmooth,underfit,False,physics_filtered_s0.8,123.405969822194,104.52816890405668,1.1806001302430114,0.014718563600040153,0.004825662530527468,3.050060691952548,0.008482760774725488,822.6431849318175,False,False,False,oversmoothed challenge candidate; shown for diagnosis but not eligible for safe replacement
kdv,4,0.2,0.0,physics_filtered_s0.4,physics_informed,False,physics_filtered_s0.8,75.92279252958753,104.52816890405668,0.7263381089098967,0.004029754543920362,0.004825662530527468,0.8350676238947075,2.4766504557787203e-05,506.1494021422353,False,False,False,physics-filtered candidate selected by residual-calibrated certificate
kdv,4,0.2,0.0,physics_filtered_s0.8,physics_informed,True,physics_filtered_s0.8,58.20471707876804,104.52816890405668,0.5568328393104435,0.004067368234526436,0.004825662530527468,0.8428621371579812,0.00024437828388544175,388.02733605728577,False,False,False,physics-filtered candidate selected by residual-calibrated certificate
kdv,4,0.2,0.0,physics_filtered_s1.3,physics_informed,True,physics_filtered_s0.8,66.14474892406425,104.52816890405668,0.6327935294147927,0.00486566466575969,0.004825662530527468,1.008289459524133,0.0006610946350583223,440.95743625205375,False,False,False,physics-filtered candidate selected by residual-calibrated certificate
kdv,4,0.2,0.0,physics_filtered_s2,physics_informed,False,physics_filtered_s0.8,101.90782217561181,104.52816890405668,0.9749316690809826,0.007438124792600358,0.004825662530527468,1.5413686191284424,0.001963247604554098,679.3680494908364,False,False,False,physics-filtered candidate selected by residual-calibrated certificate
kdv,5,0.2,0.0,data_only_lowrank,data_only,True,physics_filtered_s0.8,82.74644266007387,108.139566341465,0.7651819353407637,0.0037458504360495517,0.0045637337716562506,0.8207863610478174,0.0,551.6413936693193,True,False,False,data-driven candidate without PDE residual selection
kdv,5,0.2,0.0,risky_sensor_overfit,risky,False,physics_filtered_s0.8,14500.703267410378,108.139566341465,134.09248583097101,0.19898810692561797,0.0045637337716562506,43.60204096870445,0.0,96671.25130288924,True,False,False,fits observed points but injects high-frequency nonphysical structure
kdv,5,0.2,0.0,underfit_oversmooth,underfit,False,physics_filtered_s0.8,122.04578351786314,108.139566341465,1.1285950891691787,0.014526919649193662,0.0045637337716562506,3.1831216220876293,0.008388855233675923,813.576478956393,True,False,False,oversmoothed challenge candidate; shown for diagnosis but not eligible for safe replacement
kdv,5,0.2,0.0,physics_filtered_s0.4,physics_informed,False,physics_filtered_s0.8,77.58889300092783,108.139566341465,0.7174884792484733,0.003668426786245316,0.0045637337716562506,0.8038213815680498,2.4224524188230186e-05,517.2575873365095,True,False,False,physics-filtered candidate selected by residual-calibrated certificate
kdv,5,0.2,0.0,physics_filtered_s0.8,physics_informed,True,physics_filtered_s0.8,59.22812319862392,108.139566341465,0.5477007648764073,0.0035448899827712882,0.0045637337716562506,0.7767521418559961,0.00023897431221097109,394.8505998512346,True,False,False,physics-filtered candidate selected by residual-calibrated certificate
kdv,5,0.2,0.0,physics_filtered_s1.3,physics_informed,True,physics_filtered_s0.8,65.40191254930343,108.139566341465,0.6047917035545309,0.004389223648521111,0.0045637337716562506,0.9617615459559182,0.000646558198177897,436.0056415423907,True,False,False,physics-filtered candidate selected by residual-calibrated certificate
kdv,5,0.2,0.0,physics_filtered_s2,physics_informed,False,physics_filtered_s0.8,99.91535620154096,108.139566341465,0.9239481864209079,0.007112743514337664,0.0045637337716562506,1.5585360296329909,0.00192879903944356,666.0854440541444,True,False,False,physics-filtered candidate selected by residual-calibrated certificate
kdv,1,0.2,0.01,data_only_lowrank,data_only,False,physics_filtered_s1.3,421.33354456878374,311.0318318107009,1.3546315890433134,0.008466538849024596,0.007923733083379538,1.0685037921980385,0.0,2808.8152627814025,True,False,False,data-driven candidate without PDE residual selection
kdv,1,0.2,0.01,risky_sensor_overfit,risky,False,physics_filtered_s1.3,14537.543311233125,311.0318318107009,46.739728299195,0.19972757569894217,0.007923733083379538,25.206247304401934,0.0,96916.77194737359,True,False,False,fits observed points but injects high-frequency nonphysical structure
kdv,1,0.2,0.01,underfit_oversmooth,underfit,False,physics_filtered_s1.3,157.93697269665003,311.0318318107009,0.5077839518135641,0.014459732806306665,0.007923733083379538,1.824863691435023,0.010248769348753094,1052.7699818221465,True,False,False,oversmoothed challenge candidate; shown for diagnosis but not eligible for safe replacement
kdv,1,0.2,0.01,physics_filtered_s0.4,physics_informed,False,physics_filtered_s1.3,390.7409116894623,311.0318318107009,1.256273061875134,0.007844608922781209,0.007923733083379538,0.9900142823141895,0.00014153795939672164,2604.863732717734,True,False,False,physics-filtered candidate selected by residual-calibrated certificate
kdv,1,0.2,0.01,physics_filtered_s0.8,physics_informed,True,physics_filtered_s1.3,268.3306746911019,311.0318318107009,0.8627112959113826,0.005668424530163439,0.007923733083379538,0.7153729775852615,0.0010770588599835647,1788.7903363570504,True,False,False,physics-filtered candidate selected by residual-calibrated certificate
kdv,1,0.2,0.01,physics_filtered_s1.3,physics_informed,True,physics_filtered_s1.3,216.67028244933977,311.0318318107009,0.6966177101165908,0.00539249134476368,0.007923733083379538,0.6805493430103262,0.0018342219167503037,1444.3828981009865,True,False,False,physics-filtered candidate selected by residual-calibrated certificate
kdv,1,0.2,0.01,physics_filtered_s2,physics_informed,False,physics_filtered_s1.3,199.15826028653234,311.0318318107009,0.6403147199664846,0.007242724217591173,0.007923733083379538,0.9140545422799674,0.0033727952862534446,1327.6255468236188,True,False,False,physics-filtered candidate selected by residual-calibrated certificate
kdv,2,0.2,0.01,data_only_lowrank,data_only,False,physics_filtered_s1.3,437.2999158235666,309.9325122585376,1.4109520573910652,0.008918681759953672,0.008175599967764909,1.0908901846993158,0.0,2915.257423472895,True,False,False,data-driven candidate without PDE residual selection
kdv,2,0.2,0.01,risky_sensor_overfit,risky,False,physics_filtered_s1.3,14572.144133056672,309.9325122585376,47.01715230476022,0.20182686268234884,0.008175599967764909,24.68648948743011,0.0,97147.47142144133,True,False,False,fits observed points but injects high-frequency nonphysical structure
kdv,2,0.2,0.01,underfit_oversmooth,underfit,False,physics_filtered_s1.3,160.32954957075884,309.9325122585376,0.5173047138630477,0.014142858295918355,0.008175599967764909,1.7298862896853455,0.010188015355778159,1068.7214588808265,True,False,False,oversmoothed challenge candidate; shown for diagnosis but not eligible for safe replacement
kdv,2,0.2,0.01,physics_filtered_s0.4,physics_informed,False,physics_filtered_s1.3,404.28958115654206,309.9325122585376,1.3044439197759703,0.008260552780313552,0.008175599967764909,1.010391018625325,0.00014191443540229938,2695.187948752771,True,False,False,physics-filtered candidate selected by residual-calibrated certificate
kdv,2,0.2,0.01,physics_filtered_s0.8,physics_informed,True,physics_filtered_s1.3,272.3046725243466,309.9325122585376,0.8785934413269824,0.005880506030275355,0.008175599967764909,0.719275166684033,0.001077491243379004,1815.2837369661238,True,False,False,physics-filtered candidate selected by residual-calibrated certificate
kdv,2,0.2,0.01,physics_filtered_s1.3,physics_informed,True,physics_filtered_s1.3,218.94122364876398,309.9325122585376,0.7064158001795184,0.0054067800137496255,0.008175599967764909,0.6613312826467009,0.0018307787281070592,1459.5228684163808,True,False,False,physics-filtered candidate selected by residual-calibrated certificate
kdv,2,0.2,0.01,physics_filtered_s2,physics_informed,False,physics_filtered_s1.3,201.58794281413995,309.9325122585376,0.6504252856376033,0.007056844006856375,0.008175599967764909,0.8631591606508673,0.003359195514899051,1343.8240682238788,True,False,False,physics-filtered candidate selected by residual-calibrated certificate
kdv,3,0.2,0.01,data_only_lowrank,data_only,False,physics_filtered_s1.3,425.29134376254024,309.97942219668994,1.3719986338082806,0.011306004373068149,0.010963306304738291,1.0312586420348837,0.0,2835.2010875579167,True,False,False,data-driven candidate without PDE residual selection
kdv,3,0.2,0.01,risky_sensor_overfit,risky,False,physics_filtered_s1.3,14582.366267194877,309.97942219668994,47.043013900264455,0.19917222094091314,0.010963306304738291,18.167167402470973,0.0,97215.55487625723,True,False,False,fits observed points but injects high-frequency nonphysical structure
kdv,3,0.2,0.01,underfit_oversmooth,underfit,False,physics_filtered_s1.3,159.36419829700517,309.97942219668994,0.5141121857949782,0.015585421272014604,0.010963306304738291,1.4215986343332445,0.010195250792932176,1062.2856807070405,True,False,False,oversmoothed challenge candidate; shown for diagnosis but not eligible for safe replacement
kdv,3,0.2,0.01,physics_filtered_s0.4,physics_informed,False,physics_filtered_s1.3,394.9789677525803,309.97942219668994,1.274210284519966,0.010733027819928893,0.010963306304738291,0.9789955256756013,0.00014049081758750573,2633.118013225319,True,False,False,physics-filtered candidate selected by residual-calibrated certificate
kdv,3,0.2,0.01,physics_filtered_s0.8,physics_informed,True,physics_filtered_s1.3,271.79971224282684,309.97942219668994,0.8768314693817386,0.008544817347706726,0.010963306304738291,0.7794014970861749,0.0010734161741342333,1811.9181026954113,True,False,False,physics-filtered candidate selected by residual-calibrated certificate
kdv,3,0.2,0.01,physics_filtered_s1.3,physics_informed,True,physics_filtered_s1.3,219.22205259820154,309.97942219668994,0.7072148565368277,0.007938579118413483,0.010963306304738291,0.7241044715003868,0.0018401609772994182,1461.3956141287683,True,False,False,physics-filtered candidate selected by residual-calibrated certificate
kdv,3,0.2,0.01,physics_filtered_s2,physics_informed,False,physics_filtered_s1.3,201.53928537542805,309.97942219668994,0.6501698853014363,0.009124699426431404,0.010963306304738291,0.8322944896336113,0.0033947022789330094,1343.4998966622488,True,False,False,physics-filtered candidate selected by residual-calibrated certificate
kdv,4,0.2,0.01,data_only_lowrank,data_only,False,physics_filtered_s1.3,427.5577510286381,310.152349886995,1.3785410659774744,0.00954719888416346,0.00900084731398959,1.0607000152378987,0.0,2850.3105894055593,True,False,False,data-driven candidate without PDE residual selection
kdv,4,0.2,0.01,risky_sensor_overfit,risky,False,physics_filtered_s1.3,14567.597575299525,310.152349886995,46.96916718705252,0.2009480133482047,0.00900084731398959,22.325455183930877,0.0,97117.12807731552,True,False,False,fits observed points but injects high-frequency nonphysical structure
kdv,4,0.2,0.01,underfit_oversmooth,underfit,False,physics_filtered_s1.3,160.74500522821606,310.152349886995,0.5182775667725344,0.014923225515935284,0.00900084731398959,1.6579800760627104,0.010346677344264005,1071.490723459161,True,False,False,oversmoothed challenge candidate; shown for diagnosis but not eligible for safe replacement
kdv,4,0.2,0.01,physics_filtered_s0.4,physics_informed,False,physics_filtered_s1.3,396.36035550444115,310.152349886995,1.277953739988928,0.008924270494466395,0.00900084731398959,0.9914922653564328,0.00014133401782399224,2642.3273635594496,True,False,False,physics-filtered candidate selected by residual-calibrated certificate
kdv,4,0.2,0.01,physics_filtered_s0.8,physics_informed,True,physics_filtered_s1.3,271.86607343473503,310.152349886995,0.8765565488502325,0.006642981107956625,0.00900084731398959,0.7380395284445848,0.0010806294359925936,1812.3606085168408,True,False,False,physics-filtered candidate selected by residual-calibrated certificate
kdv,4,0.2,0.01,physics_filtered_s1.3,physics_informed,True,physics_filtered_s1.3,220.9657051865523,310.152349886995,0.7124424666363518,0.006272571367562236,0.00900084731398959,0.6968867649955787,0.001845412893687615,1473.0201147057674,True,False,False,physics-filtered candidate selected by residual-calibrated certificate
kdv,4,0.2,0.01,physics_filtered_s2,physics_informed,False,physics_filtered_s1.3,204.0128634739084,310.152349886995,0.6577827430559222,0.007937356214602917,0.00900084731398959,0.8818454459708936,0.0034075273337995653,1359.9905686197578,True,False,False,physics-filtered candidate selected by residual-calibrated certificate
kdv,5,0.2,0.01,data_only_lowrank,data_only,False,physics_filtered_s1.3,420.6442691655516,307.97648715333975,1.365832414849624,0.008775708833688535,0.008147920633839331,1.0770488848608653,0.0,2804.221709255234,True,False,False,data-driven candidate without PDE residual selection
kdv,5,0.2,0.01,risky_sensor_overfit,risky,False,physics_filtered_s1.3,14568.956562488562,307.97648715333975,47.30541833615601,0.200243226407332,0.008147920633839331,24.575991272070187,0.0,97126.18113147026,True,False,False,fits observed points but injects high-frequency nonphysical structure
kdv,5,0.2,0.01,underfit_oversmooth,underfit,False,physics_filtered_s1.3,158.45549429826124,307.97648715333975,0.5145051681148848,0.014750277733760302,0.008147920633839331,1.810311905922383,0.010128276911127092,1056.22917260282,True,False,False,oversmoothed challenge candidate; shown for diagnosis but not eligible for safe replacement
kdv,5,0.2,0.01,physics_filtered_s0.4,physics_informed,False,physics_filtered_s1.3,390.42297322442056,307.97648715333975,1.2677038329553707,0.008154145598326194,0.008147920633839331,1.0007639941238806,0.00013809697636675282,2602.7457888413896,True,False,False,physics-filtered candidate selected by residual-calibrated certificate
kdv,5,0.2,0.01,physics_filtered_s0.8,physics_informed,True,physics_filtered_s1.3,268.17057146739796,307.97648715333975,0.8707501470197511,0.005955235361750686,0.008147920633839331,0.7308902023771513,0.001053110000465757,1787.7247839638385,True,False,False,physics-filtered candidate selected by residual-calibrated certificate
kdv,5,0.2,0.01,physics_filtered_s1.3,physics_informed,True,physics_filtered_s1.3,215.90340031514634,307.97648715333975,0.7010385835320232,0.005651934593973642,0.008147920633839331,0.6936658869511795,0.00179909407983994,1439.2722441439691,True,False,False,physics-filtered candidate selected by residual-calibrated certificate
kdv,5,0.2,0.01,physics_filtered_s2,physics_informed,False,physics_filtered_s1.3,198.66146665573217,307.97648715333975,0.645054005557311,0.007465306838369059,0.008147920633839331,0.9162223311857611,0.0033210381495032506,1324.3155181452646,True,False,False,physics-filtered candidate selected by residual-calibrated certificate
kdv,1,0.2,0.03,data_only_lowrank,data_only,False,physics_filtered_s1.3,1251.405963574369,865.5706394659217,1.4457583315747815,0.024709797157178935,0.020677424937563433,1.1950132683637567,0.0,8342.485897971193,True,False,False,data-driven candidate without PDE residual selection
kdv,1,0.2,0.03,risky_sensor_overfit,risky,False,physics_filtered_s1.3,14622.503466465481,865.5706394659217,16.89348367394706,0.20184361709086776,0.020677424937563433,9.761545148420733,0.0,97483.05303089612,True,False,False,fits observed points but injects high-frequency nonphysical structure
kdv,1,0.2,0.03,underfit_oversmooth,underfit,False,physics_filtered_s1.3,319.5471635486117,865.5706394659217,0.36917514178366745,0.015756460387504865,0.020677424937563433,0.7620126990822267,0.0187662894838502,2129.979756531373,True,False,False,oversmoothed challenge candidate; shown for diagnosis but not eligible for safe replacement
kdv,1,0.2,0.03,physics_filtered_s0.4,physics_informed,False,physics_filtered_s1.3,1157.3023644684497,865.5706394659217,1.3370397650993942,0.02274273531533391,0.020677424937563433,1.0998823781446145,0.00040885837148255734,7715.126986214565,True,False,False,physics-filtered candidate selected by residual-calibrated certificate
kdv,1,0.2,0.03,physics_filtered_s0.8,physics_informed,True,physics_filtered_s1.3,784.8815548429327,865.5706394659217,0.9067793188170327,0.015453402630656112,0.020677424937563433,0.747356243660471,0.0030846195798407416,5232.308234391615,True,False,False,physics-filtered candidate selected by residual-calibrated certificate
kdv,1,0.2,0.03,physics_filtered_s1.3,physics_informed,True,physics_filtered_s1.3,620.8845243352615,865.5706394659217,0.7173123671551079,0.012346564605663668,0.020677424937563433,0.5971035872381432,0.005079661530286937,4138.983360260727,True,False,False,physics-filtered candidate selected by residual-calibrated certificate
kdv,1,0.2,0.03,physics_filtered_s2,physics_informed,False,physics_filtered_s1.3,525.5434274969139,865.5706394659217,0.6071641106278587,0.011045220303524042,0.020677424937563433,0.5341680763606443,0.008389528617213666,3503.355567658373,True,False,False,physics-filtered candidate selected by residual-calibrated certificate
kdv,2,0.2,0.03,data_only_lowrank,data_only,False,physics_filtered_s1.3,1291.7942648203216,908.2230553767611,1.4223315045492222,0.024749162605251954,0.021290556920036768,1.1624478728782248,0.0,8611.739104053406,True,False,False,data-driven candidate without PDE residual selection
kdv,2,0.2,0.03,risky_sensor_overfit,risky,False,physics_filtered_s1.3,14642.287805218313,908.2230553767611,16.12190718847606,0.20133701321318895,0.021290556920036768,9.456634411204712,0.0,97614.96892460003,True,False,False,fits observed points but injects high-frequency nonphysical structure
kdv,2,0.2,0.03,underfit_oversmooth,underfit,False,physics_filtered_s1.3,332.2935279826512,908.2230553767611,0.3658721566419655,0.01576668294379463,0.021290556920036768,0.7405481689497699,0.019058872298418704,2214.950702868452,True,False,False,oversmoothed challenge candidate; shown for diagnosis but not eligible for safe replacement
kdv,2,0.2,0.03,physics_filtered_s0.4,physics_informed,False,physics_filtered_s1.3,1195.018838838452,908.2230553767611,1.3157768146974833,0.022734956087611242,0.021290556920036768,1.0678422444246771,0.00041810303690404494,7966.5680607058475,True,False,False,physics-filtered candidate selected by residual-calibrated certificate
kdv,2,0.2,0.03,physics_filtered_s0.8,physics_informed,True,physics_filtered_s1.3,809.5552885386584,908.2230553767611,0.891361746154778,0.015303030280117036,0.021290556920036768,0.7187707835390826,0.0031488024684945977,5396.797498756236,True,False,False,physics-filtered candidate selected by residual-calibrated certificate
kdv,2,0.2,0.03,physics_filtered_s1.3,physics_informed,True,physics_filtered_s1.3,640.5384719090472,908.2230553767611,0.7052655932009234,0.012165765687893388,0.021290556920036768,0.5714160382471086,0.00519043100691642,4270.007029524587,True,False,False,physics-filtered candidate selected by residual-calibrated certificate
kdv,2,0.2,0.03,physics_filtered_s2,physics_informed,False,physics_filtered_s1.3,544.3828628179107,908.2230553767611,0.5993933534225048,0.01095673080942644,0.021290556920036768,0.5146286614325395,0.008561835072525276,3628.9487032266793,True,False,False,physics-filtered candidate selected by residual-calibrated certificate
kdv,3,0.2,0.03,data_only_lowrank,data_only,False,physics_filtered_s1.3,1271.3392606102384,882.0819853880063,1.4412937591634478,0.024709563586732108,0.021025321453749052,1.1752288135005369,0.0,8475.373232396285,True,False,False,data-driven candidate without PDE residual selection
kdv,3,0.2,0.03,risky_sensor_overfit,risky,False,physics_filtered_s1.3,14593.077969045335,882.0819853880063,16.543902053079773,0.20088259442943687,0.021025321453749052,9.554317391140906,0.0,97286.87213708385,True,False,False,fits observed points but injects high-frequency nonphysical structure
kdv,3,0.2,0.03,underfit_oversmooth,underfit,False,physics_filtered_s1.3,322.59359673783877,882.0819853880063,0.3657183822838615,0.015758675743889217,0.021025321453749052,0.7495093845678045,0.01908505762713786,2150.2841883809792,True,False,False,oversmoothed challenge candidate; shown for diagnosis but not eligible for safe replacement
kdv,3,0.2,0.03,physics_filtered_s0.4,physics_informed,False,physics_filtered_s1.3,1175.0232173794184,882.0819853880063,1.33210204589152,0.022698474816070804,0.021025321453749052,1.0795780157236947,0.0004167778666645741,7833.264548726059,True,False,False,physics-filtered candidate selected by residual-calibrated certificate
kdv,3,0.2,0.03,physics_filtered_s0.8,physics_informed,True,physics_filtered_s1.3,790.8809743488357,882.0819853880063,0.8966071039314397,0.015190660757162817,0.021025321453749052,0.7224936270228419,0.0031355098929119274,5272.302205083606,True,False,False,physics-filtered candidate selected by residual-calibrated certificate
kdv,3,0.2,0.03,physics_filtered_s1.3,physics_informed,True,physics_filtered_s1.3,622.369247989825,882.0819853880063,0.7055684826349324,0.012024163416520935,0.021025321453749052,0.5718896351905717,0.005169911122559696,4148.879127352342,True,False,False,physics-filtered candidate selected by residual-calibrated certificate
kdv,3,0.2,0.03,physics_filtered_s2,physics_informed,False,physics_filtered_s1.3,527.0938003904242,882.0819853880063,0.5975564733459191,0.010766775037701137,0.021025321453749052,0.5120861082135424,0.008539196141449245,3513.688786950555,True,False,False,physics-filtered candidate selected by residual-calibrated certificate
kdv,4,0.2,0.03,data_only_lowrank,data_only,False,physics_filtered_s1.3,1248.735465161997,861.6718584612775,1.4492007054656668,0.02478220970579297,0.021496050203008505,1.1528727124563412,0.0,8324.684043013058,True,False,False,data-driven candidate without PDE residual selection
kdv,4,0.2,0.03,risky_sensor_overfit,risky,False,physics_filtered_s1.3,14552.557949058808,861.6718584612775,16.88874692396928,0.20101374613286016,0.021496050203008505,9.351194485737471,0.0,97016.71517516639,True,False,False,fits observed points but injects high-frequency nonphysical structure
kdv,4,0.2,0.03,underfit_oversmooth,underfit,False,physics_filtered_s1.3,316.86809591121204,861.6718584612775,0.367736386885207,0.01665938508560087,0.021496050203008505,0.7749974961676582,0.01896544247699952,2112.1164825716332,True,False,False,oversmoothed challenge candidate; shown for diagnosis but not eligible for safe replacement
kdv,4,0.2,0.03,physics_filtered_s0.4,physics_informed,False,physics_filtered_s1.3,1156.0774378950866,861.6718584612775,1.3416678594558489,0.02286154782163073,0.021496050203008505,1.0635231870349648,0.0004122840450954017,7706.961972874312,True,False,False,physics-filtered candidate selected by residual-calibrated certificate
kdv,4,0.2,0.03,physics_filtered_s0.8,physics_informed,True,physics_filtered_s1.3,784.4299900259241,861.6718584612775,0.9103581396132766,0.015710610653347307,0.021496050203008505,0.730860344307237,0.003110705355658864,5229.297821537852,True,False,False,physics-filtered candidate selected by residual-calibrated certificate
kdv,4,0.2,0.03,physics_filtered_s1.3,physics_informed,True,physics_filtered_s1.3,615.7854588807955,861.6718584612775,0.7146403272127605,0.012702279586800204,0.021496050203008505,0.5909122590545276,0.005131471713756841,4104.989131398674,True,False,False,physics-filtered candidate selected by residual-calibrated certificate
kdv,4,0.2,0.03,physics_filtered_s2,physics_informed,False,physics_filtered_s1.3,519.8067984891517,861.6718584612775,0.6032537715893278,0.011618966218008538,0.021496050203008505,0.540516332430312,0.008479573302039356,3465.1103281922224,True,False,False,physics-filtered candidate selected by residual-calibrated certificate
kdv,5,0.2,0.03,data_only_lowrank,data_only,False,physics_filtered_s1.3,1261.9705384010415,880.4281511701175,1.4333600495666117,0.025082554350111214,0.02162675770107998,1.159792637233776,0.0,8412.916801195377,True,False,False,data-driven candidate without PDE residual selection
kdv,5,0.2,0.03,risky_sensor_overfit,risky,False,physics_filtered_s1.3,14588.60689341481,880.4281511701175,16.569900535354375,0.20307405108757515,0.02162675770107998,9.389944340479861,0.0,97257.0620939956,True,False,False,fits observed points but injects high-frequency nonphysical structure
kdv,5,0.2,0.03,underfit_oversmooth,underfit,False,physics_filtered_s1.3,325.56839315706685,880.4281511701175,0.3697841700363346,0.0167238104179494,0.02162675770107998,0.7732925410423851,0.019045506934159184,2170.1168642119364,True,False,False,oversmoothed challenge candidate; shown for diagnosis but not eligible for safe replacement
kdv,5,0.2,0.03,physics_filtered_s0.4,physics_informed,False,physics_filtered_s1.3,1166.6989405312129,880.4281511701175,1.3251495184253603,0.02311069143163769,0.02162675770107998,1.068615635778589,0.00041635433143541846,7777.771122217657,True,False,False,physics-filtered candidate selected by residual-calibrated certificate
kdv,5,0.2,0.03,physics_filtered_s0.8,physics_informed,True,physics_filtered_s1.3,788.3993475463495,880.4281511701175,0.8954726703122116,0.015801422641123334,0.02162675770107998,0.7306422376759515,0.003137620348552722,5255.7597834647495,True,False,False,physics-filtered candidate selected by residual-calibrated certificate
kdv,5,0.2,0.03,physics_filtered_s1.3,physics_informed,True,physics_filtered_s1.3,625.7490597769847,880.4281511701175,0.7107326803957179,0.012716952404516655,0.02162675770107998,0.5880193683999885,0.005165751592540727,4171.412627013313,True,False,False,physics-filtered candidate selected by residual-calibrated certificate
kdv,5,0.2,0.03,physics_filtered_s2,physics_informed,False,physics_filtered_s1.3,532.5264015186348,880.4281511701175,0.6048493574528362,0.011547767889717444,0.02162675770107998,0.5339574266653399,0.008521842771721806,3549.9072026249883,True,False,False,physics-filtered candidate selected by residual-calibrated certificate
kdv,1,0.2,0.05,data_only_lowrank,data_only,False,physics_filtered_s1.3,2071.584271999614,1460.359698913032,1.4185438515877455,0.041104727943707654,0.03473717104661173,1.1833067202671275,0.0,13810.193456400422,True,False,False,data-driven candidate without PDE residual selection
kdv,1,0.2,0.05,risky_sensor_overfit,risky,False,physics_filtered_s1.3,14678.638546135648,1460.359698913032,10.05138566687452,0.204909586571411,0.03473717104661173,5.898856481161239,0.0,97857.14747521703,True,False,False,fits observed points but injects high-frequency nonphysical structure
kdv,1,0.2,0.05,underfit_oversmooth,underfit,False,physics_filtered_s1.3,506.9300490114124,1460.359698913032,0.3471268410027529,0.019431243835538674,0.03473717104661173,0.559378995166465,0.029523391247470394,3378.9848003147818,True,False,False,oversmoothed challenge candidate; shown for diagnosis but not eligible for safe replacement
kdv,1,0.2,0.05,physics_filtered_s0.4,physics_informed,False,physics_filtered_s1.3,1916.6910546157997,1460.359698913032,1.3124787379728575,0.03784155452104251,0.03473717104661173,1.0893677688714438,0.0006887730843380775,12777.569213483273,True,False,False,physics-filtered candidate selected by residual-calibrated certificate
kdv,1,0.2,0.05,physics_filtered_s0.8,physics_informed,True,physics_filtered_s1.3,1301.7791163477477,1460.359698913032,0.8914099158698238,0.025697723216451848,0.03473717104661173,0.7397759357326431,0.005182847587922335,8678.133464519071,True,False,False,physics-filtered candidate selected by residual-calibrated certificate
kdv,1,0.2,0.05,physics_filtered_s1.3,physics_informed,True,physics_filtered_s1.3,1026.3404229944542,1460.359698913032,0.7027997443084567,0.020225487046124063,0.03473717104661173,0.5822433559256294,0.008522033320966963,6841.856502373419,True,False,False,physics-filtered candidate selected by residual-calibrated certificate
kdv,1,0.2,0.05,physics_filtered_s2,physics_informed,False,physics_filtered_s1.3,863.2669869308311,1460.359698913032,0.5911331212258003,0.01673121449981424,0.03473717104661173,0.48165161396942696,0.013925460101314423,5754.666983647416,True,False,False,physics-filtered candidate selected by residual-calibrated certificate
kdv,2,0.2,0.05,data_only_lowrank,data_only,False,physics_filtered_s1.3,2191.213543693951,1466.8829208723607,1.4937889810529847,0.04133446557581743,0.03451745314992042,1.1974946527801758,0.0,14607.719934983106,True,False,False,data-driven candidate without PDE residual selection
kdv,2,0.2,0.05,risky_sensor_overfit,risky,False,physics_filtered_s1.3,14769.126049106995,1466.8829208723607,10.068374127857274,0.20372541989619897,0.03451745314992042,5.902098831146428,0.0,98460.37272576024,True,False,False,fits observed points but injects high-frequency nonphysical structure
kdv,2,0.2,0.05,underfit_oversmooth,underfit,False,physics_filtered_s1.3,519.6327343428712,1466.8829208723607,0.3542428144393715,0.019021279388621495,0.03451745314992042,0.5510626553313447,0.02977099520822772,3463.666286656782,True,False,False,oversmoothed challenge candidate; shown for diagnosis but not eligible for safe replacement
kdv,2,0.2,0.05,physics_filtered_s0.4,physics_informed,False,physics_filtered_s1.3,2014.777813844788,1466.8829208723607,1.3735096272350018,0.0379351691345532,0.03451745314992042,1.0990141413009102,0.0006975557554919309,13431.478966875318,True,False,False,physics-filtered candidate selected by residual-calibrated certificate
kdv,2,0.2,0.05,physics_filtered_s0.8,physics_informed,True,physics_filtered_s1.3,1332.8754392757273,1466.8829208723607,0.9086447325210253,0.02536271072975352,0.03451745314992042,0.7347793192869798,0.0052403269722557455,8885.440200055224,True,False,False,physics-filtered candidate selected by residual-calibrated certificate
kdv,2,0.2,0.05,physics_filtered_s1.3,physics_informed,True,physics_filtered_s1.3,1052.1842648117183,1466.8829208723607,0.7172926004114765,0.019778191352635945,0.03451745314992042,0.5729910392333959,0.008606678901731885,7014.146312073826,True,False,False,physics-filtered candidate selected by residual-calibrated certificate
kdv,2,0.2,0.05,physics_filtered_s2,physics_informed,False,physics_filtered_s1.3,886.6619338659075,1466.8829208723607,0.6044531034137379,0.01618206360557701,0.03451745314992042,0.4688081572769661,0.014050052334822942,5910.630240540683,True,False,False,physics-filtered candidate selected by residual-calibrated certificate
kdv,3,0.2,0.05,data_only_lowrank,data_only,False,physics_filtered_s1.3,2158.7604777585757,1493.3191490082975,1.4456122652630496,0.041256143627822706,0.034476032177794796,1.1966615941726078,0.0,14391.371790875031,True,False,False,data-driven candidate without PDE residual selection
kdv,3,0.2,0.05,risky_sensor_overfit,risky,False,physics_filtered_s1.3,14693.171347047182,1493.3191490082975,9.839270698969342,0.20445974460292993,0.034476032177794796,5.930489435170187,0.0,97953.98943641435,True,False,False,fits observed points but injects high-frequency nonphysical structure
kdv,3,0.2,0.05,underfit_oversmooth,underfit,False,physics_filtered_s1.3,518.0338770541628,1493.3191490082975,0.3469009805426958,0.018815983422057966,0.034476032177794796,0.5457699808515416,0.029371542712051727,3453.015396943471,True,False,False,oversmoothed challenge candidate; shown for diagnosis but not eligible for safe replacement
kdv,3,0.2,0.05,physics_filtered_s0.4,physics_informed,False,physics_filtered_s1.3,1990.8179756982895,1493.3191490082975,1.3331497001296584,0.037873274170645975,0.034476032177794796,1.098539239499281,0.0006908454972939235,13271.752192182257,True,False,False,physics-filtered candidate selected by residual-calibrated certificate
kdv,3,0.2,0.05,physics_filtered_s0.8,physics_informed,True,physics_filtered_s1.3,1330.8129873631851,1493.3191490082975,0.8911778759731084,0.025358600622002958,0.034476032177794796,0.7355428980484678,0.0051893868401329995,8871.695646975479,True,False,False,physics-filtered candidate selected by residual-calibrated certificate
kdv,3,0.2,0.05,physics_filtered_s1.3,physics_informed,True,physics_filtered_s1.3,1050.1636451526656,1493.3191490082975,0.7032412634968694,0.019851124578115487,0.034476032177794796,0.5757949312486527,0.008503858166295584,7000.681223917574,True,False,False,physics-filtered candidate selected by residual-calibrated certificate
kdv,3,0.2,0.05,physics_filtered_s2,physics_informed,False,physics_filtered_s1.3,882.9335327729126,1493.3191490082975,0.5912557495557877,0.016268708773806206,0.034476032177794796,0.4718846034670027,0.013864987307392704,5885.780941549616,True,False,False,physics-filtered candidate selected by residual-calibrated certificate
kdv,4,0.2,0.05,data_only_lowrank,data_only,False,physics_filtered_s1.3,2194.0684223502817,1488.407593433798,1.4741045611629158,0.04154765583560599,0.03493979166798735,1.1891214529617187,0.0,14626.749145701133,True,False,False,data-driven candidate without PDE residual selection
kdv,4,0.2,0.05,risky_sensor_overfit,risky,False,physics_filtered_s1.3,14771.36447894376,1488.407593433798,9.924273797116152,0.2044853387700125,0.03493979166798735,5.852505953878203,0.0,98475.26996941275,True,False,False,fits observed points but injects high-frequency nonphysical structure
kdv,4,0.2,0.05,underfit_oversmooth,underfit,False,physics_filtered_s1.3,514.6563476769478,1488.407593433798,0.34577648619060114,0.01828955749188245,0.03493979166798735,0.5234592600080186,0.029667486348786187,3430.4901614379205,True,False,False,oversmoothed challenge candidate; shown for diagnosis but not eligible for safe replacement
kdv,4,0.2,0.05,physics_filtered_s0.4,physics_informed,False,physics_filtered_s1.3,2023.7419461281472,1488.407593433798,1.3596691894451551,0.038246824790467086,0.03493979166798735,1.0946494802490498,0.0006922228080320381,13491.23668780246,True,False,False,physics-filtered candidate selected by residual-calibrated certificate
kdv,4,0.2,0.05,physics_filtered_s0.8,physics_informed,True,physics_filtered_s1.3,1343.9704345732766,1488.407593433798,0.9029585985064067,0.02584741372685223,0.03493979166798735,0.7397701157386827,0.005215788262031206,8959.404453453746,True,False,False,physics-filtered candidate selected by residual-calibrated certificate
kdv,4,0.2,0.05,physics_filtered_s1.3,physics_informed,True,physics_filtered_s1.3,1051.1984907449053,1488.407593433798,0.7062571404380975,0.020182162108760622,0.03493979166798735,0.5776268587964811,0.008577113820085771,7007.572433318432,True,False,False,physics-filtered candidate selected by residual-calibrated certificate
kdv,4,0.2,0.05,physics_filtered_s2,physics_informed,False,physics_filtered_s1.3,880.3422015182464,1488.407593433798,0.5914658090982133,0.016364028000375116,0.03493979166798735,0.46834932948097313,0.01400479628510786,5868.497145216654,True,False,False,physics-filtered candidate selected by residual-calibrated certificate
kdv,5,0.2,0.05,data_only_lowrank,data_only,False,physics_filtered_s1.3,2101.063795184483,1463.1385957150069,1.4359977936045991,0.04129799298191498,0.03453362128873601,1.1958778558271113,0.0,14006.729030557697,True,False,False,data-driven candidate without PDE residual selection
kdv,5,0.2,0.05,risky_sensor_overfit,risky,False,physics_filtered_s1.3,14715.691221412842,1463.1385957150069,10.057619465790639,0.20495799255600303,0.03453362128873601,5.935027515255694,0.0,98104.19372962881,True,False,False,fits observed points but injects high-frequency nonphysical structure
kdv,5,0.2,0.05,underfit_oversmooth,underfit,False,physics_filtered_s1.3,508.5670761256967,1463.1385957150069,0.34758639927557217,0.018130680480036934,0.03453362128873601,0.5250153271769876,0.029271790296225238,3389.904911559009,True,False,False,oversmoothed challenge candidate; shown for diagnosis but not eligible for safe replacement
kdv,5,0.2,0.05,physics_filtered_s0.4,physics_informed,False,physics_filtered_s1.3,1942.153473503556,1463.1385957150069,1.3273885872407478,0.037962139218967364,0.03453362128873601,1.0992805793654306,0.000681294435111027,12947.324118764474,True,False,False,physics-filtered candidate selected by residual-calibrated certificate
kdv,5,0.2,0.05,physics_filtered_s0.8,physics_informed,True,physics_filtered_s1.3,1310.1661795207476,1463.1385957150069,0.8954491278937895,0.025484599493649448,0.03453362128873601,0.7379648742839464,0.005126770914716644,8734.052752568714,True,False,False,physics-filtered candidate selected by residual-calibrated certificate
kdv,5,0.2,0.05,physics_filtered_s1.3,physics_informed,True,physics_filtered_s1.3,1028.3226378164452,1463.1385957150069,0.7028197060948445,0.019706537230493197,0.03453362128873601,0.5706478641540649,0.008422587015003685,6855.076996168261,True,False,False,physics-filtered candidate selected by residual-calibrated certificate
kdv,5,0.2,0.05,physics_filtered_s2,physics_informed,False,physics_filtered_s1.3,863.0418507464158,1463.1385957150069,0.5898565271081949,0.01578385233081466,0.03453362128873601,0.4570575497538654,0.013762861614872265,5753.172130895621,True,False,False,physics-filtered candidate selected by residual-calibrated certificate
nls,1,0.03,0.0,data_only_lowrank,data_only,True,physics_filtered_s1.3,7.282078042711246,7.408253659963609,0.9829682374490987,0.0604749121851991,0.06071397734065822,0.99606243624736,0.0,48.507273895029385,False,False,False,data-driven candidate without PDE residual selection
nls,1,0.03,0.0,risky_sensor_overfit,risky,False,physics_filtered_s1.3,107.13762810482764,7.408253659963609,14.461927604317406,0.20317587501712964,0.06071397734065822,3.346443173600534,0.0,712.9089392262396,False,False,False,fits observed points but injects high-frequency nonphysical structure
nls,1,0.03,0.0,underfit_oversmooth,underfit,False,physics_filtered_s1.3,2.6605494112491894,7.408253659963609,0.35913314167780525,0.07593613869040523,0.06071397734065822,1.2507192250490646,0.03924407913101026,17.446741561694306,False,False,False,oversmoothed challenge candidate; shown for diagnosis but not eligible for safe replacement
nls,1,0.03,0.0,physics_filtered_s0.4,physics_informed,False,physics_filtered_s1.3,6.917990927383553,7.408253659963609,0.9338220915368334,0.060130134883020374,0.06071397734065822,0.990383722427665,0.00024764906131570345,46.07957584952421,False,False,False,physics-filtered candidate selected by residual-calibrated certificate
nls,1,0.03,0.0,physics_filtered_s0.8,physics_informed,True,physics_filtered_s1.3,5.082802329980433,7.408253659963609,0.6860999316814315,0.05870321538297232,0.06071397734065822,0.9668813995273171,0.0023618366302876007,33.83659881042334,False,False,False,physics-filtered candidate selected by residual-calibrated certificate
nls,1,0.03,0.0,physics_filtered_s1.3,physics_informed,True,physics_filtered_s1.3,3.775366523054803,7.408253659963609,0.5096162599638683,0.05889205540334203,0.06071397734065822,0.9699917215427412,0.005410865544152422,25.102611485201876,False,False,False,physics-filtered candidate selected by residual-calibrated certificate
nls,1,0.03,0.0,physics_filtered_s2,physics_informed,False,physics_filtered_s1.3,3.011551581240975,7.408253659963609,0.4065130217551652,0.06282790831219165,0.06071397734065822,1.0348178634161558,0.012633206131102633,19.963703233522082,False,False,False,physics-filtered candidate selected by residual-calibrated certificate
nls,2,0.03,0.0,data_only_lowrank,data_only,True,physics_filtered_s1.3,9.403942700762027,9.463916242450868,0.9936629255634343,0.057016684613591585,0.057140904182019454,0.9978260832375001,0.0,62.613977488261995,False,False,False,data-driven candidate without PDE residual selection
nls,2,0.03,0.0,risky_sensor_overfit,risky,False,physics_filtered_s1.3,108.09690196008935,9.463916242450868,11.422005350724037,0.20229390270739145,0.057140904182019454,3.540264292273959,0.0,719.2869568392714,False,False,False,fits observed points but injects high-frequency nonphysical structure
nls,2,0.03,0.0,underfit_oversmooth,underfit,False,physics_filtered_s1.3,2.8731524540468905,9.463916242450868,0.303590224220172,0.07498873635608456,0.057140904182019454,1.3123477380739268,0.04143614634717724,18.823754425558104,False,False,False,oversmoothed challenge candidate; shown for diagnosis but not eligible for safe replacement
nls,2,0.03,0.0,physics_filtered_s0.4,physics_informed,False,physics_filtered_s1.3,8.813763145979216,9.463916242450868,0.9313018966127058,0.056474501198065,0.057140904182019454,0.9883375491780809,0.0002654614368131077,58.678797554414935,False,False,False,physics-filtered candidate selected by residual-calibrated certificate
nls,2,0.03,0.0,physics_filtered_s0.8,physics_informed,True,physics_filtered_s1.3,5.8915534789638615,9.463916242450868,0.6225280663977543,0.05426620659785337,0.057140904182019454,0.9496910728615954,0.002538621105767914,39.18857551426739,False,False,False,physics-filtered candidate selected by residual-calibrated certificate
nls,2,0.03,0.0,physics_filtered_s1.3,physics_informed,True,physics_filtered_s1.3,4.233389259505357,9.463916242450868,0.44731896934123644,0.054490415736154846,0.057140904182019454,0.9536148668845836,0.005838440624922783,28.118184841964688,False,False,False,physics-filtered candidate selected by residual-calibrated certificate
nls,2,0.03,0.0,physics_filtered_s2,physics_informed,False,physics_filtered_s1.3,3.354050025321839,9.463916242450868,0.354404026768192,0.05938065522989065,0.057140904182019454,1.0391969829475816,0.013506379422366164,22.210596088295826,False,False,False,physics-filtered candidate selected by residual-calibrated certificate
nls,3,0.03,0.0,data_only_lowrank,data_only,True,physics_filtered_s1.3,7.928139869856324,8.003861907258921,0.9905393123618346,0.06838812710611183,0.06858422309093226,0.9971408003622411,0.0,52.79642764336614,False,False,False,data-driven candidate without PDE residual selection
nls,3,0.03,0.0,risky_sensor_overfit,risky,False,physics_filtered_s1.3,106.22599750804308,8.003861907258921,13.271842860218584,0.20326769791916943,0.06858422309093226,2.9637675948695015,0.0,706.7325793797412,False,False,False,fits observed points but injects high-frequency nonphysical structure
nls,3,0.03,0.0,underfit_oversmooth,underfit,False,physics_filtered_s1.3,2.793483595799417,8.003861907258921,0.3490169655807756,0.08569889519357057,0.06858422309093226,1.2495424068403793,0.039744880088983754,18.317929435615643,False,False,False,oversmoothed challenge candidate; shown for diagnosis but not eligible for safe replacement
nls,3,0.03,0.0,physics_filtered_s0.4,physics_informed,False,physics_filtered_s1.3,7.542089982880622,8.003861907258921,0.9423063603882961,0.06812860387672776,0.06858422309093226,0.9933567926461194,0.0002666067716421457,50.222177759445174,False,False,False,physics-filtered candidate selected by residual-calibrated certificate
nls,3,0.03,0.0,physics_filtered_s0.8,physics_informed,True,physics_filtered_s1.3,5.5576991015335055,8.003861907258921,0.6943771851551289,0.06715519684529603,0.06858422309093226,0.9791639216395186,0.002509707372290475,36.984339509378096,False,False,False,physics-filtered candidate selected by residual-calibrated certificate
nls,3,0.03,0.0,physics_filtered_s1.3,physics_informed,True,physics_filtered_s1.3,4.157721400200325,8.003861907258921,0.519464409603201,0.06750152788019499,0.06858422309093226,0.984213640354488,0.00575053403053618,27.633932601747567,False,False,False,physics-filtered candidate selected by residual-calibrated certificate
nls,3,0.03,0.0,physics_filtered_s2,physics_informed,False,physics_filtered_s1.3,3.2855019369083047,8.003861907258921,0.41048958302593685,0.07169823181362532,0.06858422309093226,1.045404155377235,0.013232322308385204,21.772509134029363,False,False,False,physics-filtered candidate selected by residual-calibrated certificate
nls,4,0.03,0.0,data_only_lowrank,data_only,True,physics_filtered_s1.3,8.6028387396937,8.65620109506388,0.9938353609412329,0.10244893653392155,0.10255847886405407,0.9989319037065998,0.0,57.30289460123179,False,False,False,data-driven candidate without PDE residual selection
nls,4,0.03,0.0,risky_sensor_overfit,risky,False,physics_filtered_s1.3,105.00038732411174,8.65620109506388,12.130077174844647,0.21801821552103684,0.10255847886405407,2.1257941608894577,0.0,698.5494636550757,False,False,False,fits observed points but injects high-frequency nonphysical structure
nls,4,0.03,0.0,underfit_oversmooth,underfit,False,physics_filtered_s1.3,3.2249744910216402,8.65620109506388,0.3725623348630706,0.11334135888556615,0.10255847886405407,1.105138845074917,0.03853248801699916,21.20983534888562,False,False,False,oversmoothed challenge candidate; shown for diagnosis but not eligible for safe replacement
nls,4,0.03,0.0,physics_filtered_s0.4,physics_informed,False,physics_filtered_s1.3,8.22249593506645,8.65620109506388,0.9498965937556954,0.10223838517333077,0.10255847886405407,0.9968789153733014,0.00025660631588287914,54.767040106346116,False,False,False,physics-filtered candidate selected by residual-calibrated certificate
nls,4,0.03,0.0,physics_filtered_s0.8,physics_informed,True,physics_filtered_s1.3,6.281032205440235,8.65620109506388,0.7256107080300169,0.10138437053372347,0.10255847886405407,0.9885518160534001,0.002456130071552787,41.81672959301442,False,False,False,physics-filtered candidate selected by residual-calibrated certificate
nls,4,0.03,0.0,physics_filtered_s1.3,physics_informed,True,physics_filtered_s1.3,4.878545795320458,8.65620109506388,0.5635897019654316,0.1013604159993298,0.10255847886405407,0.9883182465361963,0.005613664581527196,32.44941016070326,False,False,False,physics-filtered candidate selected by residual-calibrated certificate
nls,4,0.03,0.0,physics_filtered_s2,physics_informed,False,physics_filtered_s1.3,3.8791605482925164,8.65620109506388,0.448136602383709,0.10363367968627042,0.10255847886405407,1.0104837828438455,0.012816306963946209,25.741030981651253,False,False,False,physics-filtered candidate selected by residual-calibrated certificate
nls,5,0.03,0.0,data_only_lowrank,data_only,True,physics_filtered_s1.3,9.522703673887927,9.613172786386144,0.9905890474966468,0.06407719373765015,0.06430921371984395,0.9963921191106306,0.0,63.340397027862124,True,False,False,data-driven candidate without PDE residual selection
nls,5,0.03,0.0,risky_sensor_overfit,risky,False,physics_filtered_s1.3,107.32306145124235,9.613172786386144,11.164166486554631,0.20465338024558305,0.06430921371984395,3.1823337342289824,0.0,714.0840616004078,True,False,False,fits observed points but injects high-frequency nonphysical structure
nls,5,0.03,0.0,underfit_oversmooth,underfit,False,physics_filtered_s1.3,3.093003157779676,9.613172786386144,0.32174633978904055,0.0796885979879044,0.06430921371984395,1.239147446800079,0.040172072977823624,20.256396697561136,True,False,False,oversmoothed challenge candidate; shown for diagnosis but not eligible for safe replacement
nls,5,0.03,0.0,physics_filtered_s0.4,physics_informed,False,physics_filtered_s1.3,8.965676888299464,9.613172786386144,0.9326449328982649,0.06345823924671304,0.06430921371984395,0.9867674564048495,0.000272103166144684,59.628719430730776,True,False,False,physics-filtered candidate selected by residual-calibrated certificate
nls,5,0.03,0.0,physics_filtered_s0.8,physics_informed,True,physics_filtered_s1.3,6.242120233874416,9.613172786386144,0.6493298698129768,0.06082104395470063,0.06430921371984395,0.9457594088883606,0.0025796468807581774,41.47533937188364,True,False,False,physics-filtered candidate selected by residual-calibrated certificate
nls,5,0.03,0.0,physics_filtered_s1.3,physics_informed,True,physics_filtered_s1.3,4.672220904856578,9.613172786386144,0.4860227740286471,0.06073487280835725,0.06430921371984395,0.9444194586486105,0.0057726841218682795,30.998990905153125,True,False,False,physics-filtered candidate selected by residual-calibrated certificate
nls,5,0.03,0.0,physics_filtered_s2,physics_informed,False,physics_filtered_s1.3,3.6901435198957118,9.613172786386144,0.3838632262098926,0.06511429422660234,0.06430921371984395,1.0125188982912015,0.013144842538619113,24.411072538524248,True,False,False,physics-filtered candidate selected by residual-calibrated certificate
nls,1,0.03,0.01,data_only_lowrank,data_only,True,physics_filtered_s1.3,8.201347805625549,8.281920401587684,0.9902712665594228,0.06317442185064968,0.0635031513985534,0.9948234136155637,0.0,54.509591476881624,True,False,False,data-driven candidate without PDE residual selection
nls,1,0.03,0.01,risky_sensor_overfit,risky,False,physics_filtered_s1.3,107.50540032365613,8.281920401587684,12.98073334573873,0.2048922337812075,0.0635031513985534,3.226489225582723,0.0,715.3162949412596,True,False,False,fits observed points but injects high-frequency nonphysical structure
nls,1,0.03,0.01,underfit_oversmooth,underfit,False,physics_filtered_s1.3,2.79945917931797,8.281920401587684,0.3380205367321524,0.0755608673652302,0.0635031513985534,1.1898758675740553,0.04140868274719057,18.24877206822631,True,False,False,oversmoothed challenge candidate; shown for diagnosis but not eligible for safe replacement
nls,1,0.03,0.01,physics_filtered_s0.4,physics_informed,False,physics_filtered_s1.3,7.750765243831881,8.281920401587684,0.9358657011899181,0.06255949226232489,0.0635031513985534,0.9851399636643048,0.00024200722696420863,51.506427130703344,True,False,False,physics-filtered candidate selected by residual-calibrated certificate
nls,1,0.03,0.01,physics_filtered_s0.8,physics_informed,True,physics_filtered_s1.3,5.460408767519044,8.281920401587684,0.6593167408940079,0.05969385623384923,0.0635031513985534,0.9400140767544495,0.0023163085185035335,36.23486865412412,True,False,False,physics-filtered candidate selected by residual-calibrated certificate
nls,1,0.03,0.01,physics_filtered_s1.3,physics_informed,True,physics_filtered_s1.3,4.006433243151718,8.281920401587684,0.48375655027826414,0.058817774771653585,0.0635031513985534,0.9262182029609829,0.005406904924587888,26.52768495342642,True,False,False,physics-filtered candidate selected by residual-calibrated certificate
nls,1,0.03,0.01,physics_filtered_s2,physics_informed,False,physics_filtered_s1.3,3.1984609518882916,8.281920401587684,0.3861979826894672,0.06195480551717961,0.0635031513985534,0.975617810325163,0.012887534081867944,21.09623714681072,True,False,False,physics-filtered candidate selected by residual-calibrated certificate
nls,2,0.03,0.01,data_only_lowrank,data_only,True,physics_filtered_s1.3,8.339439405463652,8.392774161851369,0.9936451576844354,0.059202546400712604,0.05934266248465452,0.9976388641986565,0.0,55.4214650746977,False,False,False,data-driven candidate without PDE residual selection
nls,2,0.03,0.01,risky_sensor_overfit,risky,False,physics_filtered_s1.3,106.56278098284983,8.392774161851369,12.696967525613767,0.20237449354369477,0.05934266248465452,3.410269864325968,0.0,708.9414723989914,False,False,False,fits observed points but injects high-frequency nonphysical structure
nls,2,0.03,0.01,underfit_oversmooth,underfit,False,physics_filtered_s1.3,2.8118408763971767,8.392774161851369,0.3350311615887178,0.07942110687874879,0.05934266248465452,1.3383475488304561,0.036993509905051694,18.361994990365215,False,False,False,oversmoothed challenge candidate; shown for diagnosis but not eligible for safe replacement
nls,2,0.03,0.01,physics_filtered_s0.4,physics_informed,False,physics_filtered_s1.3,7.892550300618825,8.392774161851369,0.9403982697988933,0.05901673411488981,0.05934266248465452,0.9945076887838744,0.00025506479435456097,52.44395970526392,False,False,False,physics-filtered candidate selected by residual-calibrated certificate
nls,2,0.03,0.01,physics_filtered_s0.8,physics_informed,True,physics_filtered_s1.3,5.611133661219167,8.392774161851369,0.6685672166330202,0.058602797589500794,0.05934266248465452,0.9875323272471541,0.002389555963971778,37.23766631488566,False,False,False,physics-filtered candidate selected by residual-calibrated certificate
nls,2,0.03,0.01,physics_filtered_s1.3,physics_informed,True,physics_filtered_s1.3,4.115828143098021,8.392774161851369,0.4904013933564032,0.05985610474979174,0.05934266248465452,1.0086521609012966,0.005378480028914971,27.2575712448763,False,False,False,physics-filtered candidate selected by residual-calibrated certificate
nls,2,0.03,0.01,physics_filtered_s2,physics_informed,False,physics_filtered_s1.3,3.235492104581642,8.392774161851369,0.38550925381596785,0.06502558705174591,0.05934266248465452,1.0957645701768972,0.012211049919678356,21.348272969980123,False,False,False,physics-filtered candidate selected by residual-calibrated certificate
nls,3,0.03,0.01,data_only_lowrank,data_only,True,physics_filtered_s1.3,12.379878465726687,12.424201345443578,0.9964325369103791,0.06836729643578726,0.06865116932346221,0.9958649955788327,0.0,82.31429212709865,False,False,False,data-driven candidate without PDE residual selection
nls,3,0.03,0.01,risky_sensor_overfit,risky,False,physics_filtered_s1.3,107.2288553547087,12.424201345443578,8.630643722948431,0.20547232723917308,0.06865116932346221,2.9929909317066485,0.0,713.4469942246405,False,False,False,fits observed points but injects high-frequency nonphysical structure
nls,3,0.03,0.01,underfit_oversmooth,underfit,False,physics_filtered_s1.3,3.156470331779286,12.424201345443578,0.25405820817099267,0.08252281570718255,0.06865116932346221,1.2020598704904724,0.03954853741716956,20.61553646715878,False,False,False,oversmoothed challenge candidate; shown for diagnosis but not eligible for safe replacement
nls,3,0.03,0.01,physics_filtered_s0.4,physics_informed,False,physics_filtered_s1.3,11.458548481459296,12.424201345443578,0.9222764637230106,0.06771985322994924,0.06865116932346221,0.9864340825702276,0.0002963605727955711,76.17416336241494,False,False,False,physics-filtered candidate selected by residual-calibrated certificate
nls,3,0.03,0.01,physics_filtered_s0.8,physics_informed,True,physics_filtered_s1.3,6.929169496225077,12.424201345443578,0.5577154863773764,0.06517207651859426,0.06865116932346221,0.9493221624612843,0.0027827331676679255,45.98268136159988,False,False,False,physics-filtered candidate selected by residual-calibrated certificate
nls,3,0.03,0.01,physics_filtered_s1.3,physics_informed,True,physics_filtered_s1.3,4.856097456740521,12.424201345443578,0.3908579168769704,0.06535711774929857,0.06865116932346221,0.95201754598534,0.0060480367296338,32.15301307369288,False,False,False,physics-filtered candidate selected by residual-calibrated certificate
nls,3,0.03,0.01,physics_filtered_s2,physics_informed,False,physics_filtered_s1.3,3.81089384469908,12.424201345443578,0.30673149434240066,0.06944644901949643,0.06865116932346221,1.0115843575988563,0.01335233383900356,25.146105423544515,False,False,False,physics-filtered candidate selected by residual-calibrated certificate
nls,4,0.03,0.01,data_only_lowrank,data_only,True,physics_filtered_s1.3,14.645296686117534,14.674689268626546,0.9979970558850028,0.058919454134920696,0.059128034506006365,0.996472394629303,0.0,97.3362877750426,True,False,False,data-driven candidate without PDE residual selection
nls,4,0.03,0.01,risky_sensor_overfit,risky,False,physics_filtered_s1.3,107.83378086767348,14.674689268626546,7.348283762178677,0.20407941225249127,0.059128034506006365,3.4514831070244507,0.0,717.3141230175285,True,False,False,fits observed points but injects high-frequency nonphysical structure
nls,4,0.03,0.01,underfit_oversmooth,underfit,False,physics_filtered_s1.3,3.4398656442875284,14.674689268626546,0.23440807374650752,0.07520236991190984,0.059128034506006365,1.2718564136103452,0.041111498195852025,22.447483454533387,True,False,False,oversmoothed challenge candidate; shown for diagnosis but not eligible for safe replacement
nls,4,0.03,0.01,physics_filtered_s0.4,physics_informed,False,physics_filtered_s1.3,13.533639680184127,14.674689268626546,0.9222436967791321,0.05814241862389298,0.059128034506006365,0.9833308194440897,0.00030813867682386443,89.93109018322149,True,False,False,physics-filtered candidate selected by residual-calibrated certificate
nls,4,0.03,0.01,physics_filtered_s0.8,physics_informed,True,physics_filtered_s1.3,8.062882342232836,14.674689268626546,0.5494414358381109,0.05536556575010268,0.059128034506006365,0.9363674306397273,0.002887008307362258,53.48269344844904,True,False,False,physics-filtered candidate selected by residual-calibrated certificate
nls,4,0.03,0.01,physics_filtered_s1.3,physics_informed,True,physics_filtered_s1.3,5.585931733258792,14.674689268626546,0.38065076752260374,0.05580900594408575,0.059128034506006365,0.9438670912944463,0.006217648629818768,36.967652796587664,True,False,False,physics-filtered candidate selected by residual-calibrated certificate
nls,4,0.03,0.01,physics_filtered_s2,physics_informed,False,physics_filtered_s1.3,4.267635634897453,14.674689268626546,0.2908160818110859,0.06064531906046326,0.059128034506006365,1.025661001014284,0.013749364632902198,28.141351265281905,True,False,False,physics-filtered candidate selected by residual-calibrated certificate
nls,5,0.03,0.01,data_only_lowrank,data_only,True,physics_filtered_s1.3,10.026849099559259,10.086098055966099,0.9941256811029328,0.05900186587805009,0.05923802895260817,0.9960133198263057,0.0,66.61309556229332,True,False,False,data-driven candidate without PDE residual selection
nls,5,0.03,0.01,risky_sensor_overfit,risky,False,physics_filtered_s1.3,107.91194923457994,10.086098055966099,10.699077942310652,0.20347927617846168,0.05923802895260817,3.4349433931675035,0.0,717.9451659880182,True,False,False,fits observed points but injects high-frequency nonphysical structure
nls,5,0.03,0.01,underfit_oversmooth,underfit,False,physics_filtered_s1.3,3.0651734591489412,10.086098055966099,0.303900818943113,0.07353900592245535,0.05923802895260817,1.2414154761976786,0.039417839529785476,20.0006934276615,True,False,False,oversmoothed challenge candidate; shown for diagnosis but not eligible for safe replacement
nls,5,0.03,0.01,physics_filtered_s0.4,physics_informed,False,physics_filtered_s1.3,9.37333984308895,10.086098055966099,0.9293326111918503,0.05836866445914704,0.05923802895260817,0.9853242163890705,0.0002722179556785588,62.259609316812075,True,False,False,physics-filtered candidate selected by residual-calibrated certificate
nls,5,0.03,0.01,physics_filtered_s0.8,physics_informed,True,physics_filtered_s1.3,6.152799418057187,10.086098055966099,0.6100277217131646,0.05568152060866632,0.05923802895260817,0.939962412528494,0.0025546355151507202,40.799322147472616,True,False,False,physics-filtered candidate selected by residual-calibrated certificate
nls,5,0.03,0.01,physics_filtered_s1.3,physics_informed,True,physics_filtered_s1.3,4.487273355850542,10.086098055966099,0.44489686010892965,0.055452253556186305,0.05923802895260817,0.9360921444502033,0.005683305715764777,29.688394777172725,True,False,False,physics-filtered candidate selected by residual-calibrated certificate
nls,5,0.03,0.01,physics_filtered_s2,physics_informed,False,physics_filtered_s1.3,3.6029085511131607,10.086098055966099,0.3572153008151276,0.05946659976050204,0.05923802895260817,1.003858514723251,0.012875924036397897,23.75480869149701,True,False,False,physics-filtered candidate selected by residual-calibrated certificate
nls,1,0.03,0.03,data_only_lowrank,data_only,True,physics_filtered_s1.3,9.562016819205123,9.598748458856026,0.9961732886522295,0.056117013925187045,0.056243558091193524,0.9977500682513889,0.0,63.343760161847996,False,False,False,data-driven candidate without PDE residual selection
nls,1,0.03,0.03,risky_sensor_overfit,risky,False,physics_filtered_s1.3,107.10281327468047,9.598748458856026,11.157997704987654,0.20060384998441405,0.056243558091193524,3.566699134780689,0.0,712.284503429042,False,False,False,fits observed points but injects high-frequency nonphysical structure
nls,1,0.03,0.03,underfit_oversmooth,underfit,False,physics_filtered_s1.3,2.7973794610426492,9.598748458856026,0.291431687478114,0.0735181365194524,0.056243558091193524,1.3071387908805958,0.04187249996137869,18.029988772705625,False,False,False,oversmoothed challenge candidate; shown for diagnosis but not eligible for safe replacement
nls,1,0.03,0.03,physics_filtered_s0.4,physics_informed,False,physics_filtered_s1.3,8.99710665660796,9.598748458856026,0.9373208075169513,0.055629287839611415,0.056243558091193524,0.9890783891805848,0.00032294109268477493,59.58001008330034,False,False,False,physics-filtered candidate selected by residual-calibrated certificate
nls,1,0.03,0.03,physics_filtered_s0.8,physics_informed,True,physics_filtered_s1.3,6.18538239045187,9.598748458856026,0.6443946746770356,0.053809020951426645,0.056243558091193524,0.9567143825293516,0.0029585719504192374,40.8379393070794,False,False,False,physics-filtered candidate selected by residual-calibrated certificate
nls,1,0.03,0.03,physics_filtered_s1.3,physics_informed,True,physics_filtered_s1.3,4.402012255165181,9.598748458856026,0.45860273076573066,0.05406252793553724,0.056243558091193524,0.9612216895474291,0.006360643568372403,28.939821363010758,False,False,False,physics-filtered candidate selected by residual-calibrated certificate
nls,1,0.03,0.03,physics_filtered_s2,physics_informed,False,physics_filtered_s1.3,3.365391420475302,9.598748458856026,0.35060731457859634,0.05855085769859901,0.056243558091193524,1.0410233577794528,0.014013122911597873,21.991128014471734,False,False,False,physics-filtered candidate selected by residual-calibrated certificate
nls,2,0.03,0.03,data_only_lowrank,data_only,True,physics_filtered_s1.3,12.032056559317473,12.055043405637825,0.9980931759805527,0.09016778522281366,0.0903676074018448,0.9977887853206031,0.0,79.75331054070804,True,False,False,data-driven candidate without PDE residual selection
nls,2,0.03,0.03,risky_sensor_overfit,risky,False,physics_filtered_s1.3,106.71601351475238,12.055043405637825,8.85239562595314,0.21110024465425573,0.0903676074018448,2.33601675114849,0.0,709.8483628087816,True,False,False,fits observed points but injects high-frequency nonphysical structure
nls,2,0.03,0.03,underfit_oversmooth,underfit,False,physics_filtered_s1.3,3.3711983229323907,12.055043405637825,0.27965045081094364,0.09573100961290723,0.0903676074018448,1.0593509374011996,0.04583024392322774,21.78654520432282,True,False,False,oversmoothed challenge candidate; shown for diagnosis but not eligible for safe replacement
nls,2,0.03,0.03,physics_filtered_s0.4,physics_informed,False,physics_filtered_s1.3,11.348436719095242,12.055043405637825,0.941384973677236,0.08947581080083085,0.0903676074018448,0.9901314571930796,0.0003558511356185489,75.19829317813354,True,False,False,physics-filtered candidate selected by residual-calibrated certificate
nls,2,0.03,0.03,physics_filtered_s0.8,physics_informed,True,physics_filtered_s1.3,7.96518440627747,12.055043405637825,0.6607346102587821,0.08617608674881509,0.0903676074018448,0.9536170008867828,0.0032751409831393535,52.645411554670815,True,False,False,physics-filtered candidate selected by residual-calibrated certificate
nls,2,0.03,0.03,physics_filtered_s1.3,physics_informed,True,physics_filtered_s1.3,5.764906569032343,12.055043405637825,0.47821533071674965,0.08429608102616647,0.0903676074018448,0.9328130228167665,0.007162021853301459,37.96596159707658,True,False,False,physics-filtered candidate selected by residual-calibrated certificate
nls,2,0.03,0.03,physics_filtered_s2,physics_informed,False,physics_filtered_s1.3,4.284401603414998,12.055043405637825,0.35540324984735777,0.08546319589828145,0.0903676074018448,0.9457282133995178,0.015865865739087253,28.055521213019862,True,False,False,physics-filtered candidate selected by residual-calibrated certificate
nls,3,0.03,0.03,data_only_lowrank,data_only,False,physics_filtered_s1.3,8.805884887353423,8.769251737232455,1.0041774544987034,0.05972574501879947,0.05982029878755977,0.9984193698180194,0.0,58.23571897539089,True,False,False,data-driven candidate without PDE residual selection
nls,3,0.03,0.03,risky_sensor_overfit,risky,False,physics_filtered_s1.3,107.82969997740231,8.769251737232455,12.296339894037606,0.20320829183454633,0.05982029878755977,3.39697888425473,0.0,717.2311474607559,True,False,False,fits observed points but injects high-frequency nonphysical structure
nls,3,0.03,0.03,underfit_oversmooth,underfit,False,physics_filtered_s1.3,2.6047574057697687,8.769251737232455,0.2970330290223284,0.07203624568660179,0.05982029878755977,1.2042107302275502,0.03977616951163956,16.724011364800052,True,False,False,oversmoothed challenge candidate; shown for diagnosis but not eligible for safe replacement
nls,3,0.03,0.03,physics_filtered_s0.4,physics_informed,False,physics_filtered_s1.3,8.314244751985065,8.769251737232455,0.9481133625898237,0.05926271653994901,0.05982029878755977,0.9906790460779612,0.00031193398984787513,54.9637170791643,True,False,False,physics-filtered candidate selected by residual-calibrated certificate
nls,3,0.03,0.03,physics_filtered_s0.8,physics_informed,True,physics_filtered_s1.3,5.83995325933329,8.769251737232455,0.6659579898404984,0.057271761030956624,0.05982029878755977,0.9573967731821069,0.002849179518502475,38.490776072908254,True,False,False,physics-filtered candidate selected by residual-calibrated certificate
nls,3,0.03,0.03,physics_filtered_s1.3,physics_informed,True,physics_filtered_s1.3,4.090505127442764,8.769251737232455,0.46645999567726476,0.05662186686234559,0.05982029878755977,0.946532665483345,0.006084607690950507,26.82806007105149,True,False,False,physics-filtered candidate selected by residual-calibrated certificate
nls,3,0.03,0.03,physics_filtered_s2,physics_informed,False,physics_filtered_s1.3,3.082850138533993,8.769251737232455,0.3515522453808103,0.059345617257889706,0.05982029878755977,0.9920648752967974,0.013307461433238955,20.076985664502203,True,False,False,physics-filtered candidate selected by residual-calibrated certificate
nls,4,0.03,0.03,data_only_lowrank,data_only,False,physics_filtered_s1.3,9.635579866270026,9.59944641589728,1.0037641181383026,0.06465137410037149,0.06497432883499898,0.9950295025525747,0.0,63.85427262103509,False,False,False,data-driven candidate without PDE residual selection
nls,4,0.03,0.03,risky_sensor_overfit,risky,False,physics_filtered_s1.3,106.90543418096826,9.59944641589728,11.136624920778253,0.20380221772444748,0.06497432883499898,3.136657528835157,0.0,711.0282899216368,False,False,False,fits observed points but injects high-frequency nonphysical structure
nls,4,0.03,0.03,underfit_oversmooth,underfit,False,physics_filtered_s1.3,3.038042960614496,9.59944641589728,0.3164810582809225,0.0806535124839756,0.06497432883499898,1.2413135145659184,0.04373441396930896,19.630412742135718,False,False,False,oversmoothed challenge candidate; shown for diagnosis but not eligible for safe replacement
nls,4,0.03,0.03,physics_filtered_s0.4,physics_informed,False,physics_filtered_s1.3,9.109107640359476,9.59944641589728,0.9489200986916577,0.06416261353198445,0.06497432883499898,0.9875071383028307,0.00032833868815077216,60.34600163923028,False,False,False,physics-filtered candidate selected by residual-calibrated certificate
nls,4,0.03,0.03,physics_filtered_s0.8,physics_informed,True,physics_filtered_s1.3,6.483722458440967,9.59944641589728,0.6754267045756769,0.062160596106752314,0.06497432883499898,0.9566947011280595,0.0030235011540213053,42.842973498414366,False,False,False,physics-filtered candidate selected by residual-calibrated certificate
nls,4,0.03,0.03,physics_filtered_s1.3,physics_informed,True,physics_filtered_s1.3,4.729047330468303,9.59944641589728,0.49263750487071983,0.0620900830576341,0.06497432883499898,0.95560945638015,0.006591616679324036,31.133758927531762,False,False,False,physics-filtered candidate selected by residual-calibrated certificate
nls,4,0.03,0.03,physics_filtered_s2,physics_informed,False,physics_filtered_s1.3,3.6615549870159683,9.59944641589728,0.38143397320827005,0.06618391562768908,0.06497432883499898,1.018616379935885,0.014675962946811621,23.973899058305626,False,False,False,physics-filtered candidate selected by residual-calibrated certificate
nls,5,0.03,0.03,data_only_lowrank,data_only,True,physics_filtered_s1.3,9.176315217148469,9.231518953978357,0.9940200808657721,0.05688226933508502,0.05697401507380394,0.9983896915181691,0.0,60.79812448060685,True,False,False,data-driven candidate without PDE residual selection
nls,5,0.03,0.03,risky_sensor_overfit,risky,False,physics_filtered_s1.3,107.7448748075078,9.231518953978357,11.671413485108328,0.20442884596867236,0.05697401507380394,3.5881067132142235,0.0,716.7540316102243,True,False,False,fits observed points but injects high-frequency nonphysical structure
nls,5,0.03,0.03,underfit_oversmooth,underfit,False,physics_filtered_s1.3,2.7860137163821275,9.231518953978357,0.301793640924193,0.07072249832708305,0.05697401507380394,1.2413114686445754,0.040014667735989835,17.97969726837278,True,False,False,oversmoothed challenge candidate; shown for diagnosis but not eligible for safe replacement
nls,5,0.03,0.03,physics_filtered_s0.4,physics_informed,False,physics_filtered_s1.3,8.640301020596588,9.231518953978357,0.9359565921567092,0.05637347458605846,0.05697401507380394,0.9894593967450425,0.0003095776518047554,57.22626622341774,True,False,False,physics-filtered candidate selected by residual-calibrated certificate
nls,5,0.03,0.03,physics_filtered_s0.8,physics_informed,True,physics_filtered_s1.3,6.035281322450905,9.231518953978357,0.653769044134316,0.054260003535022194,0.05697401507380394,0.952364046377662,0.0028378789430708582,39.8589021600217,True,False,False,physics-filtered candidate selected by residual-calibrated certificate
nls,5,0.03,0.03,physics_filtered_s1.3,physics_informed,True,physics_filtered_s1.3,4.386830658570982,9.231518953978357,0.47520139214792884,0.053857138626246165,0.05697401507380394,0.945293017448999,0.0060657883666441655,28.856603165612608,True,False,False,physics-filtered candidate selected by residual-calibrated certificate
nls,5,0.03,0.03,physics_filtered_s2,physics_informed,False,physics_filtered_s1.3,3.374086523002252,9.231518953978357,0.3654963543727342,0.05730343676074428,0.05697401507380394,1.0057819636812997,0.013354985256015826,22.066755507276277,True,False,False,physics-filtered candidate selected by residual-calibrated certificate
nls,1,0.03,0.05,data_only_lowrank,data_only,False,physics_filtered_s1.3,11.23158554895349,11.120614736416172,1.009978837965937,0.07502377327137355,0.07493943956888001,1.0011253580488135,0.0,74.2334003755297,True,False,False,data-driven candidate without PDE residual selection
nls,1,0.03,0.05,risky_sensor_overfit,risky,False,physics_filtered_s1.3,106.93887316572398,11.120614736416172,9.616273533469915,0.20753611358295168,0.07493943956888001,2.7693843825643647,0.0,711.0965023609782,True,False,False,fits observed points but injects high-frequency nonphysical structure
nls,1,0.03,0.05,underfit_oversmooth,underfit,False,physics_filtered_s1.3,3.0483108716672582,11.120614736416172,0.2741135219516974,0.08226754778295295,0.07493943956888001,1.0977870698677907,0.04569910660920301,19.462153577992943,True,False,False,oversmoothed challenge candidate; shown for diagnosis but not eligible for safe replacement
nls,1,0.03,0.05,physics_filtered_s0.4,physics_informed,False,physics_filtered_s1.3,10.672052276008131,11.120614736416172,0.95966387910732,0.07441249424654993,0.07493943956888001,0.9929683845201602,0.0004259314801517252,70.50498564298859,True,False,False,physics-filtered candidate selected by residual-calibrated certificate
nls,1,0.03,0.05,physics_filtered_s0.8,physics_informed,True,physics_filtered_s1.3,7.7907962428783595,11.120614736416172,0.700572443838513,0.07165702236767267,0.07493943956888001,0.956199069261166,0.003832139854311406,51.29599342182523,True,False,False,physics-filtered candidate selected by residual-calibrated certificate
nls,1,0.03,0.05,physics_filtered_s1.3,physics_informed,True,physics_filtered_s1.3,5.546786521981623,11.120614736416172,0.4987841637762447,0.07002023404623232,0.07493943956888001,0.9343575885824367,0.007853359246340851,36.32607026787643,True,False,False,physics-filtered candidate selected by residual-calibrated certificate
nls,1,0.03,0.05,physics_filtered_s2,physics_informed,False,physics_filtered_s1.3,4.0058785612513805,11.120614736416172,0.3602209640563441,0.07129691982482764,0.07493943956888001,0.9513938219186203,0.016290637569558186,26.017732835024244,True,False,False,physics-filtered candidate selected by residual-calibrated certificate
nls,2,0.03,0.05,data_only_lowrank,data_only,False,physics_filtered_s1.3,12.214715501225173,12.152226503027112,1.005142185111633,0.065094921100203,0.06515288798013504,0.9991102945283281,0.0,80.68504343399769,True,False,False,data-driven candidate without PDE residual selection
nls,2,0.03,0.05,risky_sensor_overfit,risky,False,physics_filtered_s1.3,107.52301614011614,12.152226503027112,8.848009548976345,0.20504834079616877,0.06515288798013504,3.1471872874697486,0.0,714.9984572364949,True,False,False,fits observed points but injects high-frequency nonphysical structure
nls,2,0.03,0.05,underfit_oversmooth,underfit,False,physics_filtered_s1.3,3.0502573257226606,12.152226503027112,0.25100398885443687,0.07494337483177764,0.06515288798013504,1.150269422492483,0.04900127682853534,19.364052158356063,True,False,False,oversmoothed challenge candidate; shown for diagnosis but not eligible for safe replacement
nls,2,0.03,0.05,physics_filtered_s0.4,physics_informed,False,physics_filtered_s1.3,11.482382786899105,12.152226503027112,0.9448789309545791,0.06433507825254756,0.06515288798013504,0.9874478360986196,0.0004582431635380652,75.8052121557364,True,False,False,physics-filtered candidate selected by residual-calibrated certificate
nls,2,0.03,0.05,physics_filtered_s0.8,physics_informed,True,physics_filtered_s1.3,7.885238170474436,12.152226503027112,0.6488718893208235,0.06109388614177542,0.06515288798013504,0.9377003542723248,0.004109599651207683,51.82641647696169,True,False,False,physics-filtered candidate selected by residual-calibrated certificate
nls,2,0.03,0.05,physics_filtered_s1.3,physics_informed,True,physics_filtered_s1.3,5.560491827101909,12.152226503027112,0.4575697980708585,0.05974443335231549,0.06515288798013504,0.916988259516822,0.008329302108076484,36.319545950599306,True,False,False,physics-filtered candidate selected by residual-calibrated certificate
nls,2,0.03,0.05,physics_filtered_s2,physics_informed,False,physics_filtered_s1.3,4.042366388735431,12.152226503027112,0.33264409511525705,0.06214660676801179,0.06515288798013504,0.9538580513270001,0.01728433283757896,26.16338417756795,True,False,False,physics-filtered candidate selected by residual-calibrated certificate
nls,3,0.03,0.05,data_only_lowrank,data_only,False,physics_filtered_s1.3,12.676903268099558,12.595824399799596,1.0064369640069168,0.0746116532891357,0.07454345241737291,1.0009149143023321,0.0,83.80842452399605,True,False,False,data-driven candidate without PDE residual selection
nls,3,0.03,0.05,risky_sensor_overfit,risky,False,physics_filtered_s1.3,107.200767137774,12.595824399799596,8.510817850038547,0.20704803895334772,0.07454345241737291,2.7775482921195644,0.0,712.7627917229673,True,False,False,fits observed points but injects high-frequency nonphysical structure
nls,3,0.03,0.05,underfit_oversmooth,underfit,False,physics_filtered_s1.3,3.5169130065609253,12.595824399799596,0.279212610062792,0.08199199827279313,0.07454345241737291,1.0999222012500236,0.047195705332241024,22.52809244875876,True,False,False,oversmoothed challenge candidate; shown for diagnosis but not eligible for safe replacement
nls,3,0.03,0.05,physics_filtered_s0.4,physics_informed,False,physics_filtered_s1.3,11.908503140977325,12.595824399799596,0.945432610283599,0.07382548554753803,0.07454345241737291,0.9903684784170537,0.00043637203180198246,78.68931915096843,True,False,False,physics-filtered candidate selected by residual-calibrated certificate
nls,3,0.03,0.05,physics_filtered_s0.8,physics_informed,True,physics_filtered_s1.3,8.174376137603636,12.595824399799596,0.6489750792122065,0.07045723695024532,0.07454345241737291,0.9451834421996739,0.003925944987190255,53.803401856954224,True,False,False,physics-filtered candidate selected by residual-calibrated certificate
nls,3,0.03,0.05,physics_filtered_s1.3,physics_informed,True,physics_filtered_s1.3,5.940848849174164,12.595824399799596,0.4716522444746223,0.0690020866492002,0.07454345241737291,0.9256626089965357,0.008013706771813216,38.90948397524941,True,False,False,physics-filtered candidate selected by residual-calibrated certificate
nls,3,0.03,0.05,physics_filtered_s2,physics_informed,False,physics_filtered_s1.3,4.530193049039827,12.595824399799596,0.35965832050751234,0.07082856790262435,0.07454345241737291,0.950164844862579,0.016717469731184834,29.468281201434653,True,False,False,physics-filtered candidate selected by residual-calibrated certificate
nls,4,0.03,0.05,data_only_lowrank,data_only,False,physics_filtered_s1.3,18.11236075733531,17.993731752251204,1.006592796131256,0.08159189526941722,0.081608327829165,0.9997986411291018,0.0,119.87146130109845,True,False,False,data-driven candidate without PDE residual selection
nls,4,0.03,0.05,risky_sensor_overfit,risky,False,physics_filtered_s1.3,107.85004512654119,17.993731752251204,5.993756415371816,0.21307113704339734,0.081608327829165,2.6108994352490527,0.0,717.0270975991236,True,False,False,fits observed points but injects high-frequency nonphysical structure
nls,4,0.03,0.05,underfit_oversmooth,underfit,False,physics_filtered_s1.3,4.218497983524501,17.993731752251204,0.234442640448749,0.08966657717676067,0.081608327829165,1.098742978331399,0.051624068233553276,27.100805592164125,True,False,False,oversmoothed challenge candidate; shown for diagnosis but not eligible for safe replacement
nls,4,0.03,0.05,physics_filtered_s0.4,physics_informed,False,physics_filtered_s1.3,16.807298806670385,17.993731752251204,0.9340640973247077,0.08073042936602763,0.081608327829165,0.989242538261973,0.0004782377107361763,111.1822324558759,True,False,False,physics-filtered candidate selected by residual-calibrated certificate
nls,4,0.03,0.05,physics_filtered_s0.8,physics_informed,True,physics_filtered_s1.3,10.465993879079749,17.993731752251204,0.5816466546896123,0.07765344702389669,0.081608327829165,0.9515382692989518,0.004306012875253478,68.95392015122889,True,False,False,physics-filtered candidate selected by residual-calibrated certificate
nls,4,0.03,0.05,physics_filtered_s1.3,physics_informed,True,physics_filtered_s1.3,7.386385833091014,17.993731752251204,0.4104977185828331,0.0765476478063174,0.081608327829165,0.9379881911760356,0.008733388973638265,48.43643816190359,True,False,False,physics-filtered candidate selected by residual-calibrated certificate
nls,4,0.03,0.05,physics_filtered_s2,physics_informed,False,physics_filtered_s1.3,5.558901053786009,17.993731752251204,0.30893541875160074,0.07847902525528168,0.081608327829165,0.9616546171440283,0.018178287575532942,36.22598409624373,True,False,False,physics-filtered candidate selected by residual-calibrated certificate
nls,5,0.03,0.05,data_only_lowrank,data_only,False,physics_filtered_s1.3,13.847061816996778,13.751355806154173,1.006959750892255,0.08622691774719833,0.08609509939491897,1.0015310784493456,0.0,91.5835110625277,True,False,False,data-driven candidate without PDE residual selection
nls,5,0.03,0.05,risky_sensor_overfit,risky,False,physics_filtered_s1.3,107.32393013197844,13.751355806154173,7.804607170730011,0.21029527941986198,0.08609509939491897,2.44259291057663,0.0,713.7676279682931,True,False,False,fits observed points but injects high-frequency nonphysical structure
nls,5,0.03,0.05,underfit_oversmooth,underfit,False,physics_filtered_s1.3,3.5976187028042284,13.751355806154173,0.26161919984601933,0.0971229871458747,0.08609509939491897,1.1280896105275704,0.046975311187989095,23.065095189618628,True,False,False,oversmoothed challenge candidate; shown for diagnosis but not eligible for safe replacement
nls,5,0.03,0.05,physics_filtered_s0.4,physics_informed,False,physics_filtered_s1.3,12.946977188362892,13.751355806154173,0.9415055046839645,0.08534719359877056,0.08609509939491897,0.991313027078242,0.00047852303376634374,85.58865281791188,True,False,False,physics-filtered candidate selected by residual-calibrated certificate
nls,5,0.03,0.05,physics_filtered_s0.8,physics_informed,True,physics_filtered_s1.3,8.588048349270814,13.751355806154173,0.6245237538997255,0.08177025935146706,0.08609509939491897,0.949766710593322,0.004298286229982943,56.54649781759699,True,False,False,physics-filtered candidate selected by residual-calibrated certificate
nls,5,0.03,0.05,physics_filtered_s1.3,physics_informed,True,physics_filtered_s1.3,6.153347290599031,13.751355806154173,0.44747204401799884,0.08113082507646406,0.08609509939491897,0.9423396412306108,0.008630370723845222,40.312256700183156,True,False,False,physics-filtered candidate selected by residual-calibrated certificate
nls,5,0.03,0.05,physics_filtered_s2,physics_informed,False,physics_filtered_s1.3,4.675314296472515,13.751355806154173,0.3399893335884613,0.08437217709381763,0.08609509939491897,0.9799881489865262,0.017377200950659397,30.424945433949073,True,False,False,physics-filtered candidate selected by residual-calibrated certificate
nls,1,0.05,0.0,data_only_lowrank,data_only,True,physics_filtered_s1.3,7.609496421233207,7.642454488204879,0.9956875023562738,0.04585467094637134,0.04612023735730435,0.9942418680574031,0.0,50.692671684985946,False,False,False,data-driven candidate without PDE residual selection
nls,1,0.05,0.0,risky_sensor_overfit,risky,False,physics_filtered_s1.3,106.7583017510536,7.642454488204879,13.969111875747116,0.2011740965261311,0.04612023735730435,4.3619484211069,0.0,710.4061641997853,False,False,False,fits observed points but injects high-frequency nonphysical structure
nls,1,0.05,0.0,underfit_oversmooth,underfit,False,physics_filtered_s1.3,2.6251819738477478,7.642454488204879,0.34349985046021886,0.0651951120737249,0.04612023735730435,1.4135901245960514,0.034873497587452076,17.24111377478525,False,False,False,oversmoothed challenge candidate; shown for diagnosis but not eligible for safe replacement
nls,1,0.05,0.0,physics_filtered_s0.4,physics_informed,False,physics_filtered_s1.3,7.1584017163785,7.642454488204879,0.9366626556200777,0.04543414105624297,0.04612023735730435,0.9851237473751241,0.00021239457401563299,47.68487914055381,False,False,False,physics-filtered candidate selected by residual-calibrated certificate
nls,1,0.05,0.0,physics_filtered_s0.8,physics_informed,True,physics_filtered_s1.3,4.871190657551096,7.642454488204879,0.6373856285396922,0.04381354112061583,0.04612023735730435,0.9499851611827583,0.001990147523855361,32.42958619580751,False,False,False,physics-filtered candidate selected by residual-calibrated certificate
nls,1,0.05,0.0,physics_filtered_s1.3,physics_informed,True,physics_filtered_s1.3,3.5162338239889475,7.642454488204879,0.4600922163704515,0.044214405718201746,0.04612023735730435,0.9586768900321057,0.004602015506010607,23.38143006805849,False,False,False,physics-filtered candidate selected by residual-calibrated certificate
nls,1,0.05,0.0,physics_filtered_s2,physics_informed,False,physics_filtered_s1.3,2.904738952203584,7.642454488204879,0.3800793261754173,0.04921548166520408,0.04612023735730435,1.067112497337189,0.010922155006406722,19.26393859993176,False,False,False,physics-filtered candidate selected by residual-calibrated certificate
nls,2,0.05,0.0,data_only_lowrank,data_only,True,physics_filtered_s1.3,6.240443425903434,6.277190113010459,0.9941459974213852,0.03430824485062828,0.0345782371849302,0.9921918421158907,0.0,41.566184171009674,False,False,False,data-driven candidate without PDE residual selection
nls,2,0.05,0.0,risky_sensor_overfit,risky,False,physics_filtered_s1.3,106.01718704096619,6.277190113010459,16.88927452128813,0.19821890493028077,0.0345782371849302,5.732475714838799,0.0,705.2790724518084,False,False,False,fits observed points but injects high-frequency nonphysical structure
nls,2,0.05,0.0,underfit_oversmooth,underfit,False,physics_filtered_s1.3,2.4093164121367003,6.277190113010459,0.38382084479847617,0.060135591487934834,0.0345782371849302,1.7391167503589182,0.035255614086367716,15.79671272528681,False,False,False,oversmoothed challenge candidate; shown for diagnosis but not eligible for safe replacement
nls,2,0.05,0.0,physics_filtered_s0.4,physics_informed,False,physics_filtered_s1.3,5.863600741375506,6.277190113010459,0.9341123394082556,0.03399443169358853,0.0345782371849302,0.9831163893866973,0.0002047756811312513,39.05274617510385,False,False,False,physics-filtered candidate selected by residual-calibrated certificate
nls,2,0.05,0.0,physics_filtered_s0.8,physics_informed,True,physics_filtered_s1.3,3.97758613608536,6.277190113010459,0.6336571084314551,0.033117899231291804,0.0345782371849302,0.9577671369773413,0.0019426917590751453,26.468794062251536,False,False,False,physics-filtered candidate selected by residual-calibrated certificate
nls,2,0.05,0.0,physics_filtered_s1.3,physics_informed,True,physics_filtered_s1.3,2.9050874287264716,6.277190113010459,0.46280061244357734,0.03466361930054628,0.0345782371849302,1.0024692442867165,0.004489301329392389,19.302901158863595,False,False,False,physics-filtered candidate selected by residual-calibrated certificate
nls,2,0.05,0.0,physics_filtered_s2,physics_informed,False,physics_filtered_s1.3,2.5344970732838066,6.277190113010459,0.40376299389598874,0.041583110747436806,0.0345782371849302,1.2025804127561734,0.010759641453384455,16.79186792061002,False,False,False,physics-filtered candidate selected by residual-calibrated certificate
nls,3,0.05,0.0,data_only_lowrank,data_only,False,physics_filtered_s1.3,7.902984078115896,7.860915203097315,1.0053516510394362,0.04247519700045059,0.0427362415217858,0.9938917295243188,0.0,52.65547235397035,False,False,False,data-driven candidate without PDE residual selection
nls,3,0.05,0.0,risky_sensor_overfit,risky,False,physics_filtered_s1.3,106.70361834002807,7.860915203097315,13.573943438287149,0.19891112060126645,0.0427362415217858,4.6543896588382125,0.0,709.9501588303973,False,False,False,fits observed points but injects high-frequency nonphysical structure
nls,3,0.05,0.0,underfit_oversmooth,underfit,False,physics_filtered_s1.3,2.589500154653898,7.860915203097315,0.32941458949121694,0.06384894293099325,0.0427362415217858,1.4940233547901194,0.03454399750478684,17.00816553654382,False,False,False,oversmoothed challenge candidate; shown for diagnosis but not eligible for safe replacement
nls,3,0.05,0.0,physics_filtered_s0.4,physics_informed,False,physics_filtered_s1.3,7.387029053571828,7.860915203097315,0.9397161606145161,0.041953541050199564,0.0427362415217858,0.9816853226980916,0.000218071971175612,49.21517438552639,False,False,False,physics-filtered candidate selected by residual-calibrated certificate
nls,3,0.05,0.0,physics_filtered_s0.8,physics_informed,True,physics_filtered_s1.3,4.835678575463217,7.860915203097315,0.6151546544551548,0.04002100032320713,0.0427362415217858,0.9364651381864972,0.0020501261498420704,32.198211686688374,False,False,False,physics-filtered candidate selected by residual-calibrated certificate
nls,3,0.05,0.0,physics_filtered_s1.3,physics_informed,True,physics_filtered_s1.3,3.4876955735031063,7.860915203097315,0.4436755114885936,0.04090719364538066,0.0427362415217858,0.9572014802370971,0.004651430429508125,23.196081763102818,False,False,False,physics-filtered candidate selected by residual-calibrated certificate
nls,3,0.05,0.0,physics_filtered_s2,physics_informed,False,physics_filtered_s1.3,2.8941782300789796,7.860915203097315,0.3681731904369434,0.04692452586163818,0.0427362415217858,1.0980031043820102,0.010893581488956682,19.198193681592993,False,False,False,physics-filtered candidate selected by residual-calibrated certificate
nls,4,0.05,0.0,data_only_lowrank,data_only,True,physics_filtered_s1.3,5.585975284351823,5.626377720665484,0.9928191034586503,0.035114034081505985,0.035345616669010545,0.9934480535262228,0.0,37.18623769656436,False,False,False,data-driven candidate without PDE residual selection
nls,4,0.05,0.0,risky_sensor_overfit,risky,False,physics_filtered_s1.3,106.45164852327902,5.626377720665484,18.920103449910055,0.20055276328649319,0.035345616669010545,5.67404906692871,0.0,708.2978993401158,False,False,False,fits observed points but injects high-frequency nonphysical structure
nls,4,0.05,0.0,underfit_oversmooth,underfit,False,physics_filtered_s1.3,2.3052302025479867,5.626377720665484,0.40971835113034605,0.05935088652852114,0.035345616669010545,1.6791583262678844,0.02983374114588557,15.133586608983773,False,False,False,oversmoothed challenge candidate; shown for diagnosis but not eligible for safe replacement
nls,4,0.05,0.0,physics_filtered_s0.4,physics_informed,False,physics_filtered_s1.3,5.25875971752917,5.626377720665484,0.9346616915201051,0.03492246496041101,0.035345616669010545,0.9880281701250225,0.00018157331659196145,35.00525687921804,False,False,False,physics-filtered candidate selected by residual-calibrated certificate
nls,4,0.05,0.0,physics_filtered_s0.8,physics_informed,True,physics_filtered_s1.3,3.6084567897582134,5.626377720665484,0.6413463455366388,0.03458460454108631,0.035345616669010545,0.9784694058098038,0.001702261567523715,24.0017103074193,False,False,False,physics-filtered candidate selected by residual-calibrated certificate
nls,4,0.05,0.0,physics_filtered_s1.3,physics_informed,True,physics_filtered_s1.3,2.6574601100241724,5.626377720665484,0.47232166803571396,0.03625772364822508,0.035345616669010545,1.025805377417235,0.0038680378545276166,17.65160133364166,False,False,True,physics-filtered candidate selected by residual-calibrated certificate
nls,4,0.05,0.0,physics_filtered_s2,physics_informed,False,physics_filtered_s1.3,2.365278610033048,5.626377720665484,0.4203910095379917,0.04263722286511273,0.035345616669010545,1.2062944965192486,0.009126733664459872,15.67108577266651,False,False,False,physics-filtered candidate selected by residual-calibrated certificate
nls,5,0.05,0.0,data_only_lowrank,data_only,True,physics_filtered_s1.3,12.788502713116971,12.808266560400531,0.9984569459738086,0.058771510969125064,0.058926957519681224,0.997362046878093,0.0,85.21750264536425,True,False,False,data-driven candidate without PDE residual selection
nls,5,0.05,0.0,risky_sensor_overfit,risky,False,physics_filtered_s1.3,106.15800972864848,12.808266560400531,8.288241756058557,0.20683703347859875,0.058926957519681224,3.510057912051652,0.0,706.3503551383351,True,False,False,fits observed points but injects high-frequency nonphysical structure
nls,5,0.05,0.0,underfit_oversmooth,underfit,False,physics_filtered_s1.3,3.2606242756448163,12.808266560400531,0.2545718626535672,0.07063023797330756,0.058926957519681224,1.1986065621751965,0.037232386652345364,21.462549320329536,True,False,False,oversmoothed challenge candidate; shown for diagnosis but not eligible for safe replacement
nls,5,0.05,0.0,physics_filtered_s0.4,physics_informed,False,physics_filtered_s1.3,11.85123966894763,12.808266560400531,0.9252805298093437,0.057956959525290286,0.058926957519681224,0.9835389771302803,0.0002507898053794665,78.96872472026762,True,False,False,physics-filtered candidate selected by residual-calibrated certificate
nls,5,0.05,0.0,physics_filtered_s0.8,physics_informed,True,physics_filtered_s1.3,7.2182992693738965,12.808266560400531,0.5635656656061667,0.054786017070350225,0.058926957519681224,0.9297275708002118,0.002368127405507754,48.07489720239657,True,False,False,physics-filtered candidate selected by residual-calibrated certificate
nls,5,0.05,0.0,physics_filtered_s1.3,physics_informed,True,physics_filtered_s1.3,5.015384090631869,12.808266560400531,0.3915739937937894,0.05442613181453628,0.058926957519681224,0.9236202598010373,0.005309858041550191,33.37201198252405,True,False,False,physics-filtered candidate selected by residual-calibrated certificate
nls,5,0.05,0.0,physics_filtered_s2,physics_informed,False,physics_filtered_s1.3,3.916899780042232,12.808266560400531,0.3058102953721975,0.05799798888419113,0.058926957519681224,0.9842352519869355,0.01210955241111798,26.00459544953917,True,False,False,physics-filtered candidate selected by residual-calibrated certificate
nls,1,0.05,0.01,data_only_lowrank,data_only,False,physics_filtered_s1.3,14.629321758197802,14.61106307854426,1.0012496475824098,0.05531945414215048,0.05546162444516762,0.9974366004343214,0.0,97.18642594083232,True,False,False,data-driven candidate without PDE residual selection
nls,1,0.05,0.01,risky_sensor_overfit,risky,False,physics_filtered_s1.3,107.20128361477394,14.61106307854426,7.336994100873278,0.20549161801302882,0.05546162444516762,3.7051135819594303,0.0,713.0569500607996,True,False,False,fits observed points but injects high-frequency nonphysical structure
nls,1,0.05,0.01,underfit_oversmooth,underfit,False,physics_filtered_s1.3,3.708035617617371,14.61106307854426,0.25378273967362536,0.06619056188149045,0.05546162444516762,1.193447947882172,0.039932690050683166,24.2246765380484,True,False,False,oversmoothed challenge candidate; shown for diagnosis but not eligible for safe replacement
nls,1,0.05,0.01,physics_filtered_s0.4,physics_informed,False,physics_filtered_s1.3,13.50976520581727,14.61106307854426,0.9246257533207748,0.0541310153516086,0.05546162444516762,0.9760084723834489,0.0002867065483289942,89.73080023343198,True,False,False,physics-filtered candidate selected by residual-calibrated certificate
nls,1,0.05,0.01,physics_filtered_s0.8,physics_informed,True,physics_filtered_s1.3,8.006410624153359,14.61106307854426,0.5479690684458062,0.04911259195099997,0.05546162444516762,0.8855238634178454,0.002661852629947904,53.07724784281437,True,False,False,physics-filtered candidate selected by residual-calibrated certificate
nls,1,0.05,0.01,physics_filtered_s1.3,physics_informed,True,physics_filtered_s1.3,5.682839408648957,14.61106307854426,0.38894085790332267,0.0482297265128245,0.05546162444516762,0.8696053711812467,0.005683229822656267,37.59215577413823,True,False,False,physics-filtered candidate selected by residual-calibrated certificate
nls,1,0.05,0.01,physics_filtered_s2,physics_informed,False,physics_filtered_s1.3,4.573290477488491,14.61106307854426,0.31300189814414425,0.052095804669599774,0.05546162444516762,0.9393126362565383,0.012757676414204305,30.16426032476316,True,False,False,physics-filtered candidate selected by residual-calibrated certificate
nls,2,0.05,0.01,data_only_lowrank,data_only,False,physics_filtered_s1.3,6.149682618400832,6.131401900226261,1.002981490770144,0.04271550386284042,0.04293622126067209,0.9948594125811276,0.0,40.85398000029105,False,False,False,data-driven candidate without PDE residual selection
nls,2,0.05,0.01,risky_sensor_overfit,risky,False,physics_filtered_s1.3,105.85685761081658,6.131401900226261,17.264707049605242,0.201480834072242,0.04293622126067209,4.692560922963615,0.0,704.2050536575045,False,False,False,fits observed points but injects high-frequency nonphysical structure
nls,2,0.05,0.01,underfit_oversmooth,underfit,False,physics_filtered_s1.3,2.3802818706405033,6.131401900226261,0.38821168622991065,0.06102794836849044,0.04293622126067209,1.4213628161770329,0.03362925371773812,15.524194437915773,False,False,False,oversmoothed challenge candidate; shown for diagnosis but not eligible for safe replacement
nls,2,0.05,0.01,physics_filtered_s0.4,physics_informed,False,physics_filtered_s1.3,5.845789934136894,6.131401900226261,0.9534181626424161,0.042411498644151724,0.04293622126067209,0.9877790219515947,0.00021484819585132906,38.828767122553096,False,False,False,physics-filtered candidate selected by residual-calibrated certificate
nls,2,0.05,0.01,physics_filtered_s0.8,physics_informed,True,physics_filtered_s1.3,4.266980441326986,6.131401900226261,0.6959224840845664,0.04122885529068585,0.04293622126067209,0.9602348338811465,0.001997592422372511,28.301722851303435,False,False,False,physics-filtered candidate selected by residual-calibrated certificate
nls,2,0.05,0.01,physics_filtered_s1.3,physics_informed,True,physics_filtered_s1.3,3.116824956474799,6.131401900226261,0.5083380615384671,0.04152000125824192,0.04293622126067209,0.9670157279375121,0.004508135413405607,20.622647166804864,False,False,False,physics-filtered candidate selected by residual-calibrated certificate
nls,2,0.05,0.01,physics_filtered_s2,physics_informed,False,physics_filtered_s1.3,2.579639424954671,6.131401900226261,0.42072587426687136,0.04598798185146426,0.04293622126067209,1.071076599200321,0.010524456660387227,17.005204925024064,False,False,False,physics-filtered candidate selected by residual-calibrated certificate
nls,3,0.05,0.01,data_only_lowrank,data_only,False,physics_filtered_s1.3,5.836548535928525,5.805754013869494,1.0053041382711805,0.03940328661469514,0.0395875423779962,0.9953456124520925,0.0,38.7695580781558,False,False,False,data-driven candidate without PDE residual selection
nls,3,0.05,0.01,risky_sensor_overfit,risky,False,physics_filtered_s1.3,106.1158872809335,5.805754013869494,18.277709842238,0.20241467191350307,0.0395875423779962,5.113090122535553,0.0,705.8956356600567,False,False,False,fits observed points but injects high-frequency nonphysical structure
nls,3,0.05,0.01,underfit_oversmooth,underfit,False,physics_filtered_s1.3,2.357439344679848,5.805754013869494,0.40605222664406776,0.0622663730687786,0.0395875423779962,1.5728779643015935,0.03186237873695217,15.388307935308177,False,False,False,oversmoothed challenge candidate; shown for diagnosis but not eligible for safe replacement
nls,3,0.05,0.01,physics_filtered_s0.4,physics_informed,False,physics_filtered_s1.3,5.540338460495528,5.805754013869494,0.9542840511773555,0.039188701247947974,0.0395875423779962,0.989925084835278,0.00020500467835566196,36.79501996359151,False,False,False,physics-filtered candidate selected by residual-calibrated certificate
nls,3,0.05,0.01,physics_filtered_s0.8,physics_informed,True,physics_filtered_s1.3,4.000892053588565,5.805754013869494,0.6891253132719809,0.038576178244471765,0.0395875423779962,0.9744524647465606,0.0018937871514452217,26.528290732720055,False,False,False,physics-filtered candidate selected by residual-calibrated certificate
nls,3,0.05,0.01,physics_filtered_s1.3,physics_informed,True,physics_filtered_s1.3,2.888421296583794,5.805754013869494,0.4975101062985244,0.039777109556248746,0.0395875423779962,1.004788556345269,0.004248044411239747,19.101811105271622,False,False,False,physics-filtered candidate selected by residual-calibrated certificate
nls,3,0.05,0.01,physics_filtered_s2,physics_informed,False,physics_filtered_s1.3,2.4481637961037217,5.805754013869494,0.42167887069531834,0.04573267280258413,0.0395875423779962,1.1552288940989763,0.009913902940834617,16.13438176315833,False,False,False,physics-filtered candidate selected by residual-calibrated certificate
nls,4,0.05,0.01,data_only_lowrank,data_only,False,physics_filtered_s1.3,6.330437759421799,6.246222959702192,1.0134825157958514,0.03572876244865231,0.03601050399170441,0.9921761288287111,0.0,42.07095608236747,False,False,False,data-driven candidate without PDE residual selection
nls,4,0.05,0.01,risky_sensor_overfit,risky,False,physics_filtered_s1.3,107.00457015355951,6.246222959702192,17.131083991699867,0.20008915714097383,0.03601050399170441,5.5564109067040865,0.0,711.9411317653579,False,False,False,fits observed points but injects high-frequency nonphysical structure
nls,4,0.05,0.01,underfit_oversmooth,underfit,False,physics_filtered_s1.3,2.431131984621135,6.246222959702192,0.3892163312621581,0.05873090033663672,0.03601050399170441,1.6309380270971874,0.03359465624482184,15.869839644811726,False,False,False,oversmoothed challenge candidate; shown for diagnosis but not eligible for safe replacement
nls,4,0.05,0.01,physics_filtered_s0.4,physics_informed,False,physics_filtered_s1.3,5.981385382102399,6.246222959702192,0.9576003643626936,0.03544694758293462,0.03601050399170441,0.9843502215385831,0.00021513998004549023,39.74456449203274,False,False,False,physics-filtered candidate selected by residual-calibrated certificate
nls,4,0.05,0.01,physics_filtered_s0.8,physics_informed,True,physics_filtered_s1.3,4.206486760262773,6.246222959702192,0.6734448621831867,0.03467325813272359,0.03601050399170441,0.9628651167933738,0.001992278126546857,27.908989558971133,False,False,False,physics-filtered candidate selected by residual-calibrated certificate
nls,4,0.05,0.01,physics_filtered_s1.3,physics_informed,True,physics_filtered_s1.3,3.0147414139290643,6.246222959702192,0.4826503045725923,0.035904639842165145,0.03601050399170441,0.997060186923218,0.004484711709857133,19.951445534453942,False,False,False,physics-filtered candidate selected by residual-calibrated certificate
nls,4,0.05,0.01,physics_filtered_s2,physics_informed,False,physics_filtered_s1.3,2.5479902957287233,6.246222959702192,0.40792496716284343,0.04200906327364604,0.03601050399170441,1.166578042955381,0.010471810343107268,16.802878021386526,False,False,False,physics-filtered candidate selected by residual-calibrated certificate
nls,5,0.05,0.01,data_only_lowrank,data_only,False,physics_filtered_s1.3,6.069623408320282,6.055037103142296,1.0024089538888892,0.03947442522304458,0.03973037610201768,0.9935578037492162,0.0,40.31190409884815,False,False,False,data-driven candidate without PDE residual selection
nls,5,0.05,0.01,risky_sensor_overfit,risky,False,physics_filtered_s1.3,105.95431980473182,6.055037103142296,17.498541792539758,0.20122920597357544,0.03973037610201768,5.064870401724974,0.0,704.8512793486088,False,False,False,fits observed points but injects high-frequency nonphysical structure
nls,5,0.05,0.01,underfit_oversmooth,underfit,False,physics_filtered_s1.3,2.4445860868343448,6.055037103142296,0.40372768080402166,0.06169131509648588,0.03973037610201768,1.5527493355845727,0.03474675175041378,15.943739559747762,False,False,False,oversmoothed challenge candidate; shown for diagnosis but not eligible for safe replacement
nls,5,0.05,0.01,physics_filtered_s0.4,physics_informed,False,physics_filtered_s1.3,5.759094193823131,6.055037103142296,0.9511245093499865,0.03918651779531645,0.03973037610201768,0.9863112721034645,0.00021775920095665557,38.24309652207163,False,False,False,physics-filtered candidate selected by residual-calibrated certificate
nls,5,0.05,0.01,physics_filtered_s0.8,physics_informed,True,physics_filtered_s1.3,4.194334759842669,6.055037103142296,0.692701743754023,0.038219041047550896,0.03973037610201768,0.961960212721168,0.002025784302240238,27.81217600081347,False,False,False,physics-filtered candidate selected by residual-calibrated certificate
nls,5,0.05,0.01,physics_filtered_s1.3,physics_informed,True,physics_filtered_s1.3,3.116980754283288,6.055037103142296,0.5147748397223195,0.039245274945132365,0.03973037610201768,0.9877901695008504,0.00459107452271515,20.61893196787548,False,False,False,physics-filtered candidate selected by residual-calibrated certificate
nls,5,0.05,0.01,physics_filtered_s2,physics_informed,False,physics_filtered_s1.3,2.635266520214108,6.055037103142296,0.4352188888893986,0.04509425975139413,0.03973037610201768,1.135007119853795,0.010818232764189702,17.370360238275843,False,False,False,physics-filtered candidate selected by residual-calibrated certificate
nls,1,0.05,0.03,data_only_lowrank,data_only,False,physics_filtered_s1.3,8.566200970120578,8.217781867779385,1.042398193082521,0.04483899075242178,0.04477559160983344,1.0014159308522237,0.0,56.70446523800659,False,False,False,data-driven candidate without PDE residual selection
nls,1,0.05,0.03,risky_sensor_overfit,risky,False,physics_filtered_s1.3,106.47085543405983,8.217781867779385,12.956154975529609,0.20119504143478678,0.04477559160983344,4.49340889079638,0.0,708.1957920497292,False,False,False,fits observed points but injects high-frequency nonphysical structure
nls,1,0.05,0.03,underfit_oversmooth,underfit,False,physics_filtered_s1.3,2.6217502597665208,8.217781867779385,0.3190338100900034,0.06692660566032514,0.04477559160983344,1.4947118117839069,0.035038203420276054,16.912165762588515,False,False,False,oversmoothed challenge candidate; shown for diagnosis but not eligible for safe replacement
nls,1,0.05,0.03,physics_filtered_s0.4,physics_informed,False,physics_filtered_s1.3,8.048169822276462,8.217781867779385,0.9793603616848332,0.044335062444666264,0.04477559160983344,0.9901613993178242,0.0003227316426823851,53.25453079079286,False,False,False,physics-filtered candidate selected by residual-calibrated certificate
nls,1,0.05,0.03,physics_filtered_s0.8,physics_informed,True,physics_filtered_s1.3,5.563365701696339,8.217781867779385,0.6769911627258852,0.04273573448441953,0.04477559160983344,0.9544426538426717,0.002827811276157941,36.69887766788682,False,False,False,physics-filtered candidate selected by residual-calibrated certificate
nls,1,0.05,0.03,physics_filtered_s1.3,physics_informed,True,physics_filtered_s1.3,3.9759461494848405,8.217781867779385,0.48382230308076307,0.0437358927446788,0.04477559160983344,0.976779784950891,0.005659713004142682,26.112825154821895,False,False,False,physics-filtered candidate selected by residual-calibrated certificate
nls,1,0.05,0.03,physics_filtered_s2,physics_informed,False,physics_filtered_s1.3,3.112360439662508,8.217781867779385,0.37873485689188213,0.04975646972893453,0.04477559160983344,1.111240922540842,0.011849842482717574,20.327747697809084,False,False,False,physics-filtered candidate selected by residual-calibrated certificate
nls,2,0.05,0.03,data_only_lowrank,data_only,False,physics_filtered_s1.3,9.116460631111483,8.70052398274095,1.0478059309065257,0.042860425014396714,0.042409879791028955,1.0106235911202097,0.0,60.375751410764174,True,False,False,data-driven candidate without PDE residual selection
nls,2,0.05,0.03,risky_sensor_overfit,risky,False,physics_filtered_s1.3,106.27392253833668,8.70052398274095,12.214657732009917,0.20059183643351552,0.042409879791028955,4.729837420364896,0.0,706.8834539518725,True,False,False,fits observed points but injects high-frequency nonphysical structure
nls,2,0.05,0.03,underfit_oversmooth,underfit,False,physics_filtered_s1.3,2.6251157863101664,8.70052398274095,0.3017192747835938,0.060054154002194646,0.042409879791028955,1.4160415991908089,0.036913765661184476,16.923159044324077,True,False,False,oversmoothed challenge candidate; shown for diagnosis but not eligible for safe replacement
nls,2,0.05,0.03,physics_filtered_s0.4,physics_informed,False,physics_filtered_s1.3,8.531535649292625,8.70052398274095,0.9805772234195865,0.042195790336365294,0.042409879791028955,0.9949518966638548,0.00033355905137878847,56.47963548621856,True,False,False,physics-filtered candidate selected by residual-calibrated certificate
nls,2,0.05,0.03,physics_filtered_s0.8,physics_informed,True,physics_filtered_s1.3,5.715048612782978,8.70052398274095,0.6568625779457817,0.03969652531338196,0.042409879791028955,0.9360206986684981,0.0029429141221607303,37.70975138524064,True,False,False,physics-filtered candidate selected by residual-calibrated certificate
nls,2,0.05,0.03,physics_filtered_s1.3,physics_informed,True,physics_filtered_s1.3,3.9978185089316933,8.70052398274095,0.45949169462225764,0.039636019776939084,0.042409879791028955,0.9345940137370721,0.005958361017178469,26.253892511695867,True,False,False,physics-filtered candidate selected by residual-calibrated certificate
nls,2,0.05,0.03,physics_filtered_s2,physics_informed,False,physics_filtered_s1.3,3.142873710135727,8.70052398274095,0.36122809572961573,0.04424434377151872,0.042409879791028955,1.0432555807393389,0.012499542808482065,20.522892529671864,True,False,False,physics-filtered candidate selected by residual-calibrated certificate
nls,3,0.05,0.03,data_only_lowrank,data_only,False,physics_filtered_s1.3,10.816566880425267,10.631765965348864,1.0173819585267105,0.06348512492733031,0.06328581078145291,1.0031494286383174,0.0,71.55930194598828,True,False,False,data-driven candidate without PDE residual selection
nls,3,0.05,0.03,risky_sensor_overfit,risky,False,physics_filtered_s1.3,105.78766033216819,10.631765965348864,9.950149455597709,0.20589782333121887,0.06328581078145291,3.2534595162097153,0.0,703.4279472131675,True,False,False,fits observed points but injects high-frequency nonphysical structure
nls,3,0.05,0.03,underfit_oversmooth,underfit,False,physics_filtered_s1.3,3.5330523745403566,10.631765965348864,0.3323109618905247,0.07184190838394042,0.06328581078145291,1.1351977243508717,0.04023924987004962,22.851768518989644,True,False,False,oversmoothed challenge candidate; shown for diagnosis but not eligible for safe replacement
nls,3,0.05,0.03,physics_filtered_s0.4,physics_informed,False,physics_filtered_s1.3,10.246533459523828,10.631765965348864,0.9637658967398688,0.06259431777624955,0.06328581078145291,0.9890734906031242,0.00036628750591195466,67.7635186253242,True,False,False,physics-filtered candidate selected by residual-calibrated certificate
nls,3,0.05,0.03,physics_filtered_s0.8,physics_informed,True,physics_filtered_s1.3,7.485150279465753,10.631765965348864,0.7040364040988778,0.058558226978098774,0.06328581078145291,0.9252978867473884,0.003298528090220317,49.3696510414441,True,False,False,physics-filtered candidate selected by residual-calibrated certificate
nls,3,0.05,0.03,physics_filtered_s1.3,physics_informed,True,physics_filtered_s1.3,5.653407975436933,10.631765965348864,0.5317468418569439,0.05675920555775466,0.06328581078145291,0.8968709550528842,0.006784714189174079,37.161108729519185,True,False,False,physics-filtered candidate selected by residual-calibrated certificate
nls,3,0.05,0.03,physics_filtered_s2,physics_informed,False,physics_filtered_s1.3,4.466646500462722,10.631765965348864,0.4201227260852084,0.059051647122712325,0.06328581078145291,0.9330945814331798,0.014145022221364446,29.225397119164835,True,False,False,physics-filtered candidate selected by residual-calibrated certificate
nls,4,0.05,0.03,data_only_lowrank,data_only,False,physics_filtered_s1.3,9.488505719311886,9.225110911812969,1.028551939376751,0.04069891332266117,0.04083420488399515,0.99668680796614,0.0,62.85778312792636,True,False,False,data-driven candidate without PDE residual selection
nls,4,0.05,0.03,risky_sensor_overfit,risky,False,physics_filtered_s1.3,106.65034974254989,9.225110911812969,11.56087452628565,0.20441914724069873,0.04083420488399515,5.006076347425444,0.0,709.3287306104611,True,False,False,fits observed points but injects high-frequency nonphysical structure
nls,4,0.05,0.03,underfit_oversmooth,underfit,False,physics_filtered_s1.3,2.7375079356343623,9.225110911812969,0.29674525995439505,0.057002055718470376,0.04083420488399515,1.3959389163817473,0.03902463245129137,17.66109954219625,True,False,False,oversmoothed challenge candidate; shown for diagnosis but not eligible for safe replacement
nls,4,0.05,0.03,physics_filtered_s0.4,physics_informed,False,physics_filtered_s1.3,8.840666165971689,9.225110911812969,0.9583262738500035,0.039997499409733114,0.04083420488399515,0.9795096910147139,0.00032259621064307256,58.54204567229679,True,False,False,physics-filtered candidate selected by residual-calibrated certificate
nls,4,0.05,0.03,physics_filtered_s0.8,physics_informed,True,physics_filtered_s1.3,5.789076223031062,9.225110911812969,0.6275345931740927,0.03744105731028731,0.04083420488399515,0.9169042819796726,0.0028467185244260246,38.20266156314122,True,False,False,physics-filtered candidate selected by residual-calibrated certificate
nls,4,0.05,0.03,physics_filtered_s1.3,physics_informed,True,physics_filtered_s1.3,4.039433090539633,9.225110911812969,0.4378736612658616,0.037241238451676976,0.04083420488399515,0.91201086335739,0.005857689974252393,26.53236177697576,True,False,False,physics-filtered candidate selected by residual-calibrated certificate
nls,4,0.05,0.03,physics_filtered_s2,physics_informed,False,physics_filtered_s1.3,3.2211545756899542,9.225110911812969,0.34917244968457145,0.04148133760694138,0.04083420488399515,1.0158478100349648,0.012700430278699831,21.045859858724054,True,False,False,physics-filtered candidate selected by residual-calibrated certificate
nls,5,0.05,0.03,data_only_lowrank,data_only,False,physics_filtered_s1.3,8.942072910240705,8.638433789037132,1.0351497885632788,0.04594929792058186,0.04593013520797731,1.000417214352132,0.0,59.20691723831005,True,False,False,data-driven candidate without PDE residual selection
nls,5,0.05,0.03,risky_sensor_overfit,risky,False,physics_filtered_s1.3,105.93874711061146,8.638433789037132,12.263652150120546,0.20480389713341493,0.04593013520797731,4.459031008760993,0.0,704.5607611711241,True,False,False,fits observed points but injects high-frequency nonphysical structure
nls,5,0.05,0.03,underfit_oversmooth,underfit,False,physics_filtered_s1.3,2.756859159032831,8.638433789037132,0.31913877287931386,0.05852309990824571,0.04593013520797731,1.274176521405211,0.040946737931318,17.767816743492546,True,False,False,oversmoothed challenge candidate; shown for diagnosis but not eligible for safe replacement
nls,5,0.05,0.03,physics_filtered_s0.4,physics_informed,False,physics_filtered_s1.3,8.398544455459895,8.638433789037132,0.9722299968447234,0.04528364535148559,0.04593013520797731,0.9859244947886554,0.00034667963593643916,55.58582183692219,True,False,False,physics-filtered candidate selected by residual-calibrated certificate
nls,5,0.05,0.03,physics_filtered_s0.8,physics_informed,True,physics_filtered_s1.3,5.780143777688965,8.638433789037132,0.6691194166497825,0.042582972710703694,0.04593013520797731,0.9271249151990435,0.0030732715957801837,38.133080071248386,True,False,False,physics-filtered candidate selected by residual-calibrated certificate
nls,5,0.05,0.03,physics_filtered_s1.3,physics_informed,True,physics_filtered_s1.3,4.117516124349324,8.638433789037132,0.47665077083467455,0.0417920133123222,0.04593013520797731,0.9099039905319876,0.00629684934337614,27.041631861249254,True,False,False,physics-filtered candidate selected by residual-calibrated certificate
nls,5,0.05,0.03,physics_filtered_s2,physics_informed,False,physics_filtered_s1.3,3.277024097718814,8.638433789037132,0.37935396366378843,0.044878137089759094,0.04593013520797731,0.9770956886054932,0.013548469084529245,21.40430376922612,True,False,False,physics-filtered candidate selected by residual-calibrated certificate
nls,1,0.05,0.05,data_only_lowrank,data_only,False,physics_filtered_s1.3,13.657786751719035,12.946783298676818,1.054917382691794,0.05727395905688516,0.056389427594588724,1.015686122363931,0.0,90.3818970379877,True,False,False,data-driven candidate without PDE residual selection
nls,1,0.05,0.05,risky_sensor_overfit,risky,False,physics_filtered_s1.3,106.70554693335984,12.946783298676818,8.241857801409024,0.2087656915801357,0.056389427594588724,3.702213348880796,0.0,709.5128542826701,True,False,False,fits observed points but injects high-frequency nonphysical structure
nls,1,0.05,0.05,underfit_oversmooth,underfit,False,physics_filtered_s1.3,3.2203474998745656,12.946783298676818,0.24873726744182406,0.0659592476586329,0.056389427594588724,1.169709473408324,0.04198738847676727,20.628475297417143,True,False,False,oversmoothed challenge candidate; shown for diagnosis but not eligible for safe replacement
nls,1,0.05,0.05,physics_filtered_s0.4,physics_informed,False,physics_filtered_s1.3,12.732246169729464,12.946783298676818,0.9834293102773827,0.05602382959202715,0.056389427594588724,0.9935165505459009,0.0005004812547152184,84.21762451086808,True,False,False,physics-filtered candidate selected by residual-calibrated certificate
nls,1,0.05,0.05,physics_filtered_s0.8,physics_informed,True,physics_filtered_s1.3,8.366853924190838,12.946783298676818,0.6462496305970686,0.0509372468957192,0.056389427594588724,0.9033120048855392,0.004316237049925564,55.129161907516846,True,False,False,physics-filtered candidate selected by residual-calibrated certificate
nls,1,0.05,0.05,physics_filtered_s1.3,physics_informed,True,physics_filtered_s1.3,5.8203245642292405,12.946783298676818,0.4495575796671933,0.048944607717218744,0.056389427594588724,0.8679748989161157,0.008233195918477342,38.148468697530724,True,False,False,physics-filtered candidate selected by residual-calibrated certificate
nls,1,0.05,0.05,physics_filtered_s2,physics_informed,False,physics_filtered_s1.3,4.360356153981276,12.946783298676818,0.33679069568010567,0.05165237854824694,0.056389427594588724,0.9159940214092126,0.015861642081103102,28.38362645475944,True,False,False,physics-filtered candidate selected by residual-calibrated certificate
nls,2,0.05,0.05,data_only_lowrank,data_only,False,physics_filtered_s1.3,16.562958617024204,15.935797454089247,1.0393554928606967,0.07024021798291019,0.06950862960848218,1.0105251445401564,0.0,109.71710677063119,True,False,False,data-driven candidate without PDE residual selection
nls,2,0.05,0.05,risky_sensor_overfit,risky,False,physics_filtered_s1.3,106.76874123783462,15.935797454089247,6.699930866053411,0.20754200933356506,0.06950862960848218,2.9858452180627184,0.0,709.9293466680475,True,False,False,fits observed points but injects high-frequency nonphysical structure
nls,2,0.05,0.05,underfit_oversmooth,underfit,False,physics_filtered_s1.3,3.8632724875663684,15.935797454089247,0.24242730862362843,0.07350124672053512,0.06950862960848218,1.0574405959876423,0.045829017268835905,24.906123163167496,True,False,False,oversmoothed challenge candidate; shown for diagnosis but not eligible for safe replacement
nls,2,0.05,0.05,physics_filtered_s0.4,physics_informed,False,physics_filtered_s1.3,15.332176061935021,15.935797454089247,0.9621216701646584,0.06873177273350688,0.06950862960848218,0.988823590965037,0.0005257057072091617,101.52441862409869,True,False,False,physics-filtered candidate selected by residual-calibrated certificate
nls,2,0.05,0.05,physics_filtered_s0.8,physics_informed,True,physics_filtered_s1.3,9.56873359338401,15.935797454089247,0.6004552719090942,0.06237120637587838,0.06950862960848218,0.8973160127928902,0.00456499910215819,63.147212635122244,True,False,False,physics-filtered candidate selected by residual-calibrated certificate
nls,2,0.05,0.05,physics_filtered_s1.3,physics_informed,True,physics_filtered_s1.3,6.760874857950922,15.935797454089247,0.42425707765353193,0.05991250819662402,0.06950862960848218,0.8619434526795923,0.008706852518746864,44.42924326215308,True,False,False,physics-filtered candidate selected by residual-calibrated certificate
nls,2,0.05,0.05,physics_filtered_s2,physics_informed,False,physics_filtered_s1.3,5.206079767731275,15.935797454089247,0.3266908846406697,0.061540403111823204,0.06950862960848218,0.8853634931025604,0.016894967603506703,34.02983279279722,True,False,False,physics-filtered candidate selected by residual-calibrated certificate
nls,3,0.05,0.05,data_only_lowrank,data_only,False,physics_filtered_s1.3,12.364966491917707,11.612799856042393,1.0647704812963672,0.0510015700665954,0.05016829235185289,1.0166096487375282,0.0,81.80772489653467,True,False,False,data-driven candidate without PDE residual selection
nls,3,0.05,0.05,risky_sensor_overfit,risky,False,physics_filtered_s1.3,106.40627916338467,11.612799856042393,9.162844489049727,0.20673429426390888,0.05016829235185289,4.120815849378869,0.0,707.5441946341724,True,False,False,fits observed points but injects high-frequency nonphysical structure
nls,3,0.05,0.05,underfit_oversmooth,underfit,False,physics_filtered_s1.3,2.9896752395951243,11.612799856042393,0.2574465483480518,0.06445926818480523,0.05016829235185289,1.2848607190262409,0.04067991948502542,19.139972845713135,True,False,False,oversmoothed challenge candidate; shown for diagnosis but not eligible for safe replacement
nls,3,0.05,0.05,physics_filtered_s0.4,physics_informed,False,physics_filtered_s1.3,11.54328148739998,11.612799856042393,0.9940136427472109,0.04991089631036299,0.05016829235185289,0.9948693481396669,0.00046610335307849997,76.3345073379382,True,False,False,physics-filtered candidate selected by residual-calibrated certificate
nls,3,0.05,0.05,physics_filtered_s0.8,physics_informed,True,physics_filtered_s1.3,7.706448136077473,11.612799856042393,0.6636167187594278,0.04564838640684536,0.05016829235185289,0.9099051266441901,0.004007254810474189,50.764941785760534,True,False,False,physics-filtered candidate selected by residual-calibrated certificate
nls,3,0.05,0.05,physics_filtered_s1.3,physics_informed,True,physics_filtered_s1.3,5.372577751770589,11.612799856042393,0.4626427578509119,0.04435066568233422,0.05016829235185289,0.8840377776943041,0.00767718479478361,35.20146914251546,True,False,False,physics-filtered candidate selected by residual-calibrated certificate
nls,3,0.05,0.05,physics_filtered_s2,physics_informed,False,physics_filtered_s1.3,4.024724312096878,11.612799856042393,0.3465765674074181,0.048119399032104396,0.05016829235185289,0.9591595961381775,0.014974741045781035,26.18765615001512,True,False,False,physics-filtered candidate selected by residual-calibrated certificate
nls,4,0.05,0.05,data_only_lowrank,data_only,False,physics_filtered_s1.3,13.987598746876792,13.420599350992404,1.0422484407033146,0.06025439659183585,0.059266628916081546,1.016666506815096,0.0,92.52932516320362,True,False,False,data-driven candidate without PDE residual selection
nls,4,0.05,0.05,risky_sensor_overfit,risky,False,physics_filtered_s1.3,106.8483022277468,13.420599350992404,7.961514939333749,0.202859580646582,0.059266628916081546,3.4228297501178573,0.0,710.4332406600798,True,False,False,fits observed points but injects high-frequency nonphysical structure
nls,4,0.05,0.05,underfit_oversmooth,underfit,False,physics_filtered_s1.3,3.3431491796650805,13.420599350992404,0.24910580311881658,0.06712500210384896,0.059266628916081546,1.132593557797287,0.043446710966744,21.419021385300272,True,False,False,oversmoothed challenge candidate; shown for diagnosis but not eligible for safe replacement
nls,4,0.05,0.05,physics_filtered_s0.4,physics_informed,False,physics_filtered_s1.3,13.03978582050695,13.420599350992404,0.9716247001697234,0.058856162732171785,0.059266628916081546,0.9930742444372189,0.0004910088058131945,86.21752385554971,True,False,False,physics-filtered candidate selected by residual-calibrated certificate
nls,4,0.05,0.05,physics_filtered_s0.8,physics_informed,True,physics_filtered_s1.3,8.48297004470688,13.420599350992404,0.6320857826725126,0.053158993986281454,0.059266628916081546,0.8969464765855819,0.004254188547045188,55.863702469444085,True,False,False,physics-filtered candidate selected by residual-calibrated certificate
nls,4,0.05,0.05,physics_filtered_s1.3,physics_informed,True,physics_filtered_s1.3,5.90657320923596,13.420599350992404,0.4401124759602298,0.051210138609425575,0.059266628916081546,0.8640636315096037,0.008194411903868864,38.690966285936454,True,False,False,physics-filtered candidate selected by residual-calibrated certificate
nls,4,0.05,0.05,physics_filtered_s2,physics_informed,False,physics_filtered_s1.3,4.452841028748117,13.420599350992404,0.33179151782207955,0.053687939388635045,0.059266628916081546,0.9058713203301726,0.01601482961039664,28.972767477000296,True,False,False,physics-filtered candidate selected by residual-calibrated certificate
nls,5,0.05,0.05,data_only_lowrank,data_only,False,physics_filtered_s1.3,13.824172345733393,13.178289102290554,1.0490111605860526,0.06503587910479974,0.06405009307135,1.0153908602652022,0.0,91.27860507465766,True,False,False,data-driven candidate without PDE residual selection
nls,5,0.05,0.05,risky_sensor_overfit,risky,False,physics_filtered_s1.3,106.69140569250601,13.178289102290554,8.095998263837874,0.20849747561070003,0.06405009307135,3.2552251778180006,0.0,709.3096242137452,True,False,False,fits observed points but injects high-frequency nonphysical structure
nls,5,0.05,0.05,underfit_oversmooth,underfit,False,physics_filtered_s1.3,3.581559877290247,13.178289102290554,0.2717773035247386,0.07065136367226468,0.06405009307135,1.1030641843479914,0.04392753120753058,22.879423033697833,True,False,False,oversmoothed challenge candidate; shown for diagnosis but not eligible for safe replacement
nls,5,0.05,0.05,physics_filtered_s0.4,physics_informed,False,physics_filtered_s1.3,12.898704056191622,13.178289102290554,0.9787844200465055,0.06379495120072039,0.06405009307135,0.9960165261377308,0.00048168323933288874,85.11602967945585,True,False,False,physics-filtered candidate selected by residual-calibrated certificate
nls,5,0.05,0.05,physics_filtered_s0.8,physics_informed,True,physics_filtered_s1.3,8.534420171755185,13.178289102290554,0.6476121524964228,0.05859396755229948,0.06405009307135,0.9148147136353515,0.00416353221761074,56.04718154014713,True,False,False,physics-filtered candidate selected by residual-calibrated certificate
nls,5,0.05,0.05,physics_filtered_s1.3,physics_informed,True,physics_filtered_s1.3,6.054050592263021,13.178289102290554,0.45939579449735174,0.05625309193467302,0.06405009307135,0.8782671380528735,0.008005082014876302,39.5260282319664,True,False,False,physics-filtered candidate selected by residual-calibrated certificate
nls,5,0.05,0.05,physics_filtered_s2,physics_informed,False,physics_filtered_s1.3,4.655832194387278,13.178289102290554,0.35329564849034023,0.057845355865482555,0.06405009307135,0.9031268042052855,0.01575784129872021,30.19265128296551,True,False,False,physics-filtered candidate selected by residual-calibrated certificate
nls,1,0.1,0.0,data_only_lowrank,data_only,True,physics_filtered_s1.3,3.602919345153754,3.6124503527895326,0.9973616225259909,0.019704851020878877,0.019958892963954568,0.9872717417483146,0.0,23.991147392207615,False,False,False,data-driven candidate without PDE residual selection
nls,1,0.1,0.0,risky_sensor_overfit,risky,False,physics_filtered_s1.3,102.45243035344554,3.6124503527895326,28.360924122958103,0.19780284969019235,0.019958892963954568,9.910512072864488,0.0,681.5990825098313,False,False,False,fits observed points but injects high-frequency nonphysical structure
nls,1,0.1,0.0,underfit_oversmooth,underfit,False,physics_filtered_s1.3,2.3092786878687184,3.6124503527895326,0.6392554810019341,0.05033246014289171,0.019958892963954568,2.521806205948872,0.027453357458443364,15.19178399645257,False,False,False,oversmoothed challenge candidate; shown for diagnosis but not eligible for safe replacement
nls,1,0.1,0.0,physics_filtered_s0.4,physics_informed,False,physics_filtered_s1.3,3.3931983993861223,3.6124503527895326,0.9393065836226528,0.01951471627316784,0.019958892963954568,0.9777454244297693,0.00013733358747161593,22.59288230161415,False,False,False,physics-filtered candidate selected by residual-calibrated certificate
nls,1,0.1,0.0,physics_filtered_s0.8,physics_informed,True,physics_filtered_s1.3,2.359342506675617,3.6124503527895326,0.6531141680197986,0.019437660136588354,0.019958892963954568,0.9738846824179359,0.0012955153581432855,15.696799028525467,False,False,False,physics-filtered candidate selected by residual-calibrated certificate
nls,1,0.1,0.0,physics_filtered_s1.3,physics_informed,True,physics_filtered_s1.3,1.8988600825773865,3.6124503527895326,0.5256432330234135,0.022224072121541656,0.019958892963954568,1.1134922242713798,0.0030586750075578912,12.617140722027312,False,False,True,physics-filtered candidate selected by residual-calibrated certificate
nls,1,0.1,0.0,physics_filtered_s2,physics_informed,False,physics_filtered_s1.3,2.1254659994590877,3.6124503527895326,0.5883723766105783,0.03072983557058808,0.019958892963954568,1.5396563138319346,0.0077633631760022324,14.097192706612912,False,False,False,physics-filtered candidate selected by residual-calibrated certificate
nls,2,0.1,0.0,data_only_lowrank,data_only,True,physics_filtered_s1.3,4.101073317277197,4.11796807666727,0.9958973068570405,0.024500363488384455,0.024715306196909734,0.9913032552457935,0.0,27.3264401102695,False,False,False,data-driven candidate without PDE residual selection
nls,2,0.1,0.0,risky_sensor_overfit,risky,False,physics_filtered_s1.3,102.44191026381317,4.11796807666727,24.876810202641487,0.1998576736537672,0.024715306196909734,8.086392782407442,0.0,681.4633428742806,False,False,False,fits observed points but injects high-frequency nonphysical structure
nls,2,0.1,0.0,underfit_oversmooth,underfit,False,physics_filtered_s1.3,2.4831165290398927,4.11796807666727,0.6029955751985603,0.05203772061727795,0.024715306196909734,2.1054855724052883,0.028934823456244405,16.34719376337108,False,False,False,oversmoothed challenge candidate; shown for diagnosis but not eligible for safe replacement
nls,2,0.1,0.0,physics_filtered_s0.4,physics_informed,False,physics_filtered_s1.3,3.899138546861881,4.11796807666727,0.9468598285046838,0.024248090350358766,0.024715306196909734,0.9810960930926892,0.00014785970281143272,25.97960615961025,False,False,False,physics-filtered candidate selected by residual-calibrated certificate
nls,2,0.1,0.0,physics_filtered_s0.8,physics_informed,True,physics_filtered_s1.3,2.8834426538676787,4.11796807666727,0.7002100551009102,0.023719171890624394,0.024715306196909734,0.959695651783202,0.001397043525919372,19.201546989723642,False,False,False,physics-filtered candidate selected by residual-calibrated certificate
nls,2,0.1,0.0,physics_filtered_s1.3,physics_informed,True,physics_filtered_s1.3,2.3053767266613026,4.11796807666727,0.5598335595953713,0.025905561159541755,0.024715306196909734,1.048158616854712,0.0033045754251317277,15.335199327138767,False,False,True,physics-filtered candidate selected by residual-calibrated certificate
nls,2,0.1,0.0,physics_filtered_s2,physics_informed,False,physics_filtered_s1.3,2.3916454518279573,4.11796807666727,0.5807829024655696,0.03357801775609564,0.024715306196909734,1.3585920193428742,0.008333914677628996,15.87581924977532,False,False,False,physics-filtered candidate selected by residual-calibrated certificate
nls,3,0.1,0.0,data_only_lowrank,data_only,True,physics_filtered_s1.3,3.15364064818954,3.166482003506696,0.9959445986732497,0.018563824744437605,0.01881750125060413,0.9865191183582411,0.0,21.0010929783833,False,False,False,data-driven candidate without PDE residual selection
nls,3,0.1,0.0,risky_sensor_overfit,risky,False,physics_filtered_s1.3,102.3042357969941,3.166482003506696,32.308484837010205,0.19651431735367744,0.01881750125060413,10.443167492119882,0.0,680.574007914096,False,False,False,fits observed points but injects high-frequency nonphysical structure
nls,3,0.1,0.0,underfit_oversmooth,underfit,False,physics_filtered_s1.3,2.1822273127702267,3.166482003506696,0.6891646029735355,0.04969517670889707,0.01881750125060413,2.6409020009848927,0.027311589440622168,14.349082398799192,False,False,False,oversmoothed challenge candidate; shown for diagnosis but not eligible for safe replacement
nls,3,0.1,0.0,physics_filtered_s0.4,physics_informed,False,physics_filtered_s1.3,2.968670509785089,3.166482003506696,0.9375295695653789,0.018472120386099137,0.01881750125060413,0.9816457636491163,0.0001264734845301842,19.767927630611823,False,False,False,physics-filtered candidate selected by residual-calibrated certificate
nls,3,0.1,0.0,physics_filtered_s0.8,physics_informed,True,physics_filtered_s1.3,2.0882965676480225,3.166482003506696,0.6595005325578023,0.018785340418767955,0.01881750125060413,0.9982909084258234,0.0011977720869975116,13.895544459700231,False,False,False,physics-filtered candidate selected by residual-calibrated certificate
nls,3,0.1,0.0,physics_filtered_s1.3,physics_informed,True,physics_filtered_s1.3,1.7282384959305395,3.166482003506696,0.5457913526797465,0.021583147988053553,0.01881750125060413,1.1469720500862812,0.002886400749328244,11.48530364559489,False,False,True,physics-filtered candidate selected by residual-calibrated certificate
nls,3,0.1,0.0,physics_filtered_s2,physics_informed,False,physics_filtered_s1.3,1.9603575789592391,3.166482003506696,0.6190963905013946,0.030067051614797932,0.01881750125060413,1.5978238137348237,0.0075573983871184735,13.001664843028957,False,False,False,physics-filtered candidate selected by residual-calibrated certificate
nls,4,0.1,0.0,data_only_lowrank,data_only,True,physics_filtered_s1.3,3.3065066369836065,3.3217295895354675,0.9954171608065828,0.018078056088202742,0.01830966559854403,0.9873504237375557,0.0,22.029682553455082,False,False,False,data-driven candidate without PDE residual selection
nls,4,0.1,0.0,risky_sensor_overfit,risky,False,physics_filtered_s1.3,103.4471126631765,3.3217295895354675,31.142544832378146,0.20037870941750083,0.01830966559854403,10.943875972398477,0.0,688.3066050977274,False,False,False,fits observed points but injects high-frequency nonphysical structure
nls,4,0.1,0.0,underfit_oversmooth,underfit,False,physics_filtered_s1.3,2.3294541096512904,3.3217295895354675,0.7012774661095623,0.04728174138554098,0.01830966559854403,2.5823377892121884,0.02927757106201484,15.320601942893013,False,False,False,oversmoothed challenge candidate; shown for diagnosis but not eligible for safe replacement
nls,4,0.1,0.0,physics_filtered_s0.4,physics_informed,False,physics_filtered_s1.3,3.1250534469329203,3.3217295895354675,0.9407910435506003,0.0178642441814727,0.01830966559854403,0.9756728807716498,0.00013494429435300658,20.81934522689437,False,False,False,physics-filtered candidate selected by residual-calibrated certificate
nls,4,0.1,0.0,physics_filtered_s0.8,physics_informed,True,physics_filtered_s1.3,2.2408632865798013,3.3217295895354675,0.6746073773249266,0.01751686691194209,0.01830966559854403,0.956700537031016,0.0012773877299719356,14.918146047685703,False,False,False,physics-filtered candidate selected by residual-calibrated certificate
nls,4,0.1,0.0,physics_filtered_s1.3,physics_informed,True,physics_filtered_s1.3,1.8325140212065898,3.3217295895354675,0.551674653764429,0.019838865785961193,0.01830966559854403,1.083518739220188,0.0030771453416762423,12.184006117196061,False,False,True,physics-filtered candidate selected by residual-calibrated certificate
nls,4,0.1,0.0,physics_filtered_s2,physics_informed,False,physics_filtered_s1.3,2.10123158997804,3.3217295895354675,0.6325715364059051,0.027981347316545977,0.01830966559854403,1.528228200805743,0.008090477900251329,13.941238362737124,False,False,False,physics-filtered candidate selected by residual-calibrated certificate
nls,5,0.1,0.0,data_only_lowrank,data_only,True,physics_filtered_s1.3,3.412979347520981,3.423319734320924,0.9969794271048447,0.01823796922547543,0.018462900737171623,0.9878171087043136,0.0,22.732771449010638,False,False,False,data-driven candidate without PDE residual selection
nls,5,0.1,0.0,risky_sensor_overfit,risky,False,physics_filtered_s1.3,102.32268094115875,3.423319734320924,29.889898952551793,0.2021504869981372,0.018462900737171623,10.949010118447733,0.0,680.7141213165611,False,False,False,fits observed points but injects high-frequency nonphysical structure
nls,5,0.1,0.0,underfit_oversmooth,underfit,False,physics_filtered_s1.3,2.377032612552001,3.423319734320924,0.6943647678363392,0.04799843212853523,0.018462900737171623,2.599723240091931,0.029679294842435627,15.63078465396697,False,False,False,oversmoothed challenge candidate; shown for diagnosis but not eligible for safe replacement
nls,5,0.1,0.0,physics_filtered_s0.4,physics_informed,False,physics_filtered_s1.3,3.2210290630083303,3.423319734320924,0.9409080404364676,0.01806944303535357,0.018462900737171623,0.9786892802816954,0.0001350529537009617,21.452736279846743,False,False,False,physics-filtered candidate selected by residual-calibrated certificate
nls,5,0.1,0.0,physics_filtered_s0.8,physics_informed,True,physics_filtered_s1.3,2.2755735976639686,3.423319734320924,0.6647271579248802,0.018018452722350895,0.018462900737171623,0.975927508785126,0.0012802959517894384,15.144595156993285,False,False,False,physics-filtered candidate selected by residual-calibrated certificate
nls,5,0.1,0.0,physics_filtered_s1.3,physics_informed,True,physics_filtered_s1.3,1.8599731056824544,3.423319734320924,0.5433243897829688,0.020506727435392197,0.018462900737171623,1.1106991109471227,0.0031280090115038206,12.362353549409994,False,False,True,physics-filtered candidate selected by residual-calibrated certificate
nls,5,0.1,0.0,physics_filtered_s2,physics_informed,False,physics_filtered_s1.3,2.1558866106506662,3.423319734320924,0.6297649001452956,0.02871190469889036,0.018462900737171623,1.5551134193950984,0.008225129635468327,14.300720868786147,False,False,False,physics-filtered candidate selected by residual-calibrated certificate
nls,1,0.1,0.01,data_only_lowrank,data_only,False,physics_filtered_s1.3,4.542743066628245,4.362360082604712,1.0413498612234657,0.019177100969138168,0.019355039970705114,0.9908065804654977,0.0,30.14254224757787,False,False,False,data-driven candidate without PDE residual selection
nls,1,0.1,0.01,risky_sensor_overfit,risky,False,physics_filtered_s1.3,103.45320810317853,4.362360082604712,23.714963034730538,0.2005636364535428,0.019355039970705114,10.362346796841765,0.0,688.3444207444325,False,False,False,fits observed points but injects high-frequency nonphysical structure
nls,1,0.1,0.01,underfit_oversmooth,underfit,False,physics_filtered_s1.3,2.3559275173911676,4.362360082604712,0.5400580128140022,0.0474522048313695,0.019355039970705114,2.451671755818602,0.02839954558092403,15.40607564868667,False,False,False,oversmoothed challenge candidate; shown for diagnosis but not eligible for safe replacement
nls,1,0.1,0.01,physics_filtered_s0.4,physics_informed,False,physics_filtered_s1.3,4.249142284352881,4.362360082604712,0.9740466637075029,0.018811546224595466,0.019355039970705114,0.9719197817258878,0.00017649040861113233,28.186928876390077,False,False,False,physics-filtered candidate selected by residual-calibrated certificate
nls,1,0.1,0.01,physics_filtered_s0.8,physics_informed,True,physics_filtered_s1.3,2.879407954025441,4.362360082604712,0.6600573770850942,0.01803912106158644,0.019355039970705114,0.9320115632908845,0.001558972996617124,19.059014533974594,False,False,False,physics-filtered candidate selected by residual-calibrated certificate
nls,1,0.1,0.01,physics_filtered_s1.3,physics_informed,True,physics_filtered_s1.3,2.2079259342811124,4.362360082604712,0.5061310603599418,0.02021362041581695,0.019355039970705114,1.0443595283381994,0.0033994041317204128,14.576805854709553,False,False,True,physics-filtered candidate selected by residual-calibrated certificate
nls,1,0.1,0.01,physics_filtered_s2,physics_informed,False,physics_filtered_s1.3,2.26444469943337,4.362360082604712,0.5190870667606097,0.028235255645902655,0.019355039970705114,1.4588063722513318,0.008209561774697149,14.926374010001496,False,False,False,physics-filtered candidate selected by residual-calibrated certificate
nls,2,0.1,0.01,data_only_lowrank,data_only,False,physics_filtered_s1.3,4.223617049874828,4.0454857751027165,1.0440321100292447,0.020463053219510835,0.0206307351933227,0.991872224948241,0.0,28.00121166229384,False,False,False,data-driven candidate without PDE residual selection
nls,2,0.1,0.01,risky_sensor_overfit,risky,False,physics_filtered_s1.3,103.5763760937962,4.0454857751027165,25.602951499969308,0.19661524174159886,0.0206307351933227,9.530210139855061,0.0,689.1291965748255,False,False,False,fits observed points but injects high-frequency nonphysical structure
nls,2,0.1,0.01,underfit_oversmooth,underfit,False,physics_filtered_s1.3,2.2894785226599117,4.0454857751027165,0.5659341423839799,0.05124780957201724,0.0206307351933227,2.4840515419983653,0.02687134773375068,14.961103831031538,False,False,False,oversmoothed challenge candidate; shown for diagnosis but not eligible for safe replacement
nls,2,0.1,0.01,physics_filtered_s0.4,physics_informed,False,physics_filtered_s1.3,3.9444447315786735,4.0454857751027165,0.9750237550835406,0.020168688039257743,0.0206307351933227,0.9776039413664666,0.0001712702879876544,26.1417353054509,False,False,False,physics-filtered candidate selected by residual-calibrated certificate
nls,2,0.1,0.01,physics_filtered_s0.8,physics_informed,True,physics_filtered_s1.3,2.6911395778998695,4.0454857751027165,0.6652203783440259,0.01980580513741173,0.0206307351933227,0.9600145099464038,0.0015065025328727024,17.790500775465745,False,False,False,physics-filtered candidate selected by residual-calibrated certificate
nls,2,0.1,0.01,physics_filtered_s1.3,physics_informed,True,physics_filtered_s1.3,2.114745990810098,4.0454857751027165,0.5227421645688226,0.0224921089884945,0.0206307351933227,1.0902233379779904,0.003245303570300832,13.943326965779576,False,False,True,physics-filtered candidate selected by residual-calibrated certificate
nls,2,0.1,0.01,physics_filtered_s2,physics_informed,False,physics_filtered_s1.3,2.185914147545653,4.0454857751027165,0.5403341573953776,0.03110332275120485,0.0206307351933227,1.5076206668468155,0.007781077875183122,14.392962779011548,False,False,False,physics-filtered candidate selected by residual-calibrated certificate
nls,3,0.1,0.01,data_only_lowrank,data_only,False,physics_filtered_s1.3,4.6465600585184585,4.41547745917588,1.0523346798795925,0.020945357954076264,0.021134950419686063,0.991029434049477,0.0,30.838256345012137,False,False,False,data-driven candidate without PDE residual selection
nls,3,0.1,0.01,risky_sensor_overfit,risky,False,physics_filtered_s1.3,102.37048424817371,4.41547745917588,23.18446537087686,0.19867374317861936,0.021134950419686063,9.400246474397465,0.0,680.943690058473,False,False,False,fits observed points but injects high-frequency nonphysical structure
nls,3,0.1,0.01,underfit_oversmooth,underfit,False,physics_filtered_s1.3,2.4933847704951346,4.41547745917588,0.564691993911785,0.04913009193384209,0.021134950419686063,2.3245898833883936,0.030089608893582937,16.30865238712954,False,False,False,oversmoothed challenge candidate; shown for diagnosis but not eligible for safe replacement
nls,3,0.1,0.01,physics_filtered_s0.4,physics_informed,False,physics_filtered_s1.3,4.34752146762336,4.41547745917588,0.9846095938249478,0.020619227351515012,0.021134950419686063,0.9755985673538046,0.00016970577635136655,28.84637387511843,False,False,False,physics-filtered candidate selected by residual-calibrated certificate
nls,3,0.1,0.01,physics_filtered_s0.8,physics_informed,True,physics_filtered_s1.3,2.968014122487054,4.41547745917588,0.6721841861786658,0.020021116805246236,0.021134950419686063,0.9472989719271048,0.001508772986486118,19.652434103632192,False,False,False,physics-filtered candidate selected by residual-calibrated certificate
nls,3,0.1,0.01,physics_filtered_s1.3,physics_informed,True,physics_filtered_s1.3,2.30823258408573,4.41547745917588,0.5227594536324558,0.022291976812442663,0.021134950419686063,1.054744693918191,0.0033852914999998123,15.246414532615018,False,False,True,physics-filtered candidate selected by residual-calibrated certificate
nls,3,0.1,0.01,physics_filtered_s2,physics_informed,False,physics_filtered_s1.3,2.3910746461014862,4.41547745917588,0.5415211986037911,0.030161969192370828,0.021134950419686063,1.4271133166628804,0.00849596974014397,15.768817689918604,False,False,False,physics-filtered candidate selected by residual-calibrated certificate
nls,4,0.1,0.01,data_only_lowrank,data_only,False,physics_filtered_s1.3,4.504589067575474,4.347261956664838,1.0361899311515839,0.02294455476888625,0.022974468999698783,0.9986979358777944,0.0,29.88885864585493,False,False,False,data-driven candidate without PDE residual selection
nls,4,0.1,0.01,risky_sensor_overfit,risky,False,physics_filtered_s1.3,102.3563317265291,4.347261956664838,23.545011261532533,0.20096762126714446,0.022974468999698783,8.747432694136778,0.0,680.863593556489,False,False,False,fits observed points but injects high-frequency nonphysical structure
nls,4,0.1,0.01,underfit_oversmooth,underfit,False,physics_filtered_s1.3,2.47647298395064,4.347261956664838,0.5696627000250952,0.04899372482866572,0.022974468999698783,2.132529149081772,0.029102877029395027,16.203061359765297,False,False,False,oversmoothed challenge candidate; shown for diagnosis but not eligible for safe replacement
nls,4,0.1,0.01,physics_filtered_s0.4,physics_informed,False,physics_filtered_s1.3,4.214947511626522,4.347261956664838,0.9695637285357437,0.02264056802654168,0.022974468999698783,0.9854664334506731,0.00017109905972874354,27.959530079402764,False,False,False,physics-filtered candidate selected by residual-calibrated certificate
nls,4,0.1,0.01,physics_filtered_s0.8,physics_informed,True,physics_filtered_s1.3,2.8834354114746925,4.347261956664838,0.663276204704757,0.022042722740374613,0.022974468999698783,0.9594442744119209,0.0015250592855540254,19.08612012594305,False,False,False,physics-filtered candidate selected by residual-calibrated certificate
nls,4,0.1,0.01,physics_filtered_s1.3,physics_informed,True,physics_filtered_s1.3,2.269220559598559,4.347261956664838,0.5219884566926243,0.023964128352888473,0.022974468999698783,1.043076484255614,0.0033894754932616575,14.984997428235552,False,False,True,physics-filtered candidate selected by residual-calibrated certificate
nls,4,0.1,0.01,physics_filtered_s2,physics_informed,False,physics_filtered_s1.3,2.3803869921077436,4.347261956664838,0.5475600540836508,0.031064940441517908,0.022974468999698783,1.3521505302504728,0.008358846248328548,15.697233368177375,False,False,False,physics-filtered candidate selected by residual-calibrated certificate
nls,5,0.1,0.01,data_only_lowrank,data_only,False,physics_filtered_s1.3,5.781824701298524,5.6700944559293935,1.0197051823803873,0.026062092709558844,0.026081291838953632,0.9992638734878394,0.0,38.346012477363935,True,False,False,data-driven candidate without PDE residual selection
nls,5,0.1,0.01,risky_sensor_overfit,risky,False,physics_filtered_s1.3,102.74119627243226,5.6700944559293935,18.11983857958036,0.20017545622754998,0.026081291838953632,7.6750590981426585,0.0,683.4261360556659,True,False,False,fits observed points but injects high-frequency nonphysical structure
nls,5,0.1,0.01,underfit_oversmooth,underfit,False,physics_filtered_s1.3,2.549998081340366,5.6700944559293935,0.44972761938265493,0.04829543607178445,0.026081291838953632,1.8517271448111794,0.028762549044995492,16.6665575867311,True,False,False,oversmoothed challenge candidate; shown for diagnosis but not eligible for safe replacement
nls,5,0.1,0.01,physics_filtered_s0.4,physics_informed,False,physics_filtered_s1.3,5.361243423822661,5.6700944559293935,0.945529825912388,0.02539154801644066,0.026081291838953632,0.9735540774688024,0.00017769100842770672,35.54600263174768,True,False,False,physics-filtered candidate selected by residual-calibrated certificate
nls,5,0.1,0.01,physics_filtered_s0.8,physics_informed,True,physics_filtered_s1.3,3.4049227460985763,5.6700944559293935,0.6005054717452445,0.02299125780903958,0.026081291838953632,0.8815229686521715,0.0015756983078286547,22.518738275394632,True,False,False,physics-filtered candidate selected by residual-calibrated certificate
nls,5,0.1,0.01,physics_filtered_s1.3,physics_informed,True,physics_filtered_s1.3,2.6290192675437547,5.6700944559293935,0.4636641043596803,0.024076683450778315,0.026081291838953632,0.9231399885605176,0.0034067591445806947,17.345914930618672,True,False,False,physics-filtered candidate selected by residual-calibrated certificate
nls,5,0.1,0.01,physics_filtered_s2,physics_informed,False,physics_filtered_s1.3,2.5859375232997004,5.6700944559293935,0.4560660397103348,0.03067036143275307,0.026081291838953632,1.1759525418050611,0.008253373371580722,17.034962741314104,True,False,False,physics-filtered candidate selected by residual-calibrated certificate
nls,1,0.1,0.03,data_only_lowrank,data_only,False,physics_filtered_s1.3,9.471688983390834,8.545370060772909,1.1084000945575239,0.03089173975027879,0.029374010811225093,1.0516691080341687,0.0,62.740700424648715,True,False,False,data-driven candidate without PDE residual selection
nls,1,0.1,0.03,risky_sensor_overfit,risky,False,physics_filtered_s1.3,104.02940008494184,8.545370060772909,12.173773557504711,0.20492945511223307,0.029374010811225093,6.976556808065993,0.0,692.0253748212529,True,False,False,fits observed points but injects high-frequency nonphysical structure
nls,1,0.1,0.03,underfit_oversmooth,underfit,False,physics_filtered_s1.3,2.9094899510728234,8.545370060772909,0.3404755944307608,0.048099865926482174,0.029374010811225093,1.637497386174571,0.033959541350689564,18.85312491942215,True,False,False,oversmoothed challenge candidate; shown for diagnosis but not eligible for safe replacement
nls,1,0.1,0.03,physics_filtered_s0.4,physics_informed,False,physics_filtered_s1.3,8.741531085227356,8.545370060772909,1.022955240446975,0.029465365418998968,0.029374010811225093,1.0031100487896552,0.0003534755972595161,57.87827894272393,True,False,False,physics-filtered candidate selected by residual-calibrated certificate
nls,1,0.1,0.03,physics_filtered_s0.8,physics_informed,True,physics_filtered_s1.3,5.556193527059472,8.545370060772909,0.6501992877481396,0.024359893997788606,0.029374010811225093,0.8293009134336645,0.0029220148911661245,36.65799896990618,True,False,False,physics-filtered candidate selected by residual-calibrated certificate
nls,1,0.1,0.03,physics_filtered_s1.3,physics_informed,True,physics_filtered_s1.3,4.024909917819551,8.545370060772909,0.471004753357052,0.023966083003703984,0.029374010811225093,0.8158941302537277,0.005477541301012217,26.449619686877224,True,False,False,physics-filtered candidate selected by residual-calibrated certificate
nls,1,0.1,0.03,physics_filtered_s2,physics_informed,False,physics_filtered_s1.3,3.4613662709673356,8.545370060772909,0.4050575043971657,0.029693265110439657,0.029374010811225093,1.0108685974229197,0.011131233105099957,22.668974976065723,True,False,False,physics-filtered candidate selected by residual-calibrated certificate
nls,2,0.1,0.03,data_only_lowrank,data_only,False,physics_filtered_s1.3,9.24977839078702,8.28677609822192,1.1162095223944344,0.030528602259524428,0.029205451346329885,1.0453049294276877,0.0,61.22959978547015,True,False,False,data-driven candidate without PDE residual selection
nls,2,0.1,0.03,risky_sensor_overfit,risky,False,physics_filtered_s1.3,103.5005424134258,8.28677609822192,12.489844203178274,0.19680332089300634,0.029205451346329885,6.738581730941101,0.0,688.4440612154642,True,False,False,fits observed points but injects high-frequency nonphysical structure
nls,2,0.1,0.03,underfit_oversmooth,underfit,False,physics_filtered_s1.3,2.832045499812375,8.28677609822192,0.3417547990007478,0.052141370133628726,0.029205451346329885,1.7853300575132445,0.03290842854745622,18.324726928024962,True,False,False,oversmoothed challenge candidate; shown for diagnosis but not eligible for safe replacement
nls,2,0.1,0.03,physics_filtered_s0.4,physics_informed,False,physics_filtered_s1.3,8.543027359295804,8.28677609822192,1.0309229135716407,0.029294180802295802,0.029205451346329885,1.0030381127793813,0.0003624390551595978,56.524668612739994,True,False,False,physics-filtered candidate selected by residual-calibrated certificate
nls,2,0.1,0.03,physics_filtered_s0.8,physics_informed,True,physics_filtered_s1.3,5.476495781608662,8.28677609822192,0.660871696869315,0.025236588167050395,0.029205451346329885,0.8641053982327055,0.00298477087777456,36.10507299421235,True,False,False,physics-filtered candidate selected by residual-calibrated certificate
nls,2,0.1,0.03,physics_filtered_s1.3,physics_informed,True,physics_filtered_s1.3,3.9819378937889645,8.28677609822192,0.4805171331518034,0.025640262184433264,0.029205451346329885,0.8779272704777915,0.005522418219761761,26.145955535380633,True,False,False,physics-filtered candidate selected by residual-calibrated certificate
nls,2,0.1,0.03,physics_filtered_s2,physics_informed,False,physics_filtered_s1.3,3.3999674338862613,8.28677609822192,0.4102883188331077,0.032361929639186826,0.029205451346329885,1.10807839448595,0.010984112320582004,22.244610794121495,True,False,False,physics-filtered candidate selected by residual-calibrated certificate
nls,3,0.1,0.03,data_only_lowrank,data_only,False,physics_filtered_s1.3,9.223105929315373,8.353879903567929,1.1040505771904974,0.029588574279151274,0.02791505652038794,1.0599503625035156,0.0,61.06846063183741,True,False,False,data-driven candidate without PDE residual selection
nls,3,0.1,0.03,risky_sensor_overfit,risky,False,physics_filtered_s1.3,103.02959867633517,8.353879903567929,12.33314338554461,0.2009607347765393,0.02791505652038794,7.1990087006475285,0.0,685.2005768451219,True,False,False,fits observed points but injects high-frequency nonphysical structure
nls,3,0.1,0.03,underfit_oversmooth,underfit,False,physics_filtered_s1.3,2.805270545248459,8.353879903567929,0.3358045097164967,0.04809097062646899,0.02791505652038794,1.722760997801408,0.03237825476873406,18.17495181275427,True,False,False,oversmoothed challenge candidate; shown for diagnosis but not eligible for safe replacement
nls,3,0.1,0.03,physics_filtered_s0.4,physics_informed,False,physics_filtered_s1.3,8.524201806546248,8.353879903567929,1.0203883590551206,0.028218812320101202,0.02791505652038794,1.0108814323367223,0.00036022710197617253,56.41529772762575,True,False,False,physics-filtered candidate selected by residual-calibrated certificate
nls,3,0.1,0.03,physics_filtered_s0.8,physics_informed,True,physics_filtered_s1.3,5.469502880722817,8.353879903567929,0.6547260606878184,0.023399566773684852,0.02791505652038794,0.8382417838114204,0.002957706058407478,36.07003327058439,True,False,False,physics-filtered candidate selected by residual-calibrated certificate
nls,3,0.1,0.03,physics_filtered_s1.3,physics_informed,True,physics_filtered_s1.3,3.9694080515668393,8.353879903567929,0.475157423542926,0.023122884996376967,0.02791505652038794,0.8283302231059675,0.005462744256887606,26.071937175204322,True,False,False,physics-filtered candidate selected by residual-calibrated certificate
nls,3,0.1,0.03,physics_filtered_s2,physics_informed,False,physics_filtered_s1.3,3.379237926888105,8.353879903567929,0.404511193109735,0.02909054925158691,0.02791505652038794,1.0421096310264797,0.010829170618347136,22.11902990914123,True,False,False,physics-filtered candidate selected by residual-calibrated certificate
nls,4,0.1,0.03,data_only_lowrank,data_only,False,physics_filtered_s1.3,9.114036753448074,8.189387466270885,1.1129082353209407,0.030361177328489326,0.02871593574324579,1.057293678287089,0.0,60.35966534574456,True,False,False,data-driven candidate without PDE residual selection
nls,4,0.1,0.03,risky_sensor_overfit,risky,False,physics_filtered_s1.3,104.07378154534301,8.189387466270885,12.708371898871855,0.19852582318650114,0.02871593574324579,6.91343736643799,0.0,692.3017386470586,True,False,False,fits observed points but injects high-frequency nonphysical structure
nls,4,0.1,0.03,underfit_oversmooth,underfit,False,physics_filtered_s1.3,2.7725159013935703,8.189387466270885,0.3385498503779701,0.049811830226572526,0.02871593574324579,1.7346406772258507,0.03256519252691659,17.950445879430642,True,False,False,oversmoothed challenge candidate; shown for diagnosis but not eligible for safe replacement
nls,4,0.1,0.03,physics_filtered_s0.4,physics_informed,False,physics_filtered_s1.3,8.420615844901736,8.189387466270885,1.0282351249812234,0.02903551131197851,0.02871593574324579,1.0111288578780429,0.0003526949417240169,55.742098118527785,True,False,False,physics-filtered candidate selected by residual-calibrated certificate
nls,4,0.1,0.03,physics_filtered_s0.8,physics_informed,True,physics_filtered_s1.3,5.401675997840471,8.189387466270885,0.6595946302562132,0.02436916528712329,0.02871593574324579,0.8486286326924407,0.002891899294464427,35.63098654431478,True,False,False,physics-filtered candidate selected by residual-calibrated certificate
nls,4,0.1,0.03,physics_filtered_s1.3,physics_informed,True,physics_filtered_s1.3,3.919774945526411,8.189387466270885,0.4786407972110323,0.024145651008214763,0.02871593574324579,0.8408450006039996,0.005340938766267014,25.75137352216787,True,False,False,physics-filtered candidate selected by residual-calibrated certificate
nls,4,0.1,0.03,physics_filtered_s2,physics_informed,False,physics_filtered_s1.3,3.336765192985342,8.189387466270885,0.4074499108422772,0.03025758259283349,0.02871593574324579,1.0536861087278557,0.010699102771930175,21.84193736588189,True,False,False,physics-filtered candidate selected by residual-calibrated certificate
nls,5,0.1,0.03,data_only_lowrank,data_only,False,physics_filtered_s1.3,9.447014520431152,8.40529299049531,1.1239363733200847,0.03058972613253819,0.028838004640081252,1.0607435054283028,0.0,62.57212755869815,True,False,False,data-driven candidate without PDE residual selection
nls,5,0.1,0.03,risky_sensor_overfit,risky,False,physics_filtered_s1.3,102.9617706738432,8.40529299049531,12.249634937206821,0.20148092026971548,0.028838004640081252,6.986645670439186,0.0,684.7319737300625,True,False,False,fits observed points but injects high-frequency nonphysical structure
nls,5,0.1,0.03,underfit_oversmooth,underfit,False,physics_filtered_s1.3,2.706634180271971,8.40529299049531,0.32201544709176777,0.050145668301736716,0.028838004640081252,1.738874409857802,0.030418815097103293,17.522173875607404,True,False,False,oversmoothed challenge candidate; shown for diagnosis but not eligible for safe replacement
nls,5,0.1,0.03,physics_filtered_s0.4,physics_informed,False,physics_filtered_s1.3,8.709654586313423,8.40529299049531,1.0362107062967643,0.02929809388675152,0.028838004640081252,1.015954267689341,0.00036082151622117805,57.66321617844642,True,False,False,physics-filtered candidate selected by residual-calibrated certificate
nls,5,0.1,0.03,physics_filtered_s0.8,physics_informed,True,physics_filtered_s1.3,5.494341370634001,8.40529299049531,0.6536763652196703,0.024918916494974387,0.028838004640081252,0.8640998850342122,0.0029588012473510117,36.24785749300963,True,False,False,physics-filtered candidate selected by residual-calibrated certificate
nls,5,0.1,0.03,physics_filtered_s1.3,physics_informed,True,physics_filtered_s1.3,3.9488629648924483,8.40529299049531,0.469806700296747,0.025018981410024572,0.028838004640081252,0.8675697823553201,0.005403465808111479,25.942888636360436,True,False,False,physics-filtered candidate selected by residual-calibrated certificate
nls,5,0.1,0.03,physics_filtered_s2,physics_informed,False,physics_filtered_s1.3,3.3111936528914074,8.40529299049531,0.3939414909908917,0.03121810033977618,0.028838004640081252,1.0825333003554747,0.010459090526095078,21.671266913118725,True,False,False,physics-filtered candidate selected by residual-calibrated certificate
nls,1,0.1,0.05,data_only_lowrank,data_only,False,physics_filtered_s1.3,15.152631738023793,13.479741438670052,1.1241040347074838,0.04599714811013812,0.0415974548596444,1.1057683279958626,0.0,100.37276870609588,True,False,False,data-driven candidate without PDE residual selection
nls,1,0.1,0.05,risky_sensor_overfit,risky,False,physics_filtered_s1.3,103.5186515001837,13.479741438670052,7.679572488178931,0.2059795093358674,0.0415974548596444,4.951733466047843,0.0,688.3163146921387,True,False,False,fits observed points but injects high-frequency nonphysical structure
nls,1,0.1,0.05,underfit_oversmooth,underfit,False,physics_filtered_s1.3,3.50602068257994,13.479741438670052,0.2600955440081196,0.050216436225880005,0.0415974548596444,1.2071997287841298,0.040242584928973896,22.60279111536867,True,False,False,oversmoothed challenge candidate; shown for diagnosis but not eligible for safe replacement
nls,1,0.1,0.05,physics_filtered_s0.4,physics_informed,False,physics_filtered_s1.3,13.979938873798181,13.479741438670052,1.037107346413348,0.04352997750510229,0.0415974548596444,1.0464577136012776,0.0005748502468983873,92.56262362982632,True,False,False,physics-filtered candidate selected by residual-calibrated certificate
nls,1,0.1,0.05,physics_filtered_s0.8,physics_informed,True,physics_filtered_s1.3,8.842449523309918,13.479741438670052,0.6559806479627611,0.03421334820163503,0.0415974548596444,0.8224865755910582,0.0046814674199473615,58.33249100537747,True,False,False,physics-filtered candidate selected by residual-calibrated certificate
nls,1,0.1,0.05,physics_filtered_s1.3,physics_informed,True,physics_filtered_s1.3,6.241803694209336,13.479741438670052,0.4630506989030723,0.030955844143972767,0.0415974548596444,0.7441763984762508,0.00831766025177576,40.997001018539564,True,False,False,physics-filtered candidate selected by residual-calibrated certificate
nls,1,0.1,0.05,physics_filtered_s2,physics_informed,False,physics_filtered_s1.3,4.9402389231258175,13.479741438670052,0.3664935967505374,0.0336172846693377,0.0415974548596444,0.8081572486095349,0.0151684849573516,32.299675392435944,True,False,False,physics-filtered candidate selected by residual-calibrated certificate
nls,2,0.1,0.05,data_only_lowrank,data_only,False,physics_filtered_s1.3,15.251659597678124,13.570534837679418,1.1238805087718309,0.04519513976497626,0.040772522437701735,1.108470535099308,0.0,101.04100137371567,True,False,False,data-driven candidate without PDE residual selection
nls,2,0.1,0.05,risky_sensor_overfit,risky,False,physics_filtered_s1.3,104.04727316251763,13.570534837679418,7.667146093138228,0.20415187021336478,0.040772522437701735,5.007094435236157,0.0,691.8167169731695,True,False,False,fits observed points but injects high-frequency nonphysical structure
nls,2,0.1,0.05,underfit_oversmooth,underfit,False,physics_filtered_s1.3,3.565238339898243,13.570534837679418,0.26271907353267154,0.048473112765723816,0.040772522437701735,1.1888671552906571,0.03994481944299706,22.998175356023086,True,False,False,oversmoothed challenge candidate; shown for diagnosis but not eligible for safe replacement
nls,2,0.1,0.05,physics_filtered_s0.4,physics_informed,False,physics_filtered_s1.3,14.033702903013625,13.570534837679418,1.0341304208620545,0.04275989983944541,0.040772522437701735,1.0487430573796739,0.0005843709577459233,92.92987467202283,True,False,False,physics-filtered candidate selected by residual-calibrated certificate
nls,2,0.1,0.05,physics_filtered_s0.8,physics_informed,True,physics_filtered_s1.3,8.777287730658465,13.570534837679418,0.6467901107543045,0.03344727071251371,0.040772522437701735,0.8203385199627773,0.004730560934556487,57.90905462246125,True,False,False,physics-filtered candidate selected by residual-calibrated certificate
nls,2,0.1,0.05,physics_filtered_s1.3,physics_informed,True,physics_filtered_s1.3,6.275917049966464,13.570534837679418,0.46246644845128243,0.030054128479887462,0.040772522437701735,0.7371172221456612,0.008390039284635869,41.231719166366695,True,False,False,physics-filtered candidate selected by residual-calibrated certificate
nls,2,0.1,0.05,physics_filtered_s2,physics_informed,False,physics_filtered_s1.3,5.031343408409721,13.570534837679418,0.37075498265842244,0.03247960774728921,0.040772522437701735,0.7966053068244608,0.0152585841973364,32.909695556012146,True,False,False,physics-filtered candidate selected by residual-calibrated certificate
nls,3,0.1,0.05,data_only_lowrank,data_only,False,physics_filtered_s1.3,15.10354774486799,13.398063718110501,1.1272933210827334,0.045367960567901384,0.041502581413459264,1.093135873039826,0.0,100.07368174683182,True,False,False,data-driven candidate without PDE residual selection
nls,3,0.1,0.05,risky_sensor_overfit,risky,False,physics_filtered_s1.3,104.15353105583524,13.398063718110501,7.7737748712928205,0.20293025844964455,0.041502581413459264,4.889581600313296,0.0,692.5900605866619,True,False,False,fits observed points but injects high-frequency nonphysical structure
nls,3,0.1,0.05,underfit_oversmooth,underfit,False,physics_filtered_s1.3,3.52568196896113,13.398063718110501,0.26314861931841044,0.05131201140060282,0.041502581413459264,1.2363571048312192,0.039886768013205835,22.762129200669577,True,False,False,oversmoothed challenge candidate; shown for diagnosis but not eligible for safe replacement
nls,3,0.1,0.05,physics_filtered_s0.4,physics_informed,False,physics_filtered_s1.3,13.917064524442235,13.398063718110501,1.0387370009017907,0.04303666069630925,0.041502581413459264,1.0369634665981409,0.0005772894985453582,92.1716306305266,True,False,False,physics-filtered candidate selected by residual-calibrated certificate
nls,3,0.1,0.05,physics_filtered_s0.8,physics_informed,True,physics_filtered_s1.3,8.80251666892238,13.398063718110501,0.6569991645153276,0.0341940359527235,0.041502581413459264,0.8239014246186261,0.004682071996825426,58.093964178959396,True,False,False,physics-filtered candidate selected by residual-calibrated certificate
nls,3,0.1,0.05,physics_filtered_s1.3,physics_informed,True,physics_filtered_s1.3,6.259380987541541,13.398063718110501,0.46718549181700864,0.031172268038662507,0.041502581413459264,0.7510922688727566,0.008307381412209939,41.1432889807923,True,False,False,physics-filtered candidate selected by residual-calibrated certificate
nls,3,0.1,0.05,physics_filtered_s2,physics_informed,False,physics_filtered_s1.3,4.9685763352989625,13.398063718110501,0.3708428650464202,0.03427997096172806,0.041502581413459264,0.8259720189304927,0.015142061399038387,32.51560609157413,True,False,False,physics-filtered candidate selected by residual-calibrated certificate
nls,4,0.1,0.05,data_only_lowrank,data_only,False,physics_filtered_s1.3,14.490094424549604,12.813968701953888,1.1308045744125321,0.04527156769704856,0.04123782737269759,1.0978165092645928,0.0,95.93357899945673,True,False,False,data-driven candidate without PDE residual selection
nls,4,0.1,0.05,risky_sensor_overfit,risky,False,physics_filtered_s1.3,103.89713981162973,12.813968701953888,8.108115621960218,0.20857747990024972,0.04123782737269759,5.0579163157680105,0.0,690.80097259377,True,False,False,fits observed points but injects high-frequency nonphysical structure
nls,4,0.1,0.05,underfit_oversmooth,underfit,False,physics_filtered_s1.3,3.4801518758538563,12.813968701953888,0.2715904772986473,0.04930009802549937,0.04123782737269759,1.195506678340287,0.03954461236069935,22.407668972521375,True,False,False,oversmoothed challenge candidate; shown for diagnosis but not eligible for safe replacement
nls,4,0.1,0.05,physics_filtered_s0.4,physics_informed,False,physics_filtered_s1.3,13.396088278117267,12.813968701953888,1.045428515528805,0.04284644671443451,0.04123782737269759,1.0390083436297357,0.0005590211551101998,88.64911774548206,True,False,False,physics-filtered candidate selected by residual-calibrated certificate
nls,4,0.1,0.05,physics_filtered_s0.8,physics_informed,True,physics_filtered_s1.3,8.597799340908646,12.813968701953888,0.6709708397833821,0.0335623300690209,0.04123782737269759,0.8138724129396716,0.004543370419630977,56.687824472429064,True,False,False,physics-filtered candidate selected by residual-calibrated certificate
nls,4,0.1,0.05,physics_filtered_s1.3,physics_informed,True,physics_filtered_s1.3,6.082670460811332,12.813968701953888,0.4746905976041103,0.030016792143625275,0.04123782737269759,0.7278946068524128,0.008101017869745172,39.924847973615435,True,False,False,physics-filtered candidate selected by residual-calibrated certificate
nls,4,0.1,0.05,physics_filtered_s2,physics_informed,False,physics_filtered_s1.3,4.819402842067142,12.813968701953888,0.37610540139152193,0.03246649684269105,0.04123782737269759,0.7872989172896852,0.014860053322455132,31.482597747101817,True,False,False,physics-filtered candidate selected by residual-calibrated certificate
nls,5,0.1,0.05,data_only_lowrank,data_only,False,physics_filtered_s1.3,15.274833242019044,13.465140057778317,1.1343983929223371,0.04666776029573599,0.04288435977196668,1.0882233183099606,0.0,101.15606213900868,True,False,False,data-driven candidate without PDE residual selection
nls,5,0.1,0.05,risky_sensor_overfit,risky,False,physics_filtered_s1.3,103.81930323176587,13.465140057778317,7.710228247628629,0.20473281486957584,0.04288435977196668,4.774067187978279,0.0,690.3516008766725,True,False,False,fits observed points but injects high-frequency nonphysical structure
nls,5,0.1,0.05,underfit_oversmooth,underfit,False,physics_filtered_s1.3,3.488890514758009,13.465140057778317,0.2591054010420297,0.05310767908901895,0.04288435977196668,1.2383927233652399,0.03946716636882532,22.470597737785145,True,False,False,oversmoothed challenge candidate; shown for diagnosis but not eligible for safe replacement
nls,5,0.1,0.05,physics_filtered_s0.4,physics_informed,False,physics_filtered_s1.3,14.059910361599353,13.465140057778317,1.0441711189982323,0.04428540908432349,0.04288435977196668,1.0326704028875346,0.0005973968645312296,93.06592506854122,True,False,False,physics-filtered candidate selected by residual-calibrated certificate
nls,5,0.1,0.05,physics_filtered_s0.8,physics_informed,True,physics_filtered_s1.3,8.801988213659689,13.465140057778317,0.6536870894688132,0.03542196933224123,0.04288435977196668,0.825988064641003,0.004842115744558551,58.04142176232278,True,False,False,physics-filtered candidate selected by residual-calibrated certificate
nls,5,0.1,0.05,physics_filtered_s1.3,physics_informed,True,physics_filtered_s1.3,6.241604845510916,13.465140057778317,0.46353805595248204,0.03267516328955078,0.04288435977196668,0.7619366002555658,0.008558557813791681,40.975698218201735,True,False,False,physics-filtered candidate selected by residual-calibrated certificate
nls,5,0.1,0.05,physics_filtered_s2,physics_informed,False,physics_filtered_s1.3,4.952082985686458,13.465140057778317,0.3677706258113114,0.03597895290923914,0.04288435977196668,0.8389760999048294,0.015383935076818197,32.35634291291818,True,False,False,physics-filtered candidate selected by residual-calibrated certificate
nls,1,0.2,0.0,data_only_lowrank,data_only,True,physics_filtered_s0.8,1.9812548525170257,1.9940659627609778,0.9935753829190246,0.00943335616069681,0.009719315548136535,0.9705782380462861,0.0,13.19145089557927,False,False,False,data-driven candidate without PDE residual selection
nls,1,0.2,0.0,risky_sensor_overfit,risky,False,physics_filtered_s0.8,94.55108997042441,1.9940659627609778,47.4162298219372,0.19951738824075255,0.009719315548136535,20.527925781613057,0.0,629.0266517193485,False,False,False,fits observed points but injects high-frequency nonphysical structure
nls,1,0.2,0.0,underfit_oversmooth,underfit,False,physics_filtered_s0.8,2.5543984511831863,1.9940659627609778,1.280999976372443,0.043950388138551094,0.009719315548136535,4.521963292204835,0.02532925845337221,16.845697242536808,False,False,False,oversmoothed challenge candidate; shown for diagnosis but not eligible for safe replacement
nls,1,0.2,0.0,physics_filtered_s0.4,physics_informed,False,physics_filtered_s0.8,1.8663454893897449,1.9940659627609778,0.935949724955273,0.009332225683268322,0.009719315548136535,0.9601731352468947,9.408212830228057e-05,12.425361654560716,False,False,False,physics-filtered candidate selected by residual-calibrated certificate
nls,1,0.2,0.0,physics_filtered_s0.8,physics_informed,True,physics_filtered_s0.8,1.4024146488178935,1.9940659627609778,0.7032940108337293,0.00992074897435279,0.009719315548136535,1.0207250628089906,0.0008917172360621608,9.32984761034749,False,False,True,physics-filtered candidate selected by residual-calibrated certificate
nls,1,0.2,0.0,physics_filtered_s1.3,physics_informed,True,physics_filtered_s0.8,1.4833368413074068,1.9940659627609778,0.7438755131514502,0.013691704985848761,0.009719315548136535,1.408710820903961,0.0022825201238655672,9.860745549682052,False,False,True,physics-filtered candidate selected by residual-calibrated certificate
nls,1,0.2,0.0,physics_filtered_s2,physics_informed,False,physics_filtered_s0.8,2.1724445923669693,1.9940659627609778,1.0894547286479528,0.023440587878903307,0.009719315548136535,2.4117529429308187,0.006546653319193062,14.425748419711294,False,False,False,physics-filtered candidate selected by residual-calibrated certificate
nls,2,0.2,0.0,data_only_lowrank,data_only,True,physics_filtered_s0.8,2.0747586379869003,2.1007075222169598,0.9876475501912506,0.010520024926232933,0.010735455357179827,0.9799328091115624,0.0,13.819371642521947,False,False,False,data-driven candidate without PDE residual selection
nls,2,0.2,0.0,risky_sensor_overfit,risky,False,physics_filtered_s0.8,94.84536203618755,2.1007075222169598,45.14924663860314,0.1995386532701222,0.010735455357179827,18.586883053645668,0.0,630.9403860605539,False,False,False,fits observed points but injects high-frequency nonphysical structure
nls,2,0.2,0.0,underfit_oversmooth,underfit,False,physics_filtered_s0.8,2.548518834389754,2.1007075222169598,1.2131716611834606,0.044767380394921015,0.010735455357179827,4.17004951362503,0.026706481760253354,16.799368915504502,False,False,False,oversmoothed challenge candidate; shown for diagnosis but not eligible for safe replacement
nls,2,0.2,0.0,physics_filtered_s0.4,physics_informed,False,physics_filtered_s0.8,1.9556357202299457,2.1007075222169598,0.93094145641234,0.010326024528755848,0.010735455357179827,0.96186181062995,9.733669857279224e-05,13.024955907829249,False,False,False,physics-filtered candidate selected by residual-calibrated certificate
nls,2,0.2,0.0,physics_filtered_s0.8,physics_informed,True,physics_filtered_s0.8,1.4460143769601166,2.1007075222169598,0.6883463602935986,0.010392236784397687,0.010735455357179827,0.9680294349581895,0.0009262495847142794,9.623525678167578,False,False,False,physics-filtered candidate selected by residual-calibrated certificate
nls,2,0.2,0.0,physics_filtered_s1.3,physics_informed,True,physics_filtered_s0.8,1.4738772442791004,2.1007075222169598,0.7016099236522739,0.01387428858233385,0.010735455357179827,1.2923800732646524,0.002394745433848406,9.79961114403397,False,False,True,physics-filtered candidate selected by residual-calibrated certificate
nls,2,0.2,0.0,physics_filtered_s2,physics_informed,False,physics_filtered_s0.8,2.1583022346228793,2.1007075222169598,1.027416816380088,0.023736274789078332,0.010735455357179827,2.211017045587414,0.006915130207823467,14.331252571213478,False,False,False,physics-filtered candidate selected by residual-calibrated certificate
nls,3,0.2,0.0,data_only_lowrank,data_only,True,physics_filtered_s0.8,1.7925368614568522,1.8171815184577103,0.986437977300825,0.008955635256554347,0.009251319996392966,0.9680386430345137,0.0,11.939923583340533,False,False,False,data-driven candidate without PDE residual selection
nls,3,0.2,0.0,risky_sensor_overfit,risky,False,physics_filtered_s0.8,94.3339851353676,1.8171815184577103,51.91225212073443,0.19873138792127737,0.009251319996392966,21.481408920811315,0.0,627.5168051781523,False,False,False,fits observed points but injects high-frequency nonphysical structure
nls,3,0.2,0.0,underfit_oversmooth,underfit,False,physics_filtered_s0.8,2.480475417489461,1.8171815184577103,1.3650124614922017,0.04271282053174382,0.009251319996392966,4.6169433706520095,0.024826249891167242,16.358812170737355,False,False,False,oversmoothed challenge candidate; shown for diagnosis but not eligible for safe replacement
nls,3,0.2,0.0,physics_filtered_s0.4,physics_informed,False,physics_filtered_s0.8,1.6916668286836558,1.8171815184577103,0.9309289201435896,0.008831134178149076,0.009251319996392966,0.9545809874307344,8.929125098281042e-05,11.267126980632336,False,False,False,physics-filtered candidate selected by residual-calibrated certificate
nls,3,0.2,0.0,physics_filtered_s0.8,physics_informed,True,physics_filtered_s0.8,1.2881097578828207,1.8171815184577103,0.7088503513811677,0.009333071458691727,0.009251319996392966,1.0088367347926348,0.0008525079575133434,8.57245937092433,False,False,False,physics-filtered candidate selected by residual-calibrated certificate
nls,3,0.2,0.0,physics_filtered_s1.3,physics_informed,True,physics_filtered_s0.8,1.384869206063915,1.8171815184577103,0.7620973425035313,0.01306170546744033,0.009251319996392966,1.4118747887999912,0.0022090949975845744,9.208166210749352,False,False,True,physics-filtered candidate selected by residual-calibrated certificate
nls,3,0.2,0.0,physics_filtered_s2,physics_informed,False,physics_filtered_s0.8,2.07847578894032,1.8171815184577103,1.1437909574951175,0.022658416943974042,0.009251319996392966,2.4492090804727558,0.006389716103668477,13.803020846635505,False,False,False,physics-filtered candidate selected by residual-calibrated certificate
nls,4,0.2,0.0,data_only_lowrank,data_only,True,physics_filtered_s0.8,2.1098272697874116,2.1207862505591577,0.9948325859007,0.010395097298248857,0.010694510721559757,0.9720030740930208,0.0,14.055949856352871,False,False,False,data-driven candidate without PDE residual selection
nls,4,0.2,0.0,risky_sensor_overfit,risky,False,physics_filtered_s0.8,94.47304134521691,2.1207862505591577,44.54623436014072,0.2002469446589505,0.010694510721559757,18.724273587994578,0.0,628.4681639769021,False,False,False,fits observed points but injects high-frequency nonphysical structure
nls,4,0.2,0.0,underfit_oversmooth,underfit,False,physics_filtered_s0.8,2.5156866776358466,2.1207862505591577,1.186204728067897,0.04239488416892303,0.010694510721559757,3.964172393552541,0.02556357238641206,16.58874235780255,False,False,False,oversmoothed challenge candidate; shown for diagnosis but not eligible for safe replacement
nls,4,0.2,0.0,physics_filtered_s0.4,physics_informed,False,physics_filtered_s0.8,1.9919586087732335,2.1207862505591577,0.9392547731989033,0.010261084268183495,0.010694510721559757,0.9594720632275432,9.785392124507411e-05,13.269847645110682,False,False,False,physics-filtered candidate selected by residual-calibrated certificate
nls,4,0.2,0.0,physics_filtered_s0.8,physics_informed,True,physics_filtered_s0.8,1.4918327570660188,2.1207862505591577,0.7034338121873361,0.01067245545210082,0.010694510721559757,0.9979377017770048,0.0009310125603528206,9.93116577057683,False,False,False,physics-filtered candidate selected by residual-calibrated certificate
nls,4,0.2,0.0,physics_filtered_s1.3,physics_informed,True,physics_filtered_s0.8,1.5119304972465288,2.1207862505591577,0.7129103637140172,0.013966266305099255,0.010694510721559757,1.305928496161851,0.002362679833406603,10.055166667087981,False,False,True,physics-filtered candidate selected by residual-calibrated certificate
nls,4,0.2,0.0,physics_filtered_s2,physics_informed,False,physics_filtered_s0.8,2.1499480595397786,2.1207862505591577,1.0137504705964206,0.023006066514751445,0.010694510721559757,2.15120327723089,0.006675200903352729,14.278328827573363,False,False,False,physics-filtered candidate selected by residual-calibrated certificate
nls,5,0.2,0.0,data_only_lowrank,data_only,True,physics_filtered_s0.8,1.7799129317050844,1.818035861194788,0.9790307054418449,0.00944155964932589,0.009774681261367954,0.9659199513415782,0.0,11.858203830461331,False,False,False,data-driven candidate without PDE residual selection
nls,5,0.2,0.0,risky_sensor_overfit,risky,False,physics_filtered_s0.8,95.18007916361339,1.818035861194788,52.35324626710608,0.2008577866334319,0.009774681261367954,20.54878120749825,0.0,633.2650673658455,False,False,False,fits observed points but injects high-frequency nonphysical structure
nls,5,0.2,0.0,underfit_oversmooth,underfit,False,physics_filtered_s0.8,2.560163322090247,1.818035861194788,1.4082028725254818,0.04406895572289413,0.009774681261367954,4.508480076230972,0.0254122123901262,16.886431111045596,False,False,False,oversmoothed challenge candidate; shown for diagnosis but not eligible for safe replacement
nls,5,0.2,0.0,physics_filtered_s0.4,physics_informed,False,physics_filtered_s0.8,1.6843684363560667,1.818035861194788,0.9264770141817755,0.009320514702773227,0.009774681261367954,0.9535364328100143,9.060763426804203e-05,11.220898084172882,False,False,False,physics-filtered candidate selected by residual-calibrated certificate
nls,5,0.2,0.0,physics_filtered_s0.8,physics_informed,True,physics_filtered_s0.8,1.3133052448166247,1.818035861194788,0.7223758743421135,0.009836470105645036,0.009774681261367954,1.0063213154085102,0.0008702151834832677,8.742306626565329,False,False,False,physics-filtered candidate selected by residual-calibrated certificate
nls,5,0.2,0.0,physics_filtered_s1.3,physics_informed,True,physics_filtered_s0.8,1.439974845345908,1.818035861194788,0.7920497477969353,0.013601876399076058,0.009774681261367954,1.3915416814093589,0.0022648580057498366,9.576563486750722,False,False,True,physics-filtered candidate selected by residual-calibrated certificate
nls,5,0.2,0.0,physics_filtered_s2,physics_informed,False,physics_filtered_s0.8,2.1612728335634626,1.818035861194788,1.1887954906136533,0.023422056598449374,0.009774681261367954,2.39619645590114,0.006544459019940938,14.354922575617435,False,False,False,physics-filtered candidate selected by residual-calibrated certificate
nls,1,0.2,0.01,data_only_lowrank,data_only,False,physics_filtered_s1.3,4.011983845267369,3.5887879511136633,1.1179216771560054,0.013724017649120027,0.013484611010713188,1.017754063294735,0.0,26.611205356792897,False,False,False,data-driven candidate without PDE residual selection
nls,1,0.2,0.01,risky_sensor_overfit,risky,False,physics_filtered_s1.3,95.35358991237617,3.5887879511136633,26.56985901960569,0.20103745031614578,0.013484611010713188,14.908657738923123,0.0,634.2643060833449,False,False,False,fits observed points but injects high-frequency nonphysical structure
nls,1,0.2,0.01,underfit_oversmooth,underfit,False,physics_filtered_s1.3,2.653240334296617,3.5887879511136633,0.73931376566078,0.04560068672525502,0.013484611010713188,3.381683512089798,0.025978547957713382,17.409140407901184,False,False,False,oversmoothed challenge candidate; shown for diagnosis but not eligible for safe replacement
nls,1,0.2,0.01,physics_filtered_s0.4,physics_informed,False,physics_filtered_s1.3,3.687557921446535,3.5887879511136633,1.0275218184181638,0.013075445187341946,0.013484611010713188,0.9696568314788,0.00016293005096639662,24.450782954923003,False,False,False,physics-filtered candidate selected by residual-calibrated certificate
nls,1,0.2,0.01,physics_filtered_s0.8,physics_informed,True,physics_filtered_s1.3,2.4289696828984364,3.5887879511136633,0.6768217336842117,0.011724724267465495,0.013484611010713188,0.8694892464662869,0.0013385282963771499,16.065953540846987,False,False,False,physics-filtered candidate selected by residual-calibrated certificate
nls,1,0.2,0.01,physics_filtered_s1.3,physics_informed,True,physics_filtered_s1.3,2.1007848160299827,3.5887879511136633,0.5853744619760795,0.014790365818684693,0.013484611010713188,1.0968329606124554,0.0027931017068916976,13.873837299905425,False,False,True,physics-filtered candidate selected by residual-calibrated certificate
nls,1,0.2,0.01,physics_filtered_s2,physics_informed,False,physics_filtered_s1.3,2.465872668692158,3.5887879511136633,0.6871045885913287,0.02436824951029395,0.013484611010713188,1.8071154955175843,0.007000405750973925,16.28393344870973,False,False,False,physics-filtered candidate selected by residual-calibrated certificate
nls,2,0.2,0.01,data_only_lowrank,data_only,False,physics_filtered_s1.3,3.971598916304823,3.6698997101933966,1.082209114672086,0.012859337577026697,0.012484577581131197,1.030017835399724,0.0,26.33525200437396,False,False,False,data-driven candidate without PDE residual selection
nls,2,0.2,0.01,risky_sensor_overfit,risky,False,physics_filtered_s1.3,94.61956139146628,3.6698997101933966,25.78260139606219,0.200205391263803,0.012484577581131197,16.036216679877977,0.0,629.366966477302,False,False,False,fits observed points but injects high-frequency nonphysical structure
nls,2,0.2,0.01,underfit_oversmooth,underfit,False,physics_filtered_s1.3,2.701147659184271,3.6698997101933966,0.7360276499330249,0.04168301189272445,0.012484577581131197,3.338760291928827,0.02783477690135256,17.712335209103312,False,False,False,oversmoothed challenge candidate; shown for diagnosis but not eligible for safe replacement
nls,2,0.2,0.01,physics_filtered_s0.4,physics_informed,False,physics_filtered_s1.3,3.6594199415783235,3.6698997101933966,0.9971443991815465,0.012137262571955238,0.012484577581131197,0.9721804756395553,0.0001629260662432026,24.25644217862804,False,False,False,physics-filtered candidate selected by residual-calibrated certificate
nls,2,0.2,0.01,physics_filtered_s0.8,physics_informed,True,physics_filtered_s1.3,2.430076184768053,3.6698997101933966,0.6621641943014651,0.01026601829494212,0.012484577581131197,0.822296007005921,0.001347188870737384,16.066723880171565,False,False,False,physics-filtered candidate selected by residual-calibrated certificate
nls,2,0.2,0.01,physics_filtered_s1.3,physics_informed,True,physics_filtered_s1.3,2.103240010416114,3.6698997101933966,0.5731055823061455,0.012699895638644933,0.012484577581131197,1.017246723415129,0.0028684117238920097,13.883255058078957,False,False,False,physics-filtered candidate selected by residual-calibrated certificate
nls,2,0.2,0.01,physics_filtered_s2,physics_informed,False,physics_filtered_s1.3,2.495942851891729,3.6698997101933966,0.6801120055020571,0.02154402161400096,0.012484577581131197,1.725650825770531,0.007401634312456725,16.47511626540594,False,False,False,physics-filtered candidate selected by residual-calibrated certificate
nls,3,0.2,0.01,data_only_lowrank,data_only,False,physics_filtered_s1.3,3.8714009395075517,3.5737341255220985,1.0832929377310303,0.012054028238071413,0.011760888917240421,1.0249249288781521,0.0,25.673710013574762,False,False,False,data-driven candidate without PDE residual selection
nls,3,0.2,0.01,risky_sensor_overfit,risky,False,physics_filtered_s1.3,95.3604258051847,3.5737341255220985,26.683693429831326,0.1962930253263877,0.011760888917240421,16.69032219341424,0.0,634.3899164615246,False,False,False,fits observed points but injects high-frequency nonphysical structure
nls,3,0.2,0.01,underfit_oversmooth,underfit,False,physics_filtered_s1.3,2.6209161889196344,3.5737341255220985,0.7333830936670486,0.044457962440279386,0.011760888917240421,3.7801532477130873,0.027256142914628592,17.182277807151955,False,False,False,oversmoothed challenge candidate; shown for diagnosis but not eligible for safe replacement
nls,3,0.2,0.01,physics_filtered_s0.4,physics_informed,False,physics_filtered_s1.3,3.5617307310240607,3.5737341255220985,0.996641217819392,0.011346305278994146,0.011760888917240421,0.9647489537458958,0.00016510960959068322,23.610966297069016,False,False,False,physics-filtered candidate selected by residual-calibrated certificate
nls,3,0.2,0.01,physics_filtered_s0.8,physics_informed,True,physics_filtered_s1.3,2.347178731720878,3.5737341255220985,0.6567860532650325,0.009855660606135661,0.011760888917240421,0.8380030348599018,0.0013573624620771825,15.516852212908185,False,False,False,physics-filtered candidate selected by residual-calibrated certificate
nls,3,0.2,0.01,physics_filtered_s1.3,physics_informed,True,physics_filtered_s1.3,2.0256243753728866,3.5737341255220985,0.5668089186898843,0.01303196473028201,0.011760888917240421,1.1080765085766797,0.0028416140869474945,13.368022647520155,False,False,True,physics-filtered candidate selected by residual-calibrated certificate
nls,3,0.2,0.01,physics_filtered_s2,physics_informed,False,physics_filtered_s1.3,2.4066830589802595,3.5737341255220985,0.6734365161056814,0.02288585169799865,0.011760888917240421,1.9459287352424604,0.007255342811779882,15.883188958179893,False,False,False,physics-filtered candidate selected by residual-calibrated certificate
nls,4,0.2,0.01,data_only_lowrank,data_only,False,physics_filtered_s1.3,3.8922699651302946,3.587587292426484,1.0849269015268064,0.013591796474999496,0.013339649561893914,1.0189020641746815,0.0,25.807830302974807,False,False,False,data-driven candidate without PDE residual selection
nls,4,0.2,0.01,risky_sensor_overfit,risky,False,physics_filtered_s1.3,94.72699122761192,3.587587292426484,26.404093756145624,0.19838382229071153,0.013339649561893914,14.871741671726044,0.0,630.0422831562447,False,False,False,fits observed points but injects high-frequency nonphysical structure
nls,4,0.2,0.01,underfit_oversmooth,underfit,False,physics_filtered_s1.3,2.6810391904546336,3.587587292426484,0.7473098135099455,0.04454115059512506,0.013339649561893914,3.3390045506909307,0.026808567924431655,17.584168724859296,False,False,False,oversmoothed challenge candidate; shown for diagnosis but not eligible for safe replacement
nls,4,0.2,0.01,physics_filtered_s0.4,physics_informed,False,physics_filtered_s1.3,3.589295379523673,3.587587292426484,1.0004761102537614,0.012961829717844615,0.013339649561893914,0.9716769287477943,0.0001646360863119581,23.790483840488974,False,False,False,physics-filtered candidate selected by residual-calibrated certificate
nls,4,0.2,0.01,physics_filtered_s0.8,physics_informed,True,physics_filtered_s1.3,2.4094003069591015,3.587587292426484,0.6715935001901567,0.011573647859579142,0.013339649561893914,0.8676125864485112,0.001359648322785509,15.93072803449127,False,False,False,physics-filtered candidate selected by residual-calibrated certificate
nls,4,0.2,0.01,physics_filtered_s1.3,physics_informed,True,physics_filtered_s1.3,2.105595791575303,3.587587292426484,0.5869113752353006,0.014350644809732745,0.013339649561893914,1.075788741081404,0.0028599264560089216,13.90066258805129,False,False,True,physics-filtered candidate selected by residual-calibrated certificate
nls,4,0.2,0.01,physics_filtered_s2,physics_informed,False,physics_filtered_s1.3,2.491316470678953,3.587587292426484,0.6944267184627146,0.023614214750238043,0.013339649561893914,1.770227519014012,0.007228228152810023,16.446711384137632,False,False,False,physics-filtered candidate selected by residual-calibrated certificate
nls,5,0.2,0.01,data_only_lowrank,data_only,False,physics_filtered_s1.3,3.9147335065354274,3.5604314890416724,1.099510977414712,0.012459591250396501,0.012258623210150152,1.0163940138941177,0.0,25.95771729093503,False,False,False,data-driven candidate without PDE residual selection
nls,5,0.2,0.01,risky_sensor_overfit,risky,False,physics_filtered_s1.3,95.27220760385791,3.5604314890416724,26.758612796527835,0.202553723994064,0.012258623210150152,16.52336649109387,0.0,633.751147594795,False,False,False,fits observed points but injects high-frequency nonphysical structure
nls,5,0.2,0.01,underfit_oversmooth,underfit,False,physics_filtered_s1.3,2.615770358873509,3.5604314890416724,0.7346779082601689,0.04347680435281441,0.012258623210150152,3.5466302866107298,0.02577053689546329,17.155920712212843,False,False,False,oversmoothed challenge candidate; shown for diagnosis but not eligible for safe replacement
nls,5,0.2,0.01,physics_filtered_s0.4,physics_informed,False,physics_filtered_s1.3,3.590968196942636,3.5604314890416724,1.0085766874026199,0.011744555478585205,0.012258623210150152,0.9580648068131041,0.00016630846870432806,23.801652802385185,False,False,False,physics-filtered candidate selected by residual-calibrated certificate
nls,5,0.2,0.01,physics_filtered_s0.8,physics_informed,True,physics_filtered_s1.3,2.3533629759200454,3.5604314890416724,0.6609769021430649,0.01024170933768286,0.012258623210150152,0.8354697881869185,0.0013601282470802794,15.556577989059285,False,False,False,physics-filtered candidate selected by residual-calibrated certificate
nls,5,0.2,0.01,physics_filtered_s1.3,physics_informed,True,physics_filtered_s1.3,2.0581807668361716,3.5604314890416724,0.5780705999175326,0.013287594514189014,0.012258623210150152,1.0839385700429176,0.0028082327085830485,13.584695454560858,False,False,True,physics-filtered candidate selected by residual-calibrated certificate
nls,5,0.2,0.01,physics_filtered_s2,physics_informed,False,physics_filtered_s1.3,2.4270343196559567,3.5604314890416724,0.6816685918898377,0.022688377146786877,0.012258623210150152,1.8508095693935733,0.006978060384178022,16.02040185520217,False,False,False,physics-filtered candidate selected by residual-calibrated certificate
nls,1,0.2,0.03,data_only_lowrank,data_only,False,physics_filtered_s1.3,10.466057115045455,9.14407960334795,1.1445719601142077,0.02872359530901027,0.024384753642329605,1.1779325610233322,0.0,69.39520189339913,True,False,False,data-driven candidate without PDE residual selection
nls,1,0.2,0.03,risky_sensor_overfit,risky,False,physics_filtered_s1.3,95.06769675203724,9.14407960334795,10.396639232801451,0.20126492411461627,0.024384753642329605,8.253719806173718,0.0,632.2053936477397,True,False,False,fits observed points but injects high-frequency nonphysical structure
nls,1,0.2,0.03,underfit_oversmooth,underfit,False,physics_filtered_s1.3,3.4707743664960256,9.14407960334795,0.3795651959574893,0.04431396559910006,0.024384753642329605,1.8172816607979982,0.032272097127992956,22.6306133872571,True,False,False,oversmoothed challenge candidate; shown for diagnosis but not eligible for safe replacement
nls,1,0.2,0.03,physics_filtered_s0.4,physics_informed,False,physics_filtered_s1.3,9.573782570675395,9.14407960334795,1.0469924788459921,0.026199390601712915,0.024384753642329605,1.0744168665767801,0.0004214027271166757,63.45186949041415,True,False,False,physics-filtered candidate selected by residual-calibrated certificate
nls,1,0.2,0.03,physics_filtered_s0.8,physics_informed,True,physics_filtered_s1.3,6.129886654470368,9.14407960334795,0.6703667203668418,0.017339963431678457,0.024384753642329605,0.7110985694301556,0.003220488827676145,40.504181070576564,True,False,False,physics-filtered candidate selected by residual-calibrated certificate
nls,1,0.2,0.03,physics_filtered_s1.3,physics_informed,True,physics_filtered_s1.3,4.8273119713768216,9.14407960334795,0.5279166609189245,0.01635617956196643,0.024384753642329605,0.6707543492628488,0.005549477238596192,31.819782190208784,True,False,False,physics-filtered candidate selected by residual-calibrated certificate
nls,1,0.2,0.03,physics_filtered_s2,physics_informed,False,physics_filtered_s1.3,4.356041386419919,9.14407960334795,0.47637833170487176,0.02330739779367905,0.024384753642329605,0.9558184648732237,0.010589572327083503,28.6587828681125,True,False,False,physics-filtered candidate selected by residual-calibrated certificate
nls,2,0.2,0.03,data_only_lowrank,data_only,False,physics_filtered_s1.3,10.26265715175539,8.942533774794981,1.1476229679646388,0.028279169945979572,0.02423074323196899,1.167078107100825,0.0,67.99990640702178,True,False,False,data-driven candidate without PDE residual selection
nls,2,0.2,0.03,risky_sensor_overfit,risky,False,physics_filtered_s1.3,95.40727692494002,8.942533774794981,10.668931124849644,0.20160414641268187,0.02423074323196899,8.320180048723142,0.0,634.436197923143,True,False,False,fits observed points but injects high-frequency nonphysical structure
nls,2,0.2,0.03,underfit_oversmooth,underfit,False,physics_filtered_s1.3,3.327247067385291,8.942533774794981,0.3720698351470526,0.044252935741044205,0.02423074323196899,1.826313593255055,0.030911755296620456,21.67418211008532,True,False,False,oversmoothed challenge candidate; shown for diagnosis but not eligible for safe replacement
nls,2,0.2,0.03,physics_filtered_s0.4,physics_informed,False,physics_filtered_s1.3,9.38607605215962,8.942533774794981,1.0495991727326472,0.025830710469479903,0.02423074323196899,1.0660304647334942,0.00042218051019555353,62.16313009254796,True,False,False,physics-filtered candidate selected by residual-calibrated certificate
nls,2,0.2,0.03,physics_filtered_s0.8,physics_informed,True,physics_filtered_s1.3,6.006778799394895,8.942533774794981,0.6717088188500508,0.017185155209494932,0.02423074323196899,0.7092293886434468,0.003225730936972859,39.654704155345925,True,False,False,physics-filtered candidate selected by residual-calibrated certificate
nls,2,0.2,0.03,physics_filtered_s1.3,physics_informed,True,physics_filtered_s1.3,4.71275100509242,8.942533774794981,0.5270039928029165,0.016321431536547398,0.02423074323196899,0.6735836115146491,0.00553134711167372,31.032097573530542,True,False,False,physics-filtered candidate selected by residual-calibrated certificate
nls,2,0.2,0.03,physics_filtered_s2,physics_informed,False,physics_filtered_s1.3,4.217371604585222,8.942533774794981,0.47160812704690497,0.023294243225728154,0.02423074323196899,0.9613507518842175,0.010374384979122537,27.71624390747388,True,False,False,physics-filtered candidate selected by residual-calibrated certificate
nls,3,0.2,0.03,data_only_lowrank,data_only,False,physics_filtered_s1.3,10.315382484606316,8.945312833319047,1.1531606190655457,0.028483015936767553,0.024039290923217695,1.184852582655554,0.0,68.38048621571683,True,False,False,data-driven candidate without PDE residual selection
nls,3,0.2,0.03,risky_sensor_overfit,risky,False,physics_filtered_s1.3,95.37346220331608,8.945312833319047,10.661836425447659,0.20141766478445897,0.024039290923217695,8.378685769867968,0.0,634.2858646858563,True,False,False,fits observed points but injects high-frequency nonphysical structure
nls,3,0.2,0.03,underfit_oversmooth,underfit,False,physics_filtered_s1.3,3.305977542420853,8.945312833319047,0.3695765149885587,0.045540179136943464,0.024039290923217695,1.894406090450252,0.03025428226146981,21.538236463254673,True,False,False,oversmoothed challenge candidate; shown for diagnosis but not eligible for safe replacement
nls,3,0.2,0.03,physics_filtered_s0.4,physics_informed,False,physics_filtered_s1.3,9.439045793756042,8.945312833319047,1.0551945996340015,0.026036199875748987,0.024039290923217695,1.0830685463155474,0.00042716693703823876,62.54316983111693,True,False,False,physics-filtered candidate selected by residual-calibrated certificate
nls,3,0.2,0.03,physics_filtered_s0.8,physics_informed,True,physics_filtered_s1.3,6.054789012006919,8.945312833319047,0.6768672180422435,0.017567326988544973,0.024039290923217695,0.7307755891771032,0.0032655324955058835,39.99182661473687,True,False,False,physics-filtered candidate selected by residual-calibrated certificate
nls,3,0.2,0.03,physics_filtered_s1.3,physics_informed,True,physics_filtered_s1.3,4.7443793025957115,8.945312833319047,0.5303760070775343,0.017002163766102297,0.024039290923217695,0.7072656102752995,0.00557492414011653,31.25637649535705,True,False,False,physics-filtered candidate selected by residual-calibrated certificate
nls,3,0.2,0.03,physics_filtered_s2,physics_informed,False,physics_filtered_s1.3,4.226840990579733,8.945312833319047,0.4725201979337534,0.024349438233687504,0.024039290923217695,1.0129016829343067,0.010345173140620594,27.789867881873914,True,False,False,physics-filtered candidate selected by residual-calibrated certificate
nls,4,0.2,0.03,data_only_lowrank,data_only,False,physics_filtered_s1.3,10.626468768391927,9.104998193094653,1.1671027871757305,0.028891658404425667,0.025143483769516063,1.1490714122243004,0.0,70.42974732095901,True,False,False,data-driven candidate without PDE residual selection
nls,4,0.2,0.03,risky_sensor_overfit,risky,False,physics_filtered_s1.3,96.3200018407014,9.104998193094653,10.578805157121407,0.2006786243941049,0.025143483769516063,7.981337281090147,0.0,640.6699865579745,True,False,False,fits observed points but injects high-frequency nonphysical structure
nls,4,0.2,0.03,underfit_oversmooth,underfit,False,physics_filtered_s1.3,3.378260275602407,9.104998193094653,0.3710336019796414,0.0421550683418331,0.025143483769516063,1.6765802514313983,0.03186491378874018,22.008102057624242,True,False,False,oversmoothed challenge candidate; shown for diagnosis but not eligible for safe replacement
nls,4,0.2,0.03,physics_filtered_s0.4,physics_informed,False,physics_filtered_s1.3,9.714854179411287,9.104998193094653,1.0669803522616939,0.026497051008403466,0.025143483769516063,1.0538337189166536,0.0004283353875806631,64.36107383469275,True,False,False,physics-filtered candidate selected by residual-calibrated certificate
nls,4,0.2,0.03,physics_filtered_s0.8,physics_informed,True,physics_filtered_s1.3,6.1730329829533535,9.104998193094653,0.6779828894018214,0.018072547879795144,0.025143483769516063,0.7187766040992104,0.0032684858800787475,40.77527927569583,True,False,False,physics-filtered candidate selected by residual-calibrated certificate
nls,4,0.2,0.03,physics_filtered_s1.3,physics_informed,True,physics_filtered_s1.3,4.815349421869131,9.104998193094653,0.5288687948912087,0.016772946190366348,0.025143483769516063,0.667089188731864,0.005634656515353497,31.726419687434888,True,False,False,physics-filtered candidate selected by residual-calibrated certificate
nls,4,0.2,0.03,physics_filtered_s2,physics_informed,False,physics_filtered_s1.3,4.297739485134147,9.104998193094653,0.47201980648311775,0.02275453666940567,0.025143483769516063,0.9049874264475738,0.010681180468139604,28.257344851530796,True,False,False,physics-filtered candidate selected by residual-calibrated certificate
nls,5,0.2,0.03,data_only_lowrank,data_only,False,physics_filtered_s1.3,10.69191320477443,9.227107908759208,1.1587502075946827,0.02869294468542512,0.024352856197516114,1.1782168157825144,0.0,70.87900932222357,True,False,False,data-driven candidate without PDE residual selection
nls,5,0.2,0.03,risky_sensor_overfit,risky,False,physics_filtered_s1.3,95.44203787541196,9.227107908759208,10.343656844502638,0.20251458156072513,0.024352856197516114,8.315845168628101,0.0,634.7231703351732,True,False,False,fits observed points but injects high-frequency nonphysical structure
nls,5,0.2,0.03,underfit_oversmooth,underfit,False,physics_filtered_s1.3,3.4151635298529963,9.227107908759208,0.37012285578785126,0.04391571208830991,0.024352856197516114,1.8033084797250936,0.031205836017138673,22.25851597576579,True,False,False,oversmoothed challenge candidate; shown for diagnosis but not eligible for safe replacement
nls,5,0.2,0.03,physics_filtered_s0.4,physics_informed,False,physics_filtered_s1.3,9.775245157746179,9.227107908759208,1.0594050979360032,0.026225172115684797,0.024352856197516114,1.0768828059389095,0.00042858112004348463,64.77620533123337,True,False,False,physics-filtered candidate selected by residual-calibrated certificate
nls,5,0.2,0.03,physics_filtered_s0.8,physics_informed,True,physics_filtered_s1.3,6.210279232829134,9.227107908759208,0.673047209834091,0.017614332577898118,0.024352856197516114,0.723296373711245,0.003272307698907695,41.0342111242339,True,False,False,physics-filtered candidate selected by residual-calibrated certificate
nls,5,0.2,0.03,physics_filtered_s1.3,physics_informed,True,physics_filtered_s1.3,4.85611944218274,9.227107908759208,0.5262883549429767,0.016617372322009175,0.024352856197516114,0.6823582493383966,0.00562262769239926,32.008474265359006,True,False,False,physics-filtered candidate selected by residual-calibrated certificate
nls,5,0.2,0.03,physics_filtered_s2,physics_informed,False,physics_filtered_s1.3,4.341409788305617,9.227107908759208,0.4705060167535145,0.023325978049780437,0.024352856197516114,0.9578333588321256,0.010570724556296967,28.557983762344687,True,False,False,physics-filtered candidate selected by residual-calibrated certificate
nls,1,0.2,0.05,data_only_lowrank,data_only,False,physics_filtered_s1.3,17.129397201856627,14.69527547445307,1.1656397480696417,0.04666035188911932,0.038687217141564235,1.2060922272381005,0.0,113.51503663104921,True,False,False,data-driven candidate without PDE residual selection
nls,1,0.2,0.05,risky_sensor_overfit,risky,False,physics_filtered_s1.3,96.5780980425606,14.69527547445307,6.572050875157104,0.20773013755265038,0.038687217141564235,5.369477385441164,0.0,642.1111238519139,True,False,False,fits observed points but injects high-frequency nonphysical structure
nls,1,0.2,0.05,underfit_oversmooth,underfit,False,physics_filtered_s1.3,4.475885723491663,14.69527547445307,0.30457991286195624,0.044325638614614436,0.038687217141564235,1.1457437853767654,0.038133295616638536,29.06924977673129,True,False,False,oversmoothed challenge candidate; shown for diagnosis but not eligible for safe replacement
nls,1,0.2,0.05,physics_filtered_s0.4,physics_informed,False,physics_filtered_s1.3,15.654627132101586,14.69527547445307,1.0652829992411665,0.04245054199177236,0.038687217141564235,1.0972756669299861,0.0007001214875719242,103.69409054629098,True,False,False,physics-filtered candidate selected by residual-calibrated certificate
nls,1,0.2,0.05,physics_filtered_s0.8,physics_informed,True,physics_filtered_s1.3,9.999423836222192,14.69527547445307,0.6804516086551057,0.027204667796185113,0.038687217141564235,0.7031952620405499,0.005292518475770944,66.02256777175008,True,False,False,physics-filtered candidate selected by residual-calibrated certificate
nls,1,0.2,0.05,physics_filtered_s1.3,physics_informed,True,physics_filtered_s1.3,7.770930826794829,14.69527547445307,0.528804705995722,0.022775023307863896,0.038687217141564235,0.5886963444265545,0.008804483310840357,51.1718100815794,True,False,False,physics-filtered candidate selected by residual-calibrated certificate
nls,1,0.2,0.05,physics_filtered_s2,physics_informed,False,physics_filtered_s1.3,6.602336432815969,14.69527547445307,0.4492829307142503,0.025978689990160196,0.038687217141564235,0.6715057817270105,0.015141100645077878,43.36858642597263,True,False,False,physics-filtered candidate selected by residual-calibrated certificate
nls,2,0.2,0.05,data_only_lowrank,data_only,False,physics_filtered_s1.3,17.0852722977808,14.678271670674011,1.1639839267939573,0.04610444534166958,0.03808343736605947,1.2106167018827965,0.0,113.24454458359314,True,False,False,data-driven candidate without PDE residual selection
nls,2,0.2,0.05,risky_sensor_overfit,risky,False,physics_filtered_s1.3,97.48120928905064,14.678271670674011,6.641191243503382,0.2018514109103066,0.03808343736605947,5.300241387477785,0.0,648.2746885819907,True,False,False,fits observed points but injects high-frequency nonphysical structure
nls,2,0.2,0.05,underfit_oversmooth,underfit,False,physics_filtered_s1.3,4.466407001504986,14.678271670674011,0.3042869829441976,0.04710482520692833,0.03808343736605947,1.2368848103945567,0.03875970436319883,29.024218086801955,True,False,False,oversmoothed challenge candidate; shown for diagnosis but not eligible for safe replacement
nls,2,0.2,0.05,physics_filtered_s0.4,physics_informed,False,physics_filtered_s1.3,15.615613800247427,14.678271670674011,1.0638591620732218,0.0419701518828939,0.03808343736605947,1.1020578704168198,0.0007089093479039953,103.45830428941238,True,False,False,physics-filtered candidate selected by residual-calibrated certificate
nls,2,0.2,0.05,physics_filtered_s0.8,physics_informed,True,physics_filtered_s1.3,9.956101530477392,14.678271670674011,0.678288408462162,0.027216075195691226,0.03808343736605947,0.7146433483242234,0.005356343325467084,65.76027057992944,True,False,False,physics-filtered candidate selected by residual-calibrated certificate
nls,2,0.2,0.05,physics_filtered_s1.3,physics_informed,True,physics_filtered_s1.3,7.720555509522051,14.678271670674011,0.5259853259799357,0.02318518461271222,0.03808343736605947,0.6087996834226524,0.008894907640339723,50.863862097969374,True,False,False,physics-filtered candidate selected by residual-calibrated certificate
nls,2,0.2,0.05,physics_filtered_s2,physics_informed,False,physics_filtered_s1.3,6.552726966415067,14.678271670674011,0.44642360581909885,0.0271154529243658,0.03808343736605947,0.7120011952445106,0.015314678965512573,43.06221559735481,True,False,False,physics-filtered candidate selected by residual-calibrated certificate
nls,3,0.2,0.05,data_only_lowrank,data_only,False,physics_filtered_s1.3,17.569576377325532,15.016039115881643,1.1700539830601522,0.04604402004342778,0.038253689777278256,1.2036491201320176,0.0,116.42490290989664,True,False,False,data-driven candidate without PDE residual selection
nls,3,0.2,0.05,risky_sensor_overfit,risky,False,physics_filtered_s1.3,96.27118688465929,15.016039115881643,6.411223768246056,0.20346978874470853,0.038253689777278256,5.318958508944818,0.0,640.1000789147823,True,False,False,fits observed points but injects high-frequency nonphysical structure
nls,3,0.2,0.05,underfit_oversmooth,underfit,False,physics_filtered_s1.3,4.498455644594016,15.016039115881643,0.2995767132649479,0.04676282017317445,0.038253689777278256,1.222439467779863,0.0384038491462782,29.217086399325794,True,False,False,oversmoothed challenge candidate; shown for diagnosis but not eligible for safe replacement
nls,3,0.2,0.05,physics_filtered_s0.4,physics_informed,False,physics_filtered_s1.3,16.031709904062474,15.016039115881643,1.0676390611626434,0.04195129101515382,0.038253689777278256,1.0966599890966644,0.0007142304798042353,106.18530792833536,True,False,False,physics-filtered candidate selected by residual-calibrated certificate
nls,3,0.2,0.05,physics_filtered_s0.8,physics_informed,True,physics_filtered_s1.3,10.154571355921593,15.016039115881643,0.6762483287074673,0.027386377136683966,0.038253689777278256,0.7159146554337062,0.00541799685020485,67.0420133131189,True,False,False,physics-filtered candidate selected by residual-calibrated certificate
nls,3,0.2,0.05,physics_filtered_s1.3,physics_informed,True,physics_filtered_s1.3,7.877995117805885,15.016039115881643,0.5246386918021035,0.023393503779154556,0.038253689777278256,0.6115358783622014,0.009000363538433226,51.871004191147,True,False,False,physics-filtered candidate selected by residual-calibrated certificate
nls,3,0.2,0.05,physics_filtered_s2,physics_informed,False,physics_filtered_s1.3,6.681957935631035,15.016039115881643,0.4449880480507971,0.027266755889499786,0.038253689777278256,0.7127876042164899,0.015409309796883049,43.8827770425268,True,False,False,physics-filtered candidate selected by residual-calibrated certificate
nls,4,0.2,0.05,data_only_lowrank,data_only,False,physics_filtered_s1.3,17.057189207115748,14.723978004488433,1.1584633719172157,0.04694657787763972,0.03887536677210757,1.2076176194462427,0.0,113.01373334232075,True,False,False,data-driven candidate without PDE residual selection
nls,4,0.2,0.05,risky_sensor_overfit,risky,False,physics_filtered_s1.3,97.00570739709283,14.723978004488433,6.5882811946279185,0.20636950429795067,0.03887536677210757,5.308490219588331,0.0,645.1122823950283,True,False,False,fits observed points but injects high-frequency nonphysical structure
nls,4,0.2,0.05,underfit_oversmooth,underfit,False,physics_filtered_s1.3,4.449798768790947,14.723978004488433,0.3022144401081131,0.042778629545747175,0.03887536677210757,1.1004045259668067,0.0392414095679199,28.892848211634863,True,False,False,oversmoothed challenge candidate; shown for diagnosis but not eligible for safe replacement
nls,4,0.2,0.05,physics_filtered_s0.4,physics_informed,False,physics_filtered_s1.3,15.597663915282157,14.723978004488433,1.0593376267287502,0.04268949684988707,0.03887536677210757,1.0981117451326008,0.0007026098148998034,103.29615703600929,True,False,False,physics-filtered candidate selected by residual-calibrated certificate
nls,4,0.2,0.05,physics_filtered_s0.8,physics_informed,True,physics_filtered_s1.3,9.954773901071437,14.723978004488433,0.6760926903066661,0.02722949748928373,0.03887536677210757,0.7004306261136041,0.00531656553820644,65.71464833033599,True,False,False,physics-filtered candidate selected by residual-calibrated certificate
nls,4,0.2,0.05,physics_filtered_s1.3,physics_informed,True,physics_filtered_s1.3,7.705141291995075,14.723978004488433,0.5233056779659497,0.022531436861782116,0.03887536677210757,0.5795813321398287,0.008847609498324855,50.72648126328758,True,False,False,physics-filtered candidate selected by residual-calibrated certificate
nls,4,0.2,0.05,physics_filtered_s2,physics_informed,False,physics_filtered_s1.3,6.539717899695863,14.723978004488433,0.4441542834213595,0.025126116999447803,0.03887536677210757,0.6463248860414367,0.015299305759319723,42.942953515154166,True,False,False,physics-filtered candidate selected by residual-calibrated certificate
nls,5,0.2,0.05,data_only_lowrank,data_only,False,physics_filtered_s1.3,17.74767347549207,15.19632693511685,1.167892317088691,0.04709404839867646,0.038703304426781035,1.216796578352948,0.0,117.6366852171529,True,False,False,data-driven candidate without PDE residual selection
nls,5,0.2,0.05,risky_sensor_overfit,risky,False,physics_filtered_s1.3,96.17618179385865,15.19632693511685,6.328909755922725,0.2075645552729954,0.038703304426781035,5.362967279972265,0.0,639.3992086003839,True,False,False,fits observed points but injects high-frequency nonphysical structure
nls,5,0.2,0.05,underfit_oversmooth,underfit,False,physics_filtered_s1.3,4.506943503409609,15.19632693511685,0.29658110954393313,0.042536162311844934,0.038703304426781035,1.0990317994995977,0.03910707884559295,29.279931512412205,True,False,False,oversmoothed challenge candidate; shown for diagnosis but not eligible for safe replacement
nls,5,0.2,0.05,physics_filtered_s0.4,physics_informed,False,physics_filtered_s1.3,16.20304260887969,15.19632693511685,1.0662473029212987,0.0427507081895481,0.038703304426781035,1.104575147306075,0.0006925372066384626,107.35325444416108,True,False,False,physics-filtered candidate selected by residual-calibrated certificate
nls,5,0.2,0.05,physics_filtered_s0.8,physics_informed,True,physics_filtered_s1.3,10.20359448854668,15.19632693511685,0.6714513666435242,0.027037535859854474,0.038703304426781035,0.6985846882998205,0.005230826851091446,67.3986593741029,True,False,False,physics-filtered candidate selected by residual-calibrated certificate
nls,5,0.2,0.05,physics_filtered_s1.3,physics_informed,True,physics_filtered_s1.3,7.887537620639528,15.19632693511685,0.519042374799918,0.022289094051724877,0.038703304426781035,0.5758964093961414,0.008722436971178608,51.96553747254627,True,False,False,physics-filtered candidate selected by residual-calibrated certificate
nls,5,0.2,0.05,physics_filtered_s2,physics_informed,False,physics_filtered_s1.3,6.678348005700942,15.19632693511685,0.43947119815299956,0.025055743770791172,0.038703304426781035,0.6473799625441359,0.015145113140165315,43.88805353163432,True,False,False,physics-filtered candidate selected by residual-calibrated certificate
ks,1,0.03,0.0,data_only_lowrank,data_only,True,physics_filtered_s1.3,2467641340.9420094,2489379482.0930014,0.9912676466937395,0.023996859262214138,0.024322747937012775,0.9866014861219969,0.0,1108.7693322976834,True,False,False,data-driven candidate without PDE residual selection
ks,1,0.03,0.0,risky_sensor_overfit,risky,False,physics_filtered_s1.3,7904608660.701308,2489379482.0930014,3.175332936405233,0.20032779905161693,0.024322747937012775,8.236232170894429,0.0,76782.09975087084,True,False,False,fits observed points but injects high-frequency nonphysical structure
ks,1,0.03,0.0,underfit_oversmooth,underfit,False,physics_filtered_s1.3,2440107890.036256,2489379482.0930014,0.9802072796007303,0.024029895832828985,0.024322747937012775,0.9879597442719001,0.009216436956283993,265.39163023963187,True,False,False,oversmoothed challenge candidate; shown for diagnosis but not eligible for safe replacement
ks,1,0.03,0.0,physics_filtered_s0.4,physics_informed,False,physics_filtered_s1.3,2458790129.0085382,2489379482.0930014,0.9877120570389114,0.023674699796573065,0.024322747937012775,0.9733562941534699,8.462099674088345e-05,985.5561071573626,True,False,False,physics-filtered candidate selected by residual-calibrated certificate
ks,1,0.03,0.0,physics_filtered_s0.8,physics_informed,True,physics_filtered_s1.3,2424669393.9583426,2489379482.0930014,0.9740055348731916,0.0224283117588602,0.024322747937012775,0.922112576096229,0.0007784698669928491,523.31114027345,True,False,False,physics-filtered candidate selected by residual-calibrated certificate
ks,1,0.03,0.0,physics_filtered_s1.3,physics_informed,True,physics_filtered_s1.3,2412540301.3587847,2489379482.0930014,0.9691331991418148,0.02197573402513577,0.024322747937012775,0.9035053967233292,0.0015744628562377428,361.70438501996057,True,False,False,physics-filtered candidate selected by residual-calibrated certificate
ks,1,0.03,0.0,physics_filtered_s2,physics_informed,False,physics_filtered_s1.3,2414558577.0442443,2489379482.0930014,0.9699439536691892,0.022130936744111984,0.024322747937012775,0.909886366479368,0.0032354370924327818,338.47308295990854,True,False,False,physics-filtered candidate selected by residual-calibrated certificate
ks,2,0.03,0.0,data_only_lowrank,data_only,True,physics_filtered_s1.3,2518462943.784553,2543887577.254729,0.9900055986367082,0.023447097409808246,0.023776172302128147,0.9861594671705587,0.0,931.6579205030051,True,False,False,data-driven candidate without PDE residual selection
ks,2,0.03,0.0,risky_sensor_overfit,risky,False,physics_filtered_s1.3,8764271062.128141,2543887577.254729,3.44522735221901,0.2003179994879694,0.023776172302128147,8.425157629834903,0.0,76769.77893972045,True,False,False,fits observed points but injects high-frequency nonphysical structure
ks,2,0.03,0.0,underfit_oversmooth,underfit,False,physics_filtered_s1.3,2453236386.3909545,2543887577.254729,0.9643650955041018,0.023611247388249584,0.023776172302128147,0.9930634370925692,0.010067159583994421,289.5808346749431,True,False,False,oversmoothed challenge candidate; shown for diagnosis but not eligible for safe replacement
ks,2,0.03,0.0,physics_filtered_s0.4,physics_informed,False,physics_filtered_s1.3,2507107707.8723173,2543887577.254729,0.9855418652493665,0.023148634473316304,0.023776172302128147,0.9736064400185526,7.413152999635418e-05,844.860935269193,True,False,False,physics-filtered candidate selected by residual-calibrated certificate
ks,2,0.03,0.0,physics_filtered_s0.8,physics_informed,True,physics_filtered_s1.3,2457992503.7755876,2543887577.254729,0.9662347211224499,0.021748151882826333,0.023776172302128147,0.9147036623706251,0.0006993799829243703,470.54915150374586,True,False,False,physics-filtered candidate selected by residual-calibrated certificate
ks,2,0.03,0.0,physics_filtered_s1.3,physics_informed,True,physics_filtered_s1.3,2429333356.7514386,2543887577.254729,0.9549688352867728,0.0211331462362338,0.023776172302128147,0.8888371924127327,0.001554085396201539,340.8981940835482,True,False,False,physics-filtered candidate selected by residual-calibrated certificate
ks,2,0.03,0.0,physics_filtered_s2,physics_informed,False,physics_filtered_s1.3,2411104854.058548,2543887577.254729,0.9478032266899644,0.021355959918265728,0.023776172302128147,0.8982084940331628,0.00343063058202017,353.9138219489201,True,False,False,physics-filtered candidate selected by residual-calibrated certificate
ks,3,0.03,0.0,data_only_lowrank,data_only,True,data_only_lowrank,2600446192.404269,2630253514.789906,0.9886675097217701,0.0377260135427089,0.03796033950220128,0.9938270847005302,0.0,577.2948719022586,True,False,False,data-driven candidate without PDE residual selection
ks,3,0.03,0.0,risky_sensor_overfit,risky,False,data_only_lowrank,7847189251.029763,2630253514.789906,2.9834345651113274,0.20097536393130833,0.03796033950220128,5.294351066442902,0.0,76802.13708437998,True,False,False,fits observed points but injects high-frequency nonphysical structure
ks,3,0.03,0.0,underfit_oversmooth,underfit,False,data_only_lowrank,2678321700.6234264,2630253514.789906,1.018275115141272,0.03649314804163248,0.03796033950220128,0.9613493588105272,0.014602915021349819,406.1829380487136,True,False,False,oversmoothed challenge candidate; shown for diagnosis but not eligible for safe replacement
ks,3,0.03,0.0,physics_filtered_s0.4,physics_informed,False,data_only_lowrank,2600449814.640042,2630253514.789906,0.9886688868649816,0.0369312943150266,0.03796033950220128,0.9728915704748136,0.00016795761252916987,540.4238374245214,True,False,False,physics-filtered candidate selected by residual-calibrated certificate
ks,3,0.03,0.0,physics_filtered_s0.8,physics_informed,True,data_only_lowrank,2604786641.045829,2630253514.789906,0.990317711353344,0.03355308482134428,0.03796033950220128,0.883898438751178,0.0015567156163316899,492.3458940685526,True,False,False,physics-filtered candidate selected by residual-calibrated certificate
ks,3,0.03,0.0,physics_filtered_s1.3,physics_informed,True,data_only_lowrank,2610828942.322766,2630253514.789906,0.9926149428722685,0.03280504601156564,0.03796033950220128,0.8641926400262863,0.003020764439293382,532.9277815471295,True,False,False,physics-filtered candidate selected by residual-calibrated certificate
ks,3,0.03,0.0,physics_filtered_s2,physics_informed,False,data_only_lowrank,2628826949.5236225,2630253514.789906,0.9994576320273837,0.033594469635922344,0.03796033950220128,0.8849886506702409,0.0057415170749332564,562.0393237721413,True,False,False,physics-filtered candidate selected by residual-calibrated certificate
ks,4,0.03,0.0,data_only_lowrank,data_only,True,physics_filtered_s1.3,2409889626.479736,2430012266.8526077,0.9917191198384627,0.07120874610259592,0.07131344421731019,0.9985318600600224,0.0,901.6450759008271,True,False,False,data-driven candidate without PDE residual selection
ks,4,0.03,0.0,risky_sensor_overfit,risky,False,physics_filtered_s1.3,8670076327.973114,2430012266.8526077,3.5679146341111854,0.21223576880416473,0.07131344421731019,2.9760975806252223,0.0,76866.09484001044,True,False,False,fits observed points but injects high-frequency nonphysical structure
ks,4,0.03,0.0,underfit_oversmooth,underfit,False,physics_filtered_s1.3,2283553338.477677,2430012266.8526077,0.9397291403122722,0.0612088297386144,0.07131344421731019,0.8583070192380167,0.033810836936355324,945.9044481813595,True,False,False,oversmoothed challenge candidate; shown for diagnosis but not eligible for safe replacement
ks,4,0.03,0.0,physics_filtered_s0.4,physics_informed,False,physics_filtered_s1.3,2378048474.6231227,2430012266.8526077,0.9786158313115063,0.06842100650814228,0.07131344421731019,0.9594404990268965,0.0004474229866814126,838.8965362878754,True,False,False,physics-filtered candidate selected by residual-calibrated certificate
ks,4,0.03,0.0,physics_filtered_s0.8,physics_informed,True,physics_filtered_s1.3,2234161741.014813,2430012266.8526077,0.919403482645187,0.05711793069810873,0.07131344421731019,0.8009419727822279,0.0041619270119884425,1091.740789854318,True,False,False,physics-filtered candidate selected by residual-calibrated certificate
ks,4,0.03,0.0,physics_filtered_s1.3,physics_informed,True,physics_filtered_s1.3,2193297830.5949206,2430012266.8526077,0.9025871434944304,0.05497429315805797,0.07131344421731019,0.7708825980942169,0.00786934134820383,1341.045891194312,True,False,False,physics-filtered candidate selected by residual-calibrated certificate
ks,4,0.03,0.0,physics_filtered_s2,physics_informed,False,physics_filtered_s1.3,2206314272.4390984,2430012266.8526077,0.9079436768838839,0.056533450304432235,0.07131344421731019,0.7927460372179991,0.014374111036497104,1409.3792836062776,True,False,False,physics-filtered candidate selected by residual-calibrated certificate
ks,5,0.03,0.0,data_only_lowrank,data_only,True,physics_filtered_s1.3,1544305641.7819667,1564150756.2049992,0.9873125308770228,0.06276219130871435,0.06286835104327981,0.9983113962144372,0.0,744.5654693589814,True,False,False,data-driven candidate without PDE residual selection
ks,5,0.03,0.0,risky_sensor_overfit,risky,False,physics_filtered_s1.3,7620991854.347416,1564150756.2049992,4.872287293353839,0.20821626976616955,0.06286835104327981,3.311941005411728,0.0,76784.02109477097,True,False,False,fits observed points but injects high-frequency nonphysical structure
ks,5,0.03,0.0,underfit_oversmooth,underfit,False,physics_filtered_s1.3,1421341646.6282194,1564150756.2049992,0.9086986283066035,0.05204866510889033,0.06286835104327981,0.8278993204741619,0.02208466188733517,600.9048513813401,True,False,False,oversmoothed challenge candidate; shown for diagnosis but not eligible for safe replacement
ks,5,0.03,0.0,physics_filtered_s0.4,physics_informed,False,physics_filtered_s1.3,1496419112.6569421,1564150756.2049992,0.9566974965300723,0.060633137259546124,0.06286835104327981,0.9644461203832215,0.0002877007070718069,685.0608562004096,True,False,False,physics-filtered candidate selected by residual-calibrated certificate
ks,5,0.03,0.0,physics_filtered_s0.8,physics_informed,True,physics_filtered_s1.3,1280607000.7101514,1564150756.2049992,0.8187235121870272,0.05117821925046671,0.06286835104327981,0.8140537870067652,0.002667847527247826,744.7065049871227,True,False,False,physics-filtered candidate selected by residual-calibrated certificate
ks,5,0.03,0.0,physics_filtered_s1.3,physics_informed,True,physics_filtered_s1.3,1223718856.239402,1564150756.2049992,0.7823535240352626,0.048537597304274,0.06286835104327981,0.7720513819439562,0.004988588743164407,870.0428209576138,True,False,False,physics-filtered candidate selected by residual-calibrated certificate
ks,5,0.03,0.0,physics_filtered_s2,physics_informed,False,physics_filtered_s1.3,1267925055.0534315,1564150756.2049992,0.8106156328113273,0.04901324090941967,0.06286835104327981,0.7796170902414534,0.009104120489819071,890.9160054835673,True,False,False,physics-filtered candidate selected by residual-calibrated certificate
ks,1,0.03,0.01,data_only_lowrank,data_only,True,physics_filtered_s0.8,1527919586.072522,1591529765.147559,0.9600320518861679,0.04553223564797697,0.04570707258286355,0.996174838465846,0.0,896.6742302045633,True,False,False,data-driven candidate without PDE residual selection
ks,1,0.03,0.01,risky_sensor_overfit,risky,False,physics_filtered_s0.8,9734950524.747398,1591529765.147559,6.1167253908347865,0.2027078741174855,0.04570707258286355,4.43493452234457,0.0,76624.15161872107,True,False,False,fits observed points but injects high-frequency nonphysical structure
ks,1,0.03,0.01,underfit_oversmooth,underfit,False,physics_filtered_s0.8,1700408971.6572807,1591529765.147559,1.0684116683797158,0.03962241804421746,0.04570707258286355,0.8668771768639977,0.017466809463486343,501.2921519344279,True,False,False,oversmoothed challenge candidate; shown for diagnosis but not eligible for safe replacement
ks,1,0.03,0.01,physics_filtered_s0.4,physics_informed,False,physics_filtered_s0.8,1516157111.3835874,1591529765.147559,0.9526413797501403,0.04439238711173624,0.04570707258286355,0.9712367168184941,0.00018732776528629526,833.1592157855948,True,False,False,physics-filtered candidate selected by residual-calibrated certificate
ks,1,0.03,0.01,physics_filtered_s0.8,physics_informed,True,physics_filtered_s0.8,1473595389.0779033,1591529765.147559,0.9258987304841758,0.03928046091110621,0.04570707258286355,0.8593956840931835,0.0017203459314314318,644.7332506287253,True,False,False,physics-filtered candidate selected by residual-calibrated certificate
ks,1,0.03,0.01,physics_filtered_s1.3,physics_informed,True,physics_filtered_s0.8,1475208381.4496458,1591529765.147559,0.926912216004249,0.03759829524614905,0.04570707258286355,0.8225925031003358,0.0034540779313019664,647.9050415119126,True,False,False,physics-filtered candidate selected by residual-calibrated certificate
ks,1,0.03,0.01,physics_filtered_s2,physics_informed,False,physics_filtered_s0.8,1533465772.5197496,1591529765.147559,0.9635168666654338,0.0375850767482813,0.04570707258286355,0.8223033028273694,0.006847892245994158,696.7686538198777,True,False,False,physics-filtered candidate selected by residual-calibrated certificate
ks,2,0.03,0.01,data_only_lowrank,data_only,True,physics_filtered_s1.3,1501801403.1693559,1577873944.230822,0.9517879477384045,0.027028269067828497,0.027290232501732393,0.9904008353583039,0.0,1008.0482022736935,True,False,False,data-driven candidate without PDE residual selection
ks,2,0.03,0.01,risky_sensor_overfit,risky,False,physics_filtered_s1.3,8632494591.238909,1577873944.230822,5.470965930327885,0.20097731198776247,0.027290232501732393,7.364441177539984,0.0,76900.93378928855,True,False,False,fits observed points but injects high-frequency nonphysical structure
ks,2,0.03,0.01,underfit_oversmooth,underfit,False,physics_filtered_s1.3,1635524692.9433894,1577873944.230822,1.0365369799807873,0.02633245823278492,0.027290232501732393,0.9649041366777811,0.012021324038343259,328.3586632543562,True,False,False,oversmoothed challenge candidate; shown for diagnosis but not eligible for safe replacement
ks,2,0.03,0.01,physics_filtered_s0.4,physics_informed,False,physics_filtered_s1.3,1500363012.9226053,1577873944.230822,0.9508763475107629,0.026642970670735778,0.027290232501732393,0.9762822895725858,0.00012561175084608946,925.2100407902294,True,False,False,physics-filtered candidate selected by residual-calibrated certificate
ks,2,0.03,0.01,physics_filtered_s0.8,physics_informed,True,physics_filtered_s1.3,1498443741.185294,1577873944.230822,0.9496599818154368,0.024908007957766782,0.027290232501732393,0.9127077959219625,0.0011161657581799426,580.9616274594205,True,False,False,physics-filtered candidate selected by residual-calibrated certificate
ks,2,0.03,0.01,physics_filtered_s1.3,physics_informed,True,physics_filtered_s1.3,1490553155.4648936,1577873944.230822,0.944659211158661,0.024190835516832453,0.027290232501732393,0.8864283407776165,0.0022118141928926167,453.35834049719347,True,False,False,physics-filtered candidate selected by residual-calibrated certificate
ks,2,0.03,0.01,physics_filtered_s2,physics_informed,False,physics_filtered_s1.3,1519747634.270189,1577873944.230822,0.9631616263306964,0.024299242376304583,0.027290232501732393,0.8904007092600498,0.004464763994623913,439.58897158100723,True,False,False,physics-filtered candidate selected by residual-calibrated certificate
ks,3,0.03,0.01,data_only_lowrank,data_only,True,physics_filtered_s1.3,2521704407.9366217,2584003756.411767,0.9758903800659886,0.0201912931941889,0.02067022214700641,0.9768300045162457,0.0,1040.6681947507113,True,False,False,data-driven candidate without PDE residual selection
ks,3,0.03,0.01,risky_sensor_overfit,risky,False,physics_filtered_s1.3,9686706425.406975,2584003756.411767,3.7487199472411974,0.2011158947690555,0.02067022214700641,9.729740364133079,0.0,76849.9168253574,True,False,False,fits observed points but injects high-frequency nonphysical structure
ks,3,0.03,0.01,underfit_oversmooth,underfit,False,physics_filtered_s1.3,2409471255.604811,2584003756.411767,0.9324565607252377,0.020792469799769016,0.02067022214700641,1.0059141914821847,0.011057538466296434,322.89986704282455,True,False,False,oversmoothed challenge candidate; shown for diagnosis but not eligible for safe replacement
ks,3,0.03,0.01,physics_filtered_s0.4,physics_informed,False,physics_filtered_s1.3,2499986304.9427147,2584003756.411767,0.9674855536643175,0.019775037106810372,0.02067022214700641,0.9566920454562036,0.00013273991100022832,958.2612703682331,True,False,False,physics-filtered candidate selected by residual-calibrated certificate
ks,3,0.03,0.01,physics_filtered_s0.8,physics_informed,True,physics_filtered_s1.3,2400575249.952185,2584003756.411767,0.929013839084237,0.01807661035153965,0.02067022214700641,0.8745242417862982,0.0011735811016488386,613.749076896943,True,False,False,physics-filtered candidate selected by residual-calibrated certificate
ks,3,0.03,0.01,physics_filtered_s1.3,physics_informed,True,physics_filtered_s1.3,2356425619.5267572,2584003756.411767,0.9119280936336438,0.0177090549823274,0.02067022214700641,0.8567423637503283,0.002222340067511481,475.05775981719336,True,False,False,physics-filtered candidate selected by residual-calibrated certificate
ks,3,0.03,0.01,physics_filtered_s2,physics_informed,False,physics_filtered_s1.3,2351101207.915105,2584003756.411767,0.9098675658196108,0.018238174044531312,0.02067022214700641,0.8823404951305924,0.00425293282276109,447.05805184850624,True,False,False,physics-filtered candidate selected by residual-calibrated certificate
ks,4,0.03,0.01,data_only_lowrank,data_only,True,physics_filtered_s0.8,1186334986.5156946,1298752417.503407,0.9134419851908245,0.021839532643278436,0.022302816159210682,0.979227577647402,0.0,1409.063833293068,True,False,False,data-driven candidate without PDE residual selection
ks,4,0.03,0.01,risky_sensor_overfit,risky,False,physics_filtered_s0.8,7515070802.190185,1298752417.503407,5.786376757347187,0.19872244640085873,0.022302816159210682,8.910195240518071,0.0,76874.32069252631,True,False,False,fits observed points but injects high-frequency nonphysical structure
ks,4,0.03,0.01,underfit_oversmooth,underfit,False,physics_filtered_s0.8,1433195872.8955624,1298752417.503407,1.1035173860546847,0.022417214050836787,0.022302816159210682,1.0051293024972423,0.010521950402470585,306.36634029554875,True,False,False,oversmoothed challenge candidate; shown for diagnosis but not eligible for safe replacement
ks,4,0.03,0.01,physics_filtered_s0.4,physics_informed,False,physics_filtered_s0.8,1170767040.3690228,1298752417.503407,0.9014551384778859,0.021485779900167798,0.022302816159210682,0.9633662289921703,0.00011799487654265261,1286.1112946785966,True,False,False,physics-filtered candidate selected by residual-calibrated certificate
ks,4,0.03,0.01,physics_filtered_s0.8,physics_informed,True,physics_filtered_s0.8,1112421550.680876,1298752417.503407,0.8565308797032194,0.020024834005107347,0.022302816159210682,0.8978612324677021,0.0010292429512321008,742.6569709251688,True,False,False,physics-filtered candidate selected by residual-calibrated certificate
ks,4,0.03,0.01,physics_filtered_s1.3,physics_informed,True,physics_filtered_s0.8,1131965461.7439356,1298752417.503407,0.871579098901632,0.01959766190865446,0.022302816159210682,0.8787079518512846,0.0019933476189033027,484.2386293515018,True,False,False,physics-filtered candidate selected by residual-calibrated certificate
ks,4,0.03,0.01,physics_filtered_s2,physics_informed,False,physics_filtered_s0.8,1222606393.1943495,1298752417.503407,0.9413698690506132,0.019995273891448718,0.022302816159210682,0.8965358342109849,0.003926861704279261,417.91954923850835,True,False,False,physics-filtered candidate selected by residual-calibrated certificate
ks,5,0.03,0.01,data_only_lowrank,data_only,True,data_only_lowrank,2083918040.593675,2106372232.6481524,0.989339874640178,0.016483265545261527,0.017012818655506343,0.9688732877287037,0.0,1034.9420350893781,False,True,False,data-driven candidate without PDE residual selection
ks,5,0.03,0.01,risky_sensor_overfit,risky,False,data_only_lowrank,9631861550.570107,2106372232.6481524,4.572725276795371,0.19701968157351782,0.017012818655506343,11.580660768294857,0.0,76843.25841922875,False,True,False,fits observed points but injects high-frequency nonphysical structure
ks,5,0.03,0.01,underfit_oversmooth,underfit,False,data_only_lowrank,2271428618.4570394,2106372232.6481524,1.0783605021233007,0.018250711640215207,0.017012818655506343,1.0727623686998773,0.008754254759598361,247.42299497709732,False,True,False,oversmoothed challenge candidate; shown for diagnosis but not eligible for safe replacement
ks,5,0.03,0.01,physics_filtered_s0.4,physics_informed,False,data_only_lowrank,2085840451.9577782,2106372232.6481524,0.9902525392368274,0.016319175314753548,0.017012818655506343,0.9592281940013792,0.00010001505290838039,952.3783791772476,False,True,False,physics-filtered candidate selected by residual-calibrated certificate
ks,5,0.03,0.01,physics_filtered_s0.8,physics_informed,False,data_only_lowrank,2110722772.3567507,2106372232.6481524,1.0020654182775324,0.015693701030041345,0.017012818655506343,0.922463311159758,0.0008556425386600655,575.9004856010747,False,True,False,physics-filtered candidate selected by residual-calibrated certificate
ks,5,0.03,0.01,physics_filtered_s1.3,physics_informed,False,data_only_lowrank,2138181854.9506598,2106372232.6481524,1.0151016149042735,0.015559445357068187,0.017012818655506343,0.9145718690840021,0.0016244348632274083,384.9094225433185,False,True,False,physics-filtered candidate selected by residual-calibrated certificate
ks,5,0.03,0.01,physics_filtered_s2,physics_informed,False,data_only_lowrank,2177254095.4218736,2106372232.6481524,1.0336511570343898,0.015975232346951036,0.017012818655506343,0.939011498887723,0.0031949346283105203,333.52264106376896,False,True,False,physics-filtered candidate selected by residual-calibrated certificate
ks,1,0.03,0.03,data_only_lowrank,data_only,True,physics_filtered_s1.3,2645998184.3261747,2902339442.227876,0.9116777127540497,0.034895227494693794,0.03538584717987419,0.9861351437010226,0.0,2147.7401267996875,True,False,False,data-driven candidate without PDE residual selection
ks,1,0.03,0.03,risky_sensor_overfit,risky,False,physics_filtered_s1.3,7954219407.11845,2902339442.227876,2.740623405859337,0.2019426844278985,0.03538584717987419,5.706877198549797,0.0,76879.06774759124,True,False,False,fits observed points but injects high-frequency nonphysical structure
ks,1,0.03,0.03,underfit_oversmooth,underfit,False,physics_filtered_s1.3,2590965151.42651,2902339442.227876,0.8927161012695499,0.031514503552067155,0.03538584717987419,0.8905962711866492,0.01866429885066919,529.4900833675993,True,False,False,oversmoothed challenge candidate; shown for diagnosis but not eligible for safe replacement
ks,1,0.03,0.03,physics_filtered_s0.4,physics_informed,False,physics_filtered_s1.3,2616825798.445483,2902339442.227876,0.9016263778012028,0.03430359816713625,0.03538584717987419,0.9694157664727923,0.000276332691429701,1994.048919433248,True,False,False,physics-filtered candidate selected by residual-calibrated certificate
ks,1,0.03,0.03,physics_filtered_s0.8,physics_informed,True,physics_filtered_s1.3,2504653941.217125,2902339442.227876,0.8629776051606554,0.03181481304580032,0.03538584717987419,0.8990829831819319,0.002355595624442604,1293.1266512135853,True,False,False,physics-filtered candidate selected by residual-calibrated certificate
ks,1,0.03,0.03,physics_filtered_s1.3,physics_informed,True,physics_filtered_s1.3,2483394370.023876,2902339442.227876,0.8556526276325516,0.03070185861247964,0.03538584717987419,0.8676310180041071,0.0043222400869383885,941.1411455622658,True,False,False,physics-filtered candidate selected by residual-calibrated certificate
ks,1,0.03,0.03,physics_filtered_s2,physics_informed,False,physics_filtered_s1.3,2498038987.1725707,2902339442.227876,0.860698425148728,0.03023744129511978,0.03538584717987419,0.8545066376554894,0.007889973374349588,814.7480955940699,True,False,False,physics-filtered candidate selected by residual-calibrated certificate
ks,2,0.03,0.03,data_only_lowrank,data_only,True,physics_filtered_s1.3,1651053592.9974685,1848467750.8786542,0.8932011890457129,0.024869739126148118,0.02558460453654399,0.9720587664215468,0.0,2193.568873588352,True,False,False,data-driven candidate without PDE residual selection
ks,2,0.03,0.03,risky_sensor_overfit,risky,False,physics_filtered_s1.3,9770880853.87922,1848467750.8786542,5.285935255962518,0.20043298360756967,0.02558460453654399,7.834124749258695,0.0,76881.79524542537,True,False,False,fits observed points but injects high-frequency nonphysical structure
ks,2,0.03,0.03,underfit_oversmooth,underfit,False,physics_filtered_s1.3,1670733510.4306772,1848467750.8786542,0.9038478002315742,0.02147513448419869,0.02558460453654399,0.8393772298760812,0.015773946722305053,460.6291191069478,True,False,False,oversmoothed challenge candidate; shown for diagnosis but not eligible for safe replacement
ks,2,0.03,0.03,physics_filtered_s0.4,physics_informed,False,physics_filtered_s1.3,1620998136.795014,1848467750.8786542,0.8769415295584603,0.024509129859037408,0.02558460453654399,0.9579639905346834,0.00024562720705934905,2035.1305347129812,True,False,False,physics-filtered candidate selected by residual-calibrated certificate
ks,2,0.03,0.03,physics_filtered_s0.8,physics_informed,True,physics_filtered_s1.3,1485310596.9198208,1848467750.8786542,0.8035361159066964,0.02298824062016551,0.02558460453654399,0.898518505002942,0.0020823856061038598,1282.1971173593151,True,False,False,physics-filtered candidate selected by residual-calibrated certificate
ks,2,0.03,0.03,physics_filtered_s1.3,physics_informed,True,physics_filtered_s1.3,1453457484.2701156,1848467750.8786542,0.7863039447559885,0.02192379728618576,0.02558460453654399,0.8569136667332029,0.0037791528845825297,879.9470070997171,True,False,False,physics-filtered candidate selected by residual-calibrated certificate
ks,2,0.03,0.03,physics_filtered_s2,physics_informed,False,physics_filtered_s1.3,1487210985.6448135,1848467750.8786542,0.8045642045623353,0.020963734956097116,0.02558460453654399,0.8193886649814734,0.006805058606852694,726.4571351127663,True,False,False,physics-filtered candidate selected by residual-calibrated certificate
ks,3,0.03,0.03,data_only_lowrank,data_only,True,physics_filtered_s0.8,1314180189.6006765,1459565704.4203668,0.9003912503703101,0.03281158550573535,0.03351204516855865,0.9790982716727901,0.0,2194.8089466751403,True,False,False,data-driven candidate without PDE residual selection
ks,3,0.03,0.03,risky_sensor_overfit,risky,False,physics_filtered_s0.8,9627871460.325308,1459565704.4203668,6.5963946886165,0.20040500714229564,0.03351204516855865,5.98008883457634,0.0,76882.31411256797,True,False,False,fits observed points but injects high-frequency nonphysical structure
ks,3,0.03,0.03,underfit_oversmooth,underfit,False,physics_filtered_s0.8,1545382864.7770867,1459565704.4203668,1.058796366684157,0.0290543470345627,0.03351204516855865,0.8669822115468743,0.017808010255208954,501.2838298485095,True,False,False,oversmoothed challenge candidate; shown for diagnosis but not eligible for safe replacement
ks,3,0.03,0.03,physics_filtered_s0.4,physics_informed,False,physics_filtered_s0.8,1301423726.787266,1459565704.4203668,0.8916513472780567,0.032344500874505064,0.03351204516855865,0.9651604583024928,0.00026712482126753194,2035.3779798871965,True,False,False,physics-filtered candidate selected by residual-calibrated certificate
ks,3,0.03,0.03,physics_filtered_s0.8,physics_informed,True,physics_filtered_s0.8,1270794480.4483218,1459565704.4203668,0.8706661691211695,0.030298458600986036,0.03351204516855865,0.9041065219292632,0.002272893677854028,1302.2102336277403,True,False,False,physics-filtered candidate selected by residual-calibrated certificate
ks,3,0.03,0.03,physics_filtered_s1.3,physics_informed,True,physics_filtered_s0.8,1280802697.8011398,1459565704.4203668,0.8775231522103908,0.02911237930728748,0.03351204516855865,0.868713895555748,0.004173980713557011,920.8065837681114,True,False,False,physics-filtered candidate selected by residual-calibrated certificate
ks,3,0.03,0.03,physics_filtered_s2,physics_informed,False,physics_filtered_s0.8,1330954580.0484936,1459565704.4203668,0.911883977554167,0.028281005098891886,0.03351204516855865,0.8439056749834389,0.007597922796429278,781.2613334641644,True,False,False,physics-filtered candidate selected by residual-calibrated certificate
ks,4,0.03,0.03,data_only_lowrank,data_only,True,physics_filtered_s1.3,1864308711.2550507,1956268092.7208564,0.9529924442319636,0.049162605316763565,0.04948944297570613,0.9933958104944443,0.0,2201.3684614850254,True,False,False,data-driven candidate without PDE residual selection
ks,4,0.03,0.03,risky_sensor_overfit,risky,False,physics_filtered_s1.3,7575877117.93878,1956268092.7208564,3.872617023263895,0.20207186644448363,0.04948944297570613,4.083130750523815,0.0,76699.67726231566,True,False,False,fits observed points but injects high-frequency nonphysical structure
ks,4,0.03,0.03,underfit_oversmooth,underfit,False,physics_filtered_s1.3,1458512316.7891538,1956268092.7208564,0.7455585061250967,0.045433800740433926,0.04948944297570613,0.9180503559480124,0.02451414747368889,677.1588597927538,True,False,False,oversmoothed challenge candidate; shown for diagnosis but not eligible for safe replacement
ks,4,0.03,0.03,physics_filtered_s0.4,physics_informed,False,physics_filtered_s1.3,1824280152.1581154,1956268092.7208564,0.9325307502310857,0.047930149122271476,0.04948944297570613,0.9684923943240059,0.0003254140703877022,2041.40619634676,True,False,False,physics-filtered candidate selected by residual-calibrated certificate
ks,4,0.03,0.03,physics_filtered_s0.8,physics_informed,True,physics_filtered_s1.3,1625754387.9583714,1956268092.7208564,0.8310488700437816,0.04290961648195577,0.04948944297570613,0.8670458566719498,0.0028550687227728985,1354.9532922215064,True,False,False,physics-filtered candidate selected by residual-calibrated certificate
ks,4,0.03,0.03,physics_filtered_s1.3,physics_informed,True,physics_filtered_s1.3,1497806578.0532775,1956268092.7208564,0.7656448436829881,0.04174933242093319,0.04948944297570613,0.8436007744234244,0.005415175689358293,1065.5002390476634,True,False,False,physics-filtered candidate selected by residual-calibrated certificate
ks,4,0.03,0.03,physics_filtered_s2,physics_informed,False,physics_filtered_s1.3,1416610265.5589242,1956268092.7208564,0.7241391253223609,0.04249987875844815,0.04948944297570613,0.8587665611522876,0.010180560861098607,1002.033708942463,True,False,False,physics-filtered candidate selected by residual-calibrated certificate
ks,5,0.03,0.03,data_only_lowrank,data_only,True,physics_filtered_s1.3,1376693386.6335282,1440468123.692175,0.955726380882917,0.030577548676216298,0.031177673112261727,0.9807514680500592,0.0,1978.0514474451109,True,False,False,data-driven candidate without PDE residual selection
ks,5,0.03,0.03,risky_sensor_overfit,risky,False,physics_filtered_s1.3,9267490708.23495,1440468123.692175,6.433665942208238,0.20046438809766645,0.031177673112261727,6.4297418017509775,0.0,76772.20643487683,True,False,False,fits observed points but injects high-frequency nonphysical structure
ks,5,0.03,0.03,underfit_oversmooth,underfit,False,physics_filtered_s1.3,1358525592.5871,1440468123.692175,0.9431139573605825,0.029226290924876514,0.031177673112261727,0.9374109100029286,0.018450964016704048,539.1360599682802,True,False,False,oversmoothed challenge candidate; shown for diagnosis but not eligible for safe replacement
ks,5,0.03,0.03,physics_filtered_s0.4,physics_informed,False,physics_filtered_s1.3,1350795682.905024,1440468123.692175,0.9377477090174654,0.029993865053887552,0.031177673112261727,0.9620302626474511,0.0002634086209253075,1842.9838881986523,True,False,False,physics-filtered candidate selected by residual-calibrated certificate
ks,5,0.03,0.03,physics_filtered_s0.8,physics_informed,True,physics_filtered_s1.3,1241980323.861581,1440468123.692175,0.8622060449891564,0.027945929859004265,0.031177673112261727,0.896344308873942,0.0022638153687628663,1226.721257480865,True,False,False,physics-filtered candidate selected by residual-calibrated certificate
ks,5,0.03,0.03,physics_filtered_s1.3,physics_informed,True,physics_filtered_s1.3,1205692213.167164,1440468123.692175,0.8370141576453365,0.02743519122166158,0.031177673112261727,0.8799627580286533,0.004190752557520263,919.506717738166,True,False,False,physics-filtered candidate selected by residual-calibrated certificate
ks,5,0.03,0.03,physics_filtered_s2,physics_informed,False,physics_filtered_s1.3,1224726007.9746745,1440468123.692175,0.8502277751454054,0.027554310768834054,0.031177673112261727,0.8837834263235494,0.007738273664475203,817.4016139878872,True,False,False,physics-filtered candidate selected by residual-calibrated certificate
ks,1,0.03,0.05,data_only_lowrank,data_only,True,physics_filtered_s1.3,2760195470.9445662,2949694906.380641,0.9357562590537216,0.04619055838752695,0.04684109419423261,0.9861118571441939,0.0,3361.866910082713,True,False,False,data-driven candidate without PDE residual selection
ks,1,0.03,0.05,risky_sensor_overfit,risky,False,physics_filtered_s1.3,10110491465.370354,2949694906.380641,3.427639734367041,0.20431459840411031,0.04684109419423261,4.361866474607355,0.0,76832.17286629554,True,False,False,fits observed points but injects high-frequency nonphysical structure
ks,1,0.03,0.05,underfit_oversmooth,underfit,False,physics_filtered_s1.3,2776775929.9863973,2949694906.380641,0.9413773349846476,0.037641622030772724,0.04684109419423261,0.803602534857177,0.025497286711394666,752.4244003585324,True,False,False,oversmoothed challenge candidate; shown for diagnosis but not eligible for safe replacement
ks,1,0.03,0.05,physics_filtered_s0.4,physics_informed,False,physics_filtered_s1.3,2730273248.466474,2949694906.380641,0.925612083663458,0.045479043147147555,0.04684109419423261,0.9709218780755194,0.00041655794822599427,3123.54215292165,True,False,False,physics-filtered candidate selected by residual-calibrated certificate
ks,1,0.03,0.05,physics_filtered_s0.8,physics_informed,True,physics_filtered_s1.3,2610431506.238722,2949694906.380641,0.8849835623989313,0.04235073311269113,0.04684109419423261,0.9041362897325635,0.0035128024244609458,2012.182739318416,True,False,False,physics-filtered candidate selected by residual-calibrated certificate
ks,1,0.03,0.05,physics_filtered_s1.3,physics_informed,True,physics_filtered_s1.3,2594220974.584614,2949694906.380641,0.879487898552802,0.04028018615427228,0.04684109419423261,0.8599326477384449,0.006348846446773439,1435.9361074501253,True,False,False,physics-filtered candidate selected by residual-calibrated certificate
ks,1,0.03,0.05,physics_filtered_s2,physics_informed,False,physics_filtered_s1.3,2634071730.2935705,2949694906.380641,0.8929980265401926,0.03835817927915691,0.04684109419423261,0.8189001546223685,0.011320744839714469,1211.746268166097,True,False,False,physics-filtered candidate selected by residual-calibrated certificate
ks,2,0.03,0.05,data_only_lowrank,data_only,True,physics_filtered_s1.3,2565448849.90799,2805629752.868676,0.9143932292865414,0.042957528769512,0.043971414149505575,0.9769421702580853,0.0,3271.387163222989,True,False,False,data-driven candidate without PDE residual selection
ks,2,0.03,0.05,risky_sensor_overfit,risky,False,physics_filtered_s1.3,7890663745.867418,2805629752.868676,2.8124394310401937,0.2006059285965864,0.043971414149505575,4.562189605955165,0.0,76959.14789799179,True,False,False,fits observed points but injects high-frequency nonphysical structure
ks,2,0.03,0.05,underfit_oversmooth,underfit,False,physics_filtered_s1.3,2332924067.362564,2805629752.868676,0.8315153006119984,0.03351656541039492,0.043971414149505575,0.7622353307918243,0.025125213078169905,730.6658639444408,True,False,False,oversmoothed challenge candidate; shown for diagnosis but not eligible for safe replacement
ks,2,0.03,0.05,physics_filtered_s0.4,physics_informed,False,physics_filtered_s1.3,2536996929.561187,2805629752.868676,0.9042522189419969,0.04215844950634849,0.043971414149505575,0.9587694715036533,0.00041459538344579044,3046.305583457116,True,False,False,physics-filtered candidate selected by residual-calibrated certificate
ks,2,0.03,0.05,physics_filtered_s0.8,physics_informed,True,physics_filtered_s1.3,2423391296.682335,2805629752.868676,0.8637601929493678,0.03871846943918113,0.043971414149505575,0.8805372805763162,0.0035070051907046913,1990.5061672778345,True,False,False,physics-filtered candidate selected by residual-calibrated certificate
ks,2,0.03,0.05,physics_filtered_s1.3,physics_informed,True,physics_filtered_s1.3,2332819359.5740194,2805629752.868676,0.831477980011004,0.036619276156610404,0.043971414149505575,0.8327973267193491,0.00634149535961041,1419.7325183841342,True,False,False,physics-filtered candidate selected by residual-calibrated certificate
ks,2,0.03,0.05,physics_filtered_s2,physics_informed,False,physics_filtered_s1.3,2262133666.9589396,2805629752.868676,0.8062837459739556,0.03449545672621475,0.043971414149505575,0.7844973238327867,0.011275784166821016,1188.848737464996,True,False,False,physics-filtered candidate selected by residual-calibrated certificate
ks,3,0.03,0.05,data_only_lowrank,data_only,True,physics_filtered_s1.3,1934782662.385943,2163645259.812712,0.8942236041750301,0.04389350425651574,0.044700083796367626,0.981955748796619,0.0,3362.2103864745936,True,False,False,data-driven candidate without PDE residual selection
ks,3,0.03,0.05,risky_sensor_overfit,risky,False,physics_filtered_s1.3,8844835793.14283,2163645259.812712,4.087932507895703,0.203855204803999,0.044700083796367626,4.5605105737185205,0.0,76883.98585418904,True,False,False,fits observed points but injects high-frequency nonphysical structure
ks,3,0.03,0.05,underfit_oversmooth,underfit,False,physics_filtered_s1.3,2075778657.528821,2163645259.812712,0.9593895524761314,0.03633673313573817,0.044700083796367626,0.8129007833734313,0.025412329862447333,732.3432566228012,True,False,False,oversmoothed challenge candidate; shown for diagnosis but not eligible for safe replacement
ks,3,0.03,0.05,physics_filtered_s0.4,physics_informed,False,physics_filtered_s1.3,1918428542.2403355,2163645259.812712,0.8866650082954897,0.04319687052447944,0.044700083796367626,0.9663711307633676,0.00041255723348789186,3124.751354237166,True,False,False,physics-filtered candidate selected by residual-calibrated certificate
ks,3,0.03,0.05,physics_filtered_s0.8,physics_informed,True,physics_filtered_s1.3,1869436181.869965,2163645259.812712,0.8640215734957337,0.04034675726241139,0.044700083796367626,0.9026103272045185,0.003493624768432065,2015.5215199876827,True,False,False,physics-filtered candidate selected by residual-calibrated certificate
ks,3,0.03,0.05,physics_filtered_s1.3,physics_informed,True,physics_filtered_s1.3,1860484523.836546,2163645259.812712,0.8598842695671802,0.03858213243679022,0.044700083796367626,0.8631333357603752,0.006302488497276665,1420.8607516991276,True,False,False,physics-filtered candidate selected by residual-calibrated certificate
ks,3,0.03,0.05,physics_filtered_s2,physics_informed,False,physics_filtered_s1.3,1869121229.8051803,2163645259.812712,0.8638760080138894,0.03682875070798845,0.044700083796367626,0.8239078672634902,0.011236039532785978,1180.115907446554,True,False,False,physics-filtered candidate selected by residual-calibrated certificate
ks,4,0.03,0.05,data_only_lowrank,data_only,True,physics_filtered_s1.3,2700658461.546681,2869636297.9917374,0.941115242874746,0.039166489873378355,0.03983047119938787,0.9833298149130848,0.0,3456.7362047651436,True,False,False,data-driven candidate without PDE residual selection
ks,4,0.03,0.05,risky_sensor_overfit,risky,False,physics_filtered_s1.3,9584365308.877504,2869636297.9917374,3.3399233608750167,0.20102395190180358,0.03983047119938787,5.046989047416693,0.0,76891.75012794293,True,False,False,fits observed points but injects high-frequency nonphysical structure
ks,4,0.03,0.05,underfit_oversmooth,underfit,False,physics_filtered_s1.3,2627456462.2087073,2869636297.9917374,0.9156060871015205,0.030301640732464812,0.03983047119938787,0.7607653090523754,0.024083371471686276,723.3156200930971,True,False,False,oversmoothed challenge candidate; shown for diagnosis but not eligible for safe replacement
ks,4,0.03,0.05,physics_filtered_s0.4,physics_informed,False,physics_filtered_s1.3,2686796803.3295784,2869636297.9917374,0.9362847846641347,0.03850902142989498,0.03983047119938787,0.9668231449272933,0.00040001620198331923,3216.2015340022162,True,False,False,physics-filtered candidate selected by residual-calibrated certificate
ks,4,0.03,0.05,physics_filtered_s0.8,physics_informed,True,physics_filtered_s1.3,2629117768.7867126,2869636297.9917374,0.9161850129323541,0.035784469022516106,0.03983047119938787,0.8984194247284637,0.003357214295987594,2064.711279747234,True,False,False,physics-filtered candidate selected by residual-calibrated certificate
ks,4,0.03,0.05,physics_filtered_s1.3,physics_informed,True,physics_filtered_s1.3,2592991415.4348493,2869636297.9917374,0.903595837998532,0.033875967371789134,0.03983047119938787,0.8505038065293903,0.006037825497660716,1428.1520338599148,True,False,False,physics-filtered candidate selected by residual-calibrated certificate
ks,4,0.03,0.05,physics_filtered_s2,physics_informed,False,physics_filtered_s1.3,2574536922.756968,2869636297.9917374,0.897164886211786,0.03163087558980912,0.03983047119938787,0.7941376196800077,0.010711349283491352,1171.3793625173766,True,False,False,physics-filtered candidate selected by residual-calibrated certificate
ks,5,0.03,0.05,data_only_lowrank,data_only,True,physics_filtered_s1.3,2413612203.3534093,2623714023.8426557,0.9199219813668815,0.04390450376417262,0.044691339516432435,0.982393999335086,0.0,3308.192989570426,True,False,False,data-driven candidate without PDE residual selection
ks,5,0.03,0.05,risky_sensor_overfit,risky,False,physics_filtered_s1.3,9339934618.275095,2623714023.8426557,3.559814268399555,0.20316716857765696,0.044691339516432435,4.546007588302628,0.0,76836.34772834703,True,False,False,fits observed points but injects high-frequency nonphysical structure
ks,5,0.03,0.05,underfit_oversmooth,underfit,False,physics_filtered_s1.3,2252594401.1356244,2623714023.8426557,0.858551801250239,0.03463732174449922,0.044691339516432435,0.7750343157870326,0.025623431976579916,746.3464304958325,True,False,False,oversmoothed challenge candidate; shown for diagnosis but not eligible for safe replacement
ks,5,0.03,0.05,physics_filtered_s0.4,physics_informed,False,physics_filtered_s1.3,2373283408.6293406,2623714023.8426557,0.904551100867869,0.043079657696157556,0.044691339516432435,0.9639374912751,0.00042390822838287356,3081.46625361442,True,False,False,physics-filtered candidate selected by residual-calibrated certificate
ks,5,0.03,0.05,physics_filtered_s0.8,physics_informed,True,physics_filtered_s1.3,2202165544.7058706,2623714023.8426557,0.8393313923293397,0.03952112007367061,0.044691339516432435,0.8843127214447195,0.0035598278648218897,2017.8907048611093,True,False,False,physics-filtered candidate selected by residual-calibrated certificate
ks,5,0.03,0.05,physics_filtered_s1.3,physics_informed,True,physics_filtered_s1.3,2143049459.7266364,2623714023.8426557,0.8167999409432418,0.037374349712564855,0.044691339516432435,0.8362772321466558,0.006414449237853708,1440.9922204206061,True,False,False,physics-filtered candidate selected by residual-calibrated certificate
ks,5,0.03,0.05,physics_filtered_s2,physics_informed,False,physics_filtered_s1.3,2131772889.1852584,2623714023.8426557,0.8125019990033414,0.035320903288317995,0.044691339516432435,0.7903299312507879,0.011409080731152982,1209.2785591988306,True,False,False,physics-filtered candidate selected by residual-calibrated certificate
ks,1,0.05,0.0,data_only_lowrank,data_only,True,physics_filtered_s0.8,1010071115.3192308,1043827563.2916079,0.9676608961484697,0.0244861007813704,0.024622604780193666,0.9944561511246964,0.0,630.3649492194592,True,False,False,data-driven candidate without PDE residual selection
ks,1,0.05,0.0,risky_sensor_overfit,risky,False,physics_filtered_s0.8,7856217783.435133,1043827563.2916079,7.526355942030618,0.19932027650010434,0.024622604780193666,8.095011810137239,0.0,75756.44886753098,True,False,False,fits observed points but injects high-frequency nonphysical structure
ks,1,0.05,0.0,underfit_oversmooth,underfit,False,physics_filtered_s0.8,1278057366.4660404,1043827563.2916079,1.2243951121924888,0.023429963700307293,0.024622604780193666,0.951563163544854,0.009686854385194952,356.18188999764953,True,False,False,oversmoothed challenge candidate; shown for diagnosis but not eligible for safe replacement
ks,1,0.05,0.0,physics_filtered_s0.4,physics_informed,False,physics_filtered_s0.8,1004218222.045021,1043827563.2916079,0.9620537504090402,0.02381193953607481,0.024622604780193666,0.9670763815476571,7.764600149036216e-05,575.2821433409785,True,False,False,physics-filtered candidate selected by residual-calibrated certificate
ks,1,0.05,0.0,physics_filtered_s0.8,physics_informed,True,physics_filtered_s0.8,988351155.3624028,1043827563.2916079,0.9468528999614978,0.020996259783021862,0.024622604780193666,0.8527229336458527,0.0007267229729374529,390.0338140958679,True,False,False,physics-filtered candidate selected by residual-calibrated certificate
ks,1,0.05,0.0,physics_filtered_s1.3,physics_informed,True,physics_filtered_s0.8,1011798862.3961955,1043827563.2916079,0.9693160996875644,0.02029640627778636,0.024622604780193666,0.8242997220703643,0.0015494444574693015,378.84964919550214,True,False,False,physics-filtered candidate selected by residual-calibrated certificate
ks,1,0.05,0.0,physics_filtered_s2,physics_informed,False,physics_filtered_s0.8,1093911686.5903766,1043827563.2916079,1.0479812232020713,0.02088143510113753,0.024622604780193666,0.8480595488047804,0.003352198485856903,436.60977484068707,True,False,False,physics-filtered candidate selected by residual-calibrated certificate
ks,2,0.05,0.0,data_only_lowrank,data_only,True,physics_filtered_s1.3,1657293123.3467498,1678402405.021703,0.9874229912851679,0.015435021815965191,0.015710917762383324,0.9824392214653972,0.0,733.9129490635925,True,False,False,data-driven candidate without PDE residual selection
ks,2,0.05,0.0,risky_sensor_overfit,risky,False,physics_filtered_s1.3,9772473533.011097,1678402405.021703,5.822485420523889,0.2004865468192976,0.015710917762383324,12.760969781572015,0.0,75699.74578015621,True,False,False,fits observed points but injects high-frequency nonphysical structure
ks,2,0.05,0.0,underfit_oversmooth,underfit,False,physics_filtered_s1.3,1649653339.4534495,1678402405.021703,0.9828711723230152,0.017160247340425712,0.015710917762383324,1.0922498353610042,0.007304307135628728,270.3260763181471,True,False,False,oversmoothed challenge candidate; shown for diagnosis but not eligible for safe replacement
ks,2,0.05,0.0,physics_filtered_s0.4,physics_informed,False,physics_filtered_s1.3,1638605868.370558,1678402405.021703,0.9762890374012361,0.015205787152916095,0.015710917762383324,0.9678484339314338,4.9938415979973776e-05,659.1136846167469,True,False,False,physics-filtered candidate selected by residual-calibrated certificate
ks,2,0.05,0.0,physics_filtered_s0.8,physics_informed,True,physics_filtered_s1.3,1551753731.6349945,1678402405.021703,0.9245421282716341,0.014320360208660898,0.015710917762383324,0.9114910041752411,0.0004642191078819652,353.76166495720537,True,False,False,physics-filtered candidate selected by residual-calibrated certificate
ks,2,0.05,0.0,physics_filtered_s1.3,physics_informed,True,physics_filtered_s1.3,1503061546.1282265,1678402405.021703,0.8955310964945804,0.014174919218114646,0.015710917762383324,0.9022336843460186,0.0010126259977635268,273.92743643856403,True,False,False,physics-filtered candidate selected by residual-calibrated certificate
ks,2,0.05,0.0,physics_filtered_s2,physics_informed,False,physics_filtered_s1.3,1519476460.525817,1678402405.021703,0.9053111792378353,0.014729443231818436,0.015710917762383324,0.9375291407958125,0.002301610676465021,303.12449699856506,True,False,False,physics-filtered candidate selected by residual-calibrated certificate
ks,3,0.05,0.0,data_only_lowrank,data_only,True,physics_filtered_s0.8,960937277.4463174,979010051.513025,0.9815397461560514,0.011153173333981707,0.011472246651008143,0.9721873729091604,0.0,358.2086003887062,True,False,False,data-driven candidate without PDE residual selection
ks,3,0.05,0.0,risky_sensor_overfit,risky,False,physics_filtered_s0.8,9242105826.471226,979010051.513025,9.44025632033898,0.20098124611906157,0.011472246651008143,17.51890908690331,0.0,75763.1000620467,True,False,False,fits observed points but injects high-frequency nonphysical structure
ks,3,0.05,0.0,underfit_oversmooth,underfit,False,physics_filtered_s0.8,1254628391.2954774,979010051.513025,1.2815275893812266,0.014552353468496489,0.011472246651008143,1.2684833154235915,0.0070809995658714115,258.95449219388473,True,False,False,oversmoothed challenge candidate; shown for diagnosis but not eligible for safe replacement
ks,3,0.05,0.0,physics_filtered_s0.4,physics_informed,False,physics_filtered_s0.8,949743698.3595415,979010051.513025,0.9701061770425611,0.010962655467878358,0.011472246651008143,0.9555805240605958,5.158257049380224e-05,334.7236435150524,True,False,False,physics-filtered candidate selected by residual-calibrated certificate
ks,3,0.05,0.0,physics_filtered_s0.8,physics_informed,True,physics_filtered_s0.8,915610875.0129963,979010051.513025,0.9352415469054198,0.010218064116719123,0.011472246651008143,0.8906768156811304,0.0004780236977310548,256.15583810166794,True,False,False,physics-filtered candidate selected by residual-calibrated certificate
ks,3,0.05,0.0,physics_filtered_s1.3,physics_informed,True,physics_filtered_s0.8,944306394.9799802,979010051.513025,0.9645522980285938,0.010348286876526747,0.011472246651008143,0.902027927957367,0.001019072870319396,253.13981227460008,True,False,False,physics-filtered candidate selected by residual-calibrated certificate
ks,3,0.05,0.0,physics_filtered_s2,physics_informed,False,physics_filtered_s0.8,1043100612.376438,979010051.513025,1.0654646607196354,0.011396101418716281,0.011472246651008143,0.9933626572369297,0.002255594674622335,293.5816007493362,True,False,False,physics-filtered candidate selected by residual-calibrated certificate
ks,4,0.05,0.0,data_only_lowrank,data_only,True,physics_filtered_s0.8,1420979570.1019602,1446580880.2333243,0.9823021923756972,0.01469334304591235,0.01501689839710728,0.9784539161405187,0.0,792.9691264842278,True,False,False,data-driven candidate without PDE residual selection
ks,4,0.05,0.0,risky_sensor_overfit,risky,False,physics_filtered_s0.8,9320757501.387379,1446580880.2333243,6.4433020156356555,0.19909304721730006,0.01501689839710728,13.257933958079759,0.0,75716.78278891108,True,False,False,fits observed points but injects high-frequency nonphysical structure
ks,4,0.05,0.0,underfit_oversmooth,underfit,False,physics_filtered_s0.8,1592974631.836762,1446580880.2333243,1.1011998386013682,0.01657604993282719,0.01501689839710728,1.1038264689142747,0.007093975576773029,259.4034020817014,True,False,False,oversmoothed challenge candidate; shown for diagnosis but not eligible for safe replacement
ks,4,0.05,0.0,physics_filtered_s0.4,physics_informed,False,physics_filtered_s0.8,1413497277.2113194,1446580880.2333243,0.9771297937957892,0.014455564895602655,0.01501689839710728,0.9626198774458395,5.952962834209644e-05,714.6682523302932,True,False,False,physics-filtered candidate selected by residual-calibrated certificate
ks,4,0.05,0.0,physics_filtered_s0.8,physics_informed,True,physics_filtered_s0.8,1388293368.7384715,1446580880.2333243,0.959706704069356,0.013591844847503353,0.01501689839710728,0.9051033367327344,0.0005437288475572145,399.5381140092323,True,False,False,physics-filtered candidate selected by residual-calibrated certificate
ks,4,0.05,0.0,physics_filtered_s1.3,physics_informed,True,physics_filtered_s0.8,1402640295.8924384,1446580880.2333243,0.9696245229414352,0.013523200136979165,0.01501689839710728,0.9005321723881158,0.0010945923652591204,293.1522779894336,True,False,False,physics-filtered candidate selected by residual-calibrated certificate
ks,4,0.05,0.0,physics_filtered_s2,physics_informed,False,physics_filtered_s0.8,1454888941.85225,1446580880.2333243,1.005743240307162,0.014126538552968955,0.01501689839710728,0.9407094713212852,0.002307551100638583,299.4226714288147,True,False,False,physics-filtered candidate selected by residual-calibrated certificate
ks,5,0.05,0.0,data_only_lowrank,data_only,True,physics_filtered_s0.8,1379738893.7023752,1398393476.182615,0.9866599903403699,0.01633623665759787,0.016643985440630563,0.9815099102848924,0.0,887.3522115255734,True,False,False,data-driven candidate without PDE residual selection
ks,5,0.05,0.0,risky_sensor_overfit,risky,False,physics_filtered_s0.8,7394316939.8564,1398393476.182615,5.287722708805588,0.20033736978193684,0.016643985440630563,12.036622507542303,0.0,75819.58982325863,True,False,False,fits observed points but injects high-frequency nonphysical structure
ks,5,0.05,0.0,underfit_oversmooth,underfit,False,physics_filtered_s0.8,1579984852.7489815,1398393476.182615,1.1298571393954733,0.016650114998187693,0.016643985440630563,1.0003682745685296,0.0083090795246172,305.4060531973666,True,False,False,oversmoothed challenge candidate; shown for diagnosis but not eligible for safe replacement
ks,5,0.05,0.0,physics_filtered_s0.4,physics_informed,False,physics_filtered_s0.8,1376855621.8464174,1398393476.182615,0.9845981444400095,0.01595429143721064,0.016643985440630563,0.9585619678148221,6.586510459774847e-05,811.2007952232337,True,False,False,physics-filtered candidate selected by residual-calibrated certificate
ks,5,0.05,0.0,physics_filtered_s0.8,physics_informed,True,physics_filtered_s0.8,1374205875.6918337,1398393476.182615,0.9827032942424693,0.014362747526837963,0.016643985440630563,0.8629392027052197,0.0006247114226067868,489.34013073520913,True,False,False,physics-filtered candidate selected by residual-calibrated certificate
ks,5,0.05,0.0,physics_filtered_s1.3,physics_informed,False,physics_filtered_s0.8,1400063436.9056349,1398393476.182615,1.0011941994520588,0.01385955235861201,0.016643985440630563,0.8327063495228719,0.0013484928474509822,373.8995923702747,True,False,False,physics-filtered candidate selected by residual-calibrated certificate
ks,5,0.05,0.0,physics_filtered_s2,physics_informed,False,physics_filtered_s0.8,1454000890.5550587,1398393476.182615,1.0397652129529686,0.014260997259557826,0.016643985440630563,0.856825867192102,0.0028781521576048954,382.18838836857975,True,False,False,physics-filtered candidate selected by residual-calibrated certificate
ks,1,0.05,0.01,data_only_lowrank,data_only,True,physics_filtered_s0.8,907722241.6417032,1045173301.0320448,0.8684896951973257,0.01783585429570941,0.018176119578695776,0.9812795419564433,0.0,1005.401086907361,True,False,False,data-driven candidate without PDE residual selection
ks,1,0.05,0.01,risky_sensor_overfit,risky,False,physics_filtered_s0.8,8573151871.291311,1045173301.0320448,8.202612775150158,0.1993747625595478,0.018176119578695776,10.969049894580682,0.0,75700.222120329,True,False,False,fits observed points but injects high-frequency nonphysical structure
ks,1,0.05,0.01,underfit_oversmooth,underfit,False,physics_filtered_s0.8,1218604272.6933494,1045173301.0320448,1.1659351339055946,0.019076270292567383,0.018176119578695776,1.0495238111151706,0.009503823601266701,337.31007659920766,True,False,False,oversmoothed challenge candidate; shown for diagnosis but not eligible for safe replacement
ks,1,0.05,0.01,physics_filtered_s0.4,physics_informed,False,physics_filtered_s0.8,892533225.341454,1045173301.0320448,0.8539571614201511,0.017518329090820014,0.018176119578695776,0.9638101803857757,0.00011473549896527173,936.9147114165012,True,False,False,physics-filtered candidate selected by residual-calibrated certificate
ks,1,0.05,0.01,physics_filtered_s0.8,physics_informed,True,physics_filtered_s0.8,838038946.4012026,1045173301.0320448,0.8018181727123055,0.016311040096678556,0.018176119578695776,0.8973884676077579,0.000976728847036365,632.2242678314628,True,False,False,physics-filtered candidate selected by residual-calibrated certificate
ks,1,0.05,0.01,physics_filtered_s1.3,physics_informed,True,physics_filtered_s0.8,864379609.2005969,1045173301.0320448,0.8270203691072809,0.016083731876922924,0.018176119578695776,0.8848825958919074,0.0018303200117960891,488.7985213328253,True,False,False,physics-filtered candidate selected by residual-calibrated certificate
ks,1,0.05,0.01,physics_filtered_s2,physics_informed,False,physics_filtered_s0.8,973276985.4007938,1045173301.0320448,0.9312111057943618,0.01662590048624519,0.018176119578695776,0.9147112183844616,0.003544142861057717,456.9287928127637,True,False,False,physics-filtered candidate selected by residual-calibrated certificate
ks,2,0.05,0.01,data_only_lowrank,data_only,True,physics_filtered_s1.3,1883609540.4908261,1931670006.912731,0.9751197325371755,0.017873700045731127,0.01821420500216166,0.9813055273413566,0.0,1130.5443866860307,True,False,False,data-driven candidate without PDE residual selection
ks,2,0.05,0.01,risky_sensor_overfit,risky,False,physics_filtered_s1.3,9697745552.740484,1931670006.912731,5.020394538423151,0.1997481356566552,0.01821420500216166,10.966612905805249,0.0,75778.75194883831,True,False,False,fits observed points but injects high-frequency nonphysical structure
ks,2,0.05,0.01,underfit_oversmooth,underfit,False,physics_filtered_s1.3,1975802144.0714025,1931670006.912731,1.0228466233884355,0.01888220585171861,0.01821420500216166,1.0366747189043386,0.009595505886035648,350.63245951904673,True,False,False,oversmoothed challenge candidate; shown for diagnosis but not eligible for safe replacement
ks,2,0.05,0.01,physics_filtered_s0.4,physics_informed,False,physics_filtered_s1.3,1881715748.5593393,1931670006.912731,0.9741393415155675,0.017484259774607106,0.01821420500216166,0.9599243981042352,0.00012234897881179948,1045.9772076255226,True,False,False,physics-filtered candidate selected by residual-calibrated certificate
ks,2,0.05,0.01,physics_filtered_s0.8,physics_informed,True,physics_filtered_s1.3,1878950237.570318,1931670006.912731,0.9727076730736883,0.01590822634326913,0.01821420500216166,0.8733966890406551,0.0010453819161515513,682.1382416358556,True,False,False,physics-filtered candidate selected by residual-calibrated certificate
ks,2,0.05,0.01,physics_filtered_s1.3,physics_informed,True,physics_filtered_s1.3,1870618493.0292892,1931670006.912731,0.9683944391821787,0.015565578774217981,0.01821420500216166,0.8545845822815806,0.0019420208770859245,519.3410055833264,True,False,False,physics-filtered candidate selected by residual-calibrated certificate
ks,2,0.05,0.01,physics_filtered_s2,physics_informed,False,physics_filtered_s1.3,1879057726.1814103,1931670006.912731,0.9727633185052101,0.016184557843718066,0.01821420500216166,0.8885678974684165,0.003671058535762907,481.4244992160953,True,False,False,physics-filtered candidate selected by residual-calibrated certificate
ks,3,0.05,0.01,data_only_lowrank,data_only,True,physics_filtered_s0.8,1988037473.025949,2013797261.8660095,0.9872083504492447,0.02622475661148177,0.026472701047408266,0.9906339577335497,0.0,1101.1114668990156,True,False,False,data-driven candidate without PDE residual selection
ks,3,0.05,0.01,risky_sensor_overfit,risky,False,physics_filtered_s0.8,9820549004.40932,2013797261.8660095,4.876632414977801,0.20081786613168667,0.026472701047408266,7.585847238046052,0.0,75693.8225569374,True,False,False,fits observed points but injects high-frequency nonphysical structure
ks,3,0.05,0.01,underfit_oversmooth,underfit,False,physics_filtered_s0.8,2144298089.119343,2013797261.8660095,1.064803359168544,0.022959533978988377,0.026472701047408266,0.8672909476446823,0.011857524852801723,413.33130728513777,True,False,False,oversmoothed challenge candidate; shown for diagnosis but not eligible for safe replacement
ks,3,0.05,0.01,physics_filtered_s0.4,physics_informed,False,physics_filtered_s0.8,1979175855.352948,2013797261.8660095,0.9828078987052644,0.025325563762318152,0.026472701047408266,0.9566671612393294,0.00015638044227391114,1018.4288536629715,True,False,False,physics-filtered candidate selected by residual-calibrated certificate
ks,3,0.05,0.01,physics_filtered_s0.8,physics_informed,True,physics_filtered_s0.8,1945394074.1689405,2013797261.8660095,0.9660327337848867,0.02142025385926513,0.026472701047408266,0.8091450064009648,0.0013723507214564545,702.328427273071,True,False,False,physics-filtered candidate selected by residual-calibrated certificate
ks,3,0.05,0.01,physics_filtered_s1.3,physics_informed,True,physics_filtered_s0.8,1951324694.5379097,2013797261.8660095,0.968977727544325,0.020323847878171437,0.026472701047408266,0.7677285306477428,0.0025355008060093773,593.0998749142622,True,False,False,physics-filtered candidate selected by residual-calibrated certificate
ks,3,0.05,0.01,physics_filtered_s2,physics_informed,False,physics_filtered_s0.8,2007229233.8525612,2013797261.8660095,0.9967384859748184,0.020602426926132324,0.026472701047408266,0.7782517880762717,0.00469472425406479,574.7483081597763,True,False,False,physics-filtered candidate selected by residual-calibrated certificate
ks,4,0.05,0.01,data_only_lowrank,data_only,True,physics_filtered_s0.8,1121720413.4565952,1167657657.1525831,0.9606586370460592,0.03183037917644429,0.03199059769240092,0.9949916997959161,0.0,1096.997421043162,True,False,False,data-driven candidate without PDE residual selection
ks,4,0.05,0.01,risky_sensor_overfit,risky,False,physics_filtered_s0.8,9684503695.030788,1167657657.1525831,8.293958109817174,0.20308449202408485,0.03199059769240092,6.348255633434992,0.0,75610.66613704132,True,False,False,fits observed points but injects high-frequency nonphysical structure
ks,4,0.05,0.01,underfit_oversmooth,underfit,False,physics_filtered_s0.8,1405979124.2309697,1167657657.1525831,1.204102174655841,0.030453216633162618,0.03199059769240092,0.9519427215779894,0.015466378968475344,534.7515498469932,True,False,False,oversmoothed challenge candidate; shown for diagnosis but not eligible for safe replacement
ks,4,0.05,0.01,physics_filtered_s0.4,physics_informed,False,physics_filtered_s0.8,1112503016.5191247,1167657657.1525831,0.9527647163570554,0.031034648266535812,0.03199059769240092,0.970117800360376,0.00017220453595371665,1017.102646605627,True,False,False,physics-filtered candidate selected by residual-calibrated certificate
ks,4,0.05,0.01,physics_filtered_s0.8,physics_informed,True,physics_filtered_s0.8,1102806937.4897513,1167657657.1525831,0.9444608449526423,0.027740851263973226,0.03199059769240092,0.8671563916949155,0.0015498929895066693,755.6186811235494,True,False,False,physics-filtered candidate selected by residual-calibrated certificate
ks,4,0.05,0.01,physics_filtered_s1.3,physics_informed,True,physics_filtered_s0.8,1125193726.1963475,1167657657.1525831,0.9636332355668468,0.026910707570035837,0.03199059769240092,0.8412067766894843,0.0030549856971666713,719.7336120432382,True,False,False,physics-filtered candidate selected by residual-calibrated certificate
ks,4,0.05,0.01,physics_filtered_s2,physics_informed,False,physics_filtered_s0.8,1209786916.7619312,1167657657.1525831,1.0360801467376006,0.02757131398751434,0.03199059769240092,0.861856794666947,0.006022237046075463,745.9979924214542,True,False,False,physics-filtered candidate selected by residual-calibrated certificate
ks,5,0.05,0.01,data_only_lowrank,data_only,True,physics_filtered_s1.3,1323209229.2211106,1370706219.2833245,0.9653485266251671,0.020155488913716553,0.02045511186933488,0.9853521721847508,0.0,1160.2812405423654,True,False,False,data-driven candidate without PDE residual selection
ks,5,0.05,0.01,risky_sensor_overfit,risky,False,physics_filtered_s1.3,7549328489.030067,1370706219.2833245,5.50761963637784,0.19944115949854205,0.02045511186933488,9.750186689899385,0.0,75824.22297739514,True,False,False,fits observed points but injects high-frequency nonphysical structure
ks,5,0.05,0.01,underfit_oversmooth,underfit,False,physics_filtered_s1.3,1464148617.0335798,1370706219.2833245,1.0681709883822603,0.02066273176690072,0.02045511186933488,1.0101500249855364,0.009245769045912858,328.2595054459871,True,False,False,oversmoothed challenge candidate; shown for diagnosis but not eligible for safe replacement
ks,5,0.05,0.01,physics_filtered_s0.4,physics_informed,False,physics_filtered_s1.3,1315145895.5717196,1370706219.2833245,0.9594659140449113,0.019893304234009934,0.02045511186933488,0.9725346094469565,0.00011424969522746561,1068.1912502711248,True,False,False,physics-filtered candidate selected by residual-calibrated certificate
ks,5,0.05,0.01,physics_filtered_s0.8,physics_informed,True,physics_filtered_s1.3,1287879837.0567567,1370706219.2833245,0.9395739356389047,0.01884366494392201,0.02045511186933488,0.9212203317866046,0.000966861284446788,665.9910101036395,True,False,False,physics-filtered candidate selected by residual-calibrated certificate
ks,5,0.05,0.01,physics_filtered_s1.3,physics_informed,True,physics_filtered_s1.3,1286097972.0615351,1370706219.2833245,0.9382739743706519,0.018483324805586756,0.02045511186933488,0.9036041906176169,0.0018013592905227827,482.5879990511362,True,False,False,physics-filtered candidate selected by residual-calibrated certificate
ks,5,0.05,0.01,physics_filtered_s2,physics_informed,False,physics_filtered_s1.3,1325564703.7213817,1370706219.2833245,0.9670669652425266,0.01870653170766993,0.02045511186933488,0.9145162258828399,0.0034569591629768216,441.9166344891669,True,False,False,physics-filtered candidate selected by residual-calibrated certificate
ks,1,0.05,0.03,data_only_lowrank,data_only,True,physics_filtered_s0.8,1960910160.5361426,2069999406.0267906,0.947299866283519,0.024059576212164247,0.024419264243470764,0.9852703165539495,0.0,2819.225380318853,True,False,False,data-driven candidate without PDE residual selection
ks,1,0.05,0.03,risky_sensor_overfit,risky,False,physics_filtered_s0.8,7410852703.714118,2069999406.0267906,3.5801231063822847,0.20273822759734905,0.024419264243470764,8.302388866742982,0.0,75877.46080441923,True,False,False,fits observed points but injects high-frequency nonphysical structure
ks,1,0.05,0.03,underfit_oversmooth,underfit,False,physics_filtered_s0.8,2068332990.8666282,2069999406.0267906,0.999194968290662,0.01882562864294398,0.024419264243470764,0.7709334914628583,0.016353412496137854,613.3542515114887,True,False,False,oversmoothed challenge candidate; shown for diagnosis but not eligible for safe replacement
ks,1,0.05,0.03,physics_filtered_s0.4,physics_informed,False,physics_filtered_s0.8,1949205590.8193786,2069999406.0267906,0.941645483155347,0.02344701882332946,0.024419264243470764,0.9601853106052756,0.00028197293857169385,2623.4686779345425,True,False,False,physics-filtered candidate selected by residual-calibrated certificate
ks,1,0.05,0.03,physics_filtered_s0.8,physics_informed,True,physics_filtered_s0.8,1916218655.1973991,2069999406.0267906,0.9257097608909163,0.021008456463951986,0.024419264243470764,0.8603230733583186,0.002333683791116775,1709.2912144388297,True,False,False,physics-filtered candidate selected by residual-calibrated certificate
ks,1,0.05,0.03,physics_filtered_s1.3,physics_informed,True,physics_filtered_s0.8,1930516317.682087,2069999406.0267906,0.9326168461987963,0.019527865989772214,0.024419264243470764,0.7996910060135778,0.004142884162765975,1205.7287927408347,True,False,False,physics-filtered candidate selected by residual-calibrated certificate
ks,1,0.05,0.03,physics_filtered_s2,physics_informed,False,physics_filtered_s0.8,1964789428.6510656,2069999406.0267906,0.9491739093888594,0.018235361353024046,0.024419264243470764,0.7467612934797192,0.0072676967860033906,993.3936495130481,True,False,False,physics-filtered candidate selected by residual-calibrated certificate
ks,2,0.05,0.03,data_only_lowrank,data_only,True,physics_filtered_s1.3,2464153494.5807095,2523328620.2836485,0.9765487835285255,0.025013475630238334,0.02497428334152335,1.0015693058005894,0.0,2759.7620951136814,True,False,False,data-driven candidate without PDE residual selection
ks,2,0.05,0.03,risky_sensor_overfit,risky,False,physics_filtered_s1.3,9610873150.537245,2523328620.2836485,3.80880757000128,0.20189070978569626,0.02497428334152335,8.083944072258516,0.0,75839.24513321239,True,False,False,fits observed points but injects high-frequency nonphysical structure
ks,2,0.05,0.03,underfit_oversmooth,underfit,False,physics_filtered_s1.3,2432305226.9838166,2523328620.2836485,0.963927253641026,0.019373919786283642,0.02497428334152335,0.7757547842542473,0.016155813238365527,604.1351535310497,True,False,False,oversmoothed challenge candidate; shown for diagnosis but not eligible for safe replacement
ks,2,0.05,0.03,physics_filtered_s0.4,physics_informed,False,physics_filtered_s1.3,2453071867.591844,2523328620.2836485,0.972157113375147,0.024415593531209135,0.02497428334152335,0.9776293956606578,0.0002827204404208217,2564.762820088166,True,False,False,physics-filtered candidate selected by residual-calibrated certificate
ks,2,0.05,0.03,physics_filtered_s0.8,physics_informed,True,physics_filtered_s1.3,2405469371.463924,2523328620.2836485,0.9532921523291421,0.022008705570493878,0.02497428334152335,0.8812547398715531,0.00232803327755578,1660.1192568186248,True,False,False,physics-filtered candidate selected by residual-calibrated certificate
ks,2,0.05,0.03,physics_filtered_s1.3,physics_informed,True,physics_filtered_s1.3,2372434678.4144497,2523328620.2836485,0.9402004397460381,0.020477058143114384,0.02497428334152335,0.8199257557172179,0.004108547706844591,1177.0501307745126,True,False,False,physics-filtered candidate selected by residual-calibrated certificate
ks,2,0.05,0.03,physics_filtered_s2,physics_informed,False,physics_filtered_s1.3,2360135290.102035,2523328620.2836485,0.93532616843094,0.019074619312682815,0.02497428334152335,0.7637704374165059,0.007182051053021844,976.4193375573635,True,False,False,physics-filtered candidate selected by residual-calibrated certificate
ks,3,0.05,0.03,data_only_lowrank,data_only,True,data_only_lowrank,1934743267.3825526,2001405053.2061424,0.9666925064884786,0.0248182694326247,0.024701273457054407,1.004736434935995,0.0,2759.5430868197463,True,False,False,data-driven candidate without PDE residual selection
ks,3,0.05,0.03,risky_sensor_overfit,risky,False,data_only_lowrank,7816019285.625781,2001405053.2061424,3.90526608949295,0.20163758954959102,0.024701273457054407,8.163044301824955,0.0,75912.68791218635,True,False,False,fits observed points but injects high-frequency nonphysical structure
ks,3,0.05,0.03,underfit_oversmooth,underfit,False,data_only_lowrank,2211042840.1705365,2001405053.2061424,1.1047453071174003,0.020112251974896474,0.024701273457054407,0.8142192348523805,0.01654500874761667,622.4825327061402,True,False,False,oversmoothed challenge candidate; shown for diagnosis but not eligible for safe replacement
ks,3,0.05,0.03,physics_filtered_s0.4,physics_informed,False,data_only_lowrank,1934629885.3095217,2001405053.2061424,0.9666358552509645,0.02419833049040255,0.024701273457054407,0.9796389862852248,0.00028499315272284255,2561.4377379683783,True,False,False,physics-filtered candidate selected by residual-calibrated certificate
ks,3,0.05,0.03,physics_filtered_s0.8,physics_informed,True,data_only_lowrank,1954868596.0492554,2001405053.2061424,0.9767481064953153,0.021772574669258207,0.024701273457054407,0.8814353116745391,0.0023456232349524436,1656.344335830432,True,False,False,physics-filtered candidate selected by residual-calibrated certificate
ks,3,0.05,0.03,physics_filtered_s1.3,physics_informed,True,data_only_lowrank,1986094946.1427026,2001405053.2061424,0.9923503205715835,0.020404886055627045,0.024701273457054407,0.8260661576933221,0.004154809157764491,1189.0025540717681,True,False,False,physics-filtered candidate selected by residual-calibrated certificate
ks,3,0.05,0.03,physics_filtered_s2,physics_informed,False,data_only_lowrank,2051444694.3956625,2001405053.2061424,1.0250022558448921,0.019320619051350057,0.024701273457054407,0.782170971231855,0.007298054364343718,998.8981750558474,True,False,False,physics-filtered candidate selected by residual-calibrated certificate
ks,4,0.05,0.03,data_only_lowrank,data_only,True,physics_filtered_s1.3,2088132442.2775311,2107479522.2227588,0.9908198016914431,0.025523694976568187,0.025603070413882476,0.9968997687766328,0.0,2948.472645045189,True,False,False,data-driven candidate without PDE residual selection
ks,4,0.05,0.03,risky_sensor_overfit,risky,False,physics_filtered_s1.3,9700579886.606253,2107479522.2227588,4.602929605871116,0.1998526729121032,0.025603070413882476,7.805808821895575,0.0,75774.98815841466,True,False,False,fits observed points but injects high-frequency nonphysical structure
ks,4,0.05,0.03,underfit_oversmooth,underfit,False,physics_filtered_s1.3,1981667761.082479,2107479522.2227588,0.9403022616288171,0.019395270104922306,0.025603070413882476,0.7575368809534767,0.016941095763431016,634.5864878393035,True,False,False,oversmoothed challenge candidate; shown for diagnosis but not eligible for safe replacement
ks,4,0.05,0.03,physics_filtered_s0.4,physics_informed,False,physics_filtered_s1.3,2062921979.2794266,2107479522.2227588,0.97885742543475,0.024846916466500772,0.025603070413882476,0.9704662786092184,0.00029216358723808597,2729.3335614921307,True,False,False,physics-filtered candidate selected by residual-calibrated certificate
ks,4,0.05,0.03,physics_filtered_s0.8,physics_informed,True,physics_filtered_s1.3,1952911076.4357324,2107479522.2227588,0.926657201573184,0.02213019398039966,0.025603070413882476,0.864357033035221,0.0024071940835244878,1731.884989975179,True,False,False,physics-filtered candidate selected by residual-calibrated certificate
ks,4,0.05,0.03,physics_filtered_s1.3,physics_informed,True,physics_filtered_s1.3,1901285478.707643,2107479522.2227588,0.902160831770435,0.02041808576242543,0.025603070413882476,0.7974858261748509,0.004267837883739785,1220.1896971666145,True,False,False,physics-filtered candidate selected by residual-calibrated certificate
ks,4,0.05,0.03,physics_filtered_s2,physics_informed,False,physics_filtered_s1.3,1885464053.8514435,2107479522.2227588,0.8946535584188474,0.018954389153933635,0.025603070413882476,0.7403170341208719,0.0075007126090573415,1017.958591828379,True,False,False,physics-filtered candidate selected by residual-calibrated certificate
ks,5,0.05,0.03,data_only_lowrank,data_only,True,physics_filtered_s1.3,1518679539.5137398,1558915000.9173026,0.9741900864512258,0.024286781746295685,0.024279666390055223,1.0002930581963467,0.0,2884.362654858657,True,False,False,data-driven candidate without PDE residual selection
ks,5,0.05,0.03,risky_sensor_overfit,risky,False,physics_filtered_s1.3,8897947811.476038,1558915000.9173026,5.707782532235737,0.20215849136723996,0.024279666390055223,8.326246667117156,0.0,75865.65209396544,True,False,False,fits observed points but injects high-frequency nonphysical structure
ks,5,0.05,0.03,underfit_oversmooth,underfit,False,physics_filtered_s1.3,1432675342.5871341,1558915000.9173026,0.9190208200858379,0.018501811724460148,0.024279666390055223,0.7620290751307988,0.016492434126310875,632.3885815897348,True,False,False,oversmoothed challenge candidate; shown for diagnosis but not eligible for safe replacement
ks,5,0.05,0.03,physics_filtered_s0.4,physics_informed,False,physics_filtered_s1.3,1478240853.0301497,1558915000.9173026,0.9482498097460847,0.02359536832922444,0.024279666390055223,0.9718160022955308,0.0002876529484592179,2673.496902388028,True,False,False,physics-filtered candidate selected by residual-calibrated certificate
ks,5,0.05,0.03,physics_filtered_s0.8,physics_informed,True,physics_filtered_s1.3,1313217954.5724473,1558915000.9173026,0.8423922752681953,0.020810398900120108,0.024279666390055223,0.8571122257176806,0.0023687773400038726,1719.246483070823,True,False,False,physics-filtered candidate selected by residual-calibrated certificate
ks,5,0.05,0.03,physics_filtered_s1.3,physics_informed,True,physics_filtered_s1.3,1277725542.482692,1558915000.9173026,0.8196248940646848,0.019209826312339192,0.024279666390055223,0.7911898789275049,0.00419130611990272,1229.8761573801062,True,False,False,physics-filtered candidate selected by residual-calibrated certificate
ks,5,0.05,0.03,physics_filtered_s2,physics_informed,False,physics_filtered_s1.3,1298355965.582864,1558915000.9173026,0.8328587285508707,0.017900028087113256,0.024279666390055223,0.7372435765306782,0.0073425935615121915,1026.2985494256166,True,False,False,physics-filtered candidate selected by residual-calibrated certificate
ks,1,0.05,0.05,data_only_lowrank,data_only,True,physics_filtered_s1.3,1901186637.1753347,1922620591.539031,0.9888516983236205,0.03733288121874484,0.037190445651868215,1.0038298967214887,0.0,4664.751588890182,True,False,False,data-driven candidate without PDE residual selection
ks,1,0.05,0.05,risky_sensor_overfit,risky,False,physics_filtered_s1.3,8862181350.361267,1922620591.539031,4.609428084439278,0.2043796309734942,0.037190445651868215,5.495487547558656,0.0,76030.59989989927,True,False,False,fits observed points but injects high-frequency nonphysical structure
ks,1,0.05,0.05,underfit_oversmooth,underfit,False,physics_filtered_s1.3,1862192526.116143,1922620591.539031,0.9685699478676049,0.025002815404234612,0.037190445651868215,0.6722913631530075,0.02557508462128658,990.3901678066042,True,False,False,oversmoothed challenge candidate; shown for diagnosis but not eligible for safe replacement
ks,1,0.05,0.05,physics_filtered_s0.4,physics_informed,False,physics_filtered_s1.3,1883535649.6758273,1922620591.539031,0.979671006315439,0.036290732288571194,0.037190445651868215,0.9758079434515291,0.0004643744402844461,4329.751087306846,True,False,False,physics-filtered candidate selected by residual-calibrated certificate
ks,1,0.05,0.05,physics_filtered_s0.8,physics_informed,True,physics_filtered_s1.3,1824224536.542342,1922620591.539031,0.9488219072292758,0.03211296461804008,0.037190445651868215,0.863473509238883,0.0038117905990424587,2792.3401407250085,True,False,False,physics-filtered candidate selected by residual-calibrated certificate
ks,1,0.05,0.05,physics_filtered_s1.3,physics_informed,True,physics_filtered_s1.3,1783056678.0986638,1922620591.539031,0.9274095398465236,0.029342570296174986,0.037190445651868215,0.7889814112488867,0.006726097065954478,1985.4853185729987,True,False,False,physics-filtered candidate selected by residual-calibrated certificate
ks,1,0.05,0.05,physics_filtered_s2,physics_informed,False,physics_filtered_s1.3,1766268339.2492285,1922620591.539031,0.9186775316056275,0.026375397079709772,0.037190445651868215,0.7091981990722835,0.011693648913575333,1640.0722597857718,True,False,False,physics-filtered candidate selected by residual-calibrated certificate
ks,2,0.05,0.05,data_only_lowrank,data_only,True,physics_filtered_s1.3,1775777509.5637925,1946574660.0264847,0.91225759074642,0.03941258993922072,0.03906918216186158,1.008789735473029,0.0,4616.19059004459,True,False,False,data-driven candidate without PDE residual selection
ks,2,0.05,0.05,risky_sensor_overfit,risky,False,physics_filtered_s1.3,9975642532.942217,1946574660.0264847,5.124716116877064,0.20187644643963962,0.03906918216186158,5.167153118232905,0.0,75997.70185020631,True,False,False,fits observed points but injects high-frequency nonphysical structure
ks,2,0.05,0.05,underfit_oversmooth,underfit,False,physics_filtered_s1.3,1224693987.695158,1946574660.0264847,0.6291533599222416,0.025807659920024918,0.03906918216186158,0.6605630958038632,0.02681667141128161,1006.3384929807221,True,False,False,oversmoothed challenge candidate; shown for diagnosis but not eligible for safe replacement
ks,2,0.05,0.05,physics_filtered_s0.4,physics_informed,False,physics_filtered_s1.3,1722439766.677885,1946574660.0264847,0.8848567702275801,0.038207326141424414,0.03906918216186158,0.9779402594647495,0.0004828751165158928,4290.377886671563,True,False,False,physics-filtered candidate selected by residual-calibrated certificate
ks,2,0.05,0.05,physics_filtered_s0.8,physics_informed,True,physics_filtered_s1.3,1482092248.4112759,1946574660.0264847,0.7613847435942225,0.03326745471097869,0.03906918216186158,0.851501179940288,0.003987891042903424,2791.634994082706,True,False,False,physics-filtered candidate selected by residual-calibrated certificate
ks,2,0.05,0.05,physics_filtered_s1.3,physics_informed,True,physics_filtered_s1.3,1339746352.6455326,1946574660.0264847,0.6882583957130647,0.030240481624028287,0.03906918216186158,0.7740239224350673,0.007043533120243137,2002.77328618043,True,False,False,physics-filtered candidate selected by residual-calibrated certificate
ks,2,0.05,0.05,physics_filtered_s2,physics_informed,False,physics_filtered_s1.3,1221442520.160514,1946574660.0264847,0.6274830065567047,0.027248178934450355,0.03906918216186158,0.6974340752991742,0.012221550818762507,1663.417920302203,True,False,False,physics-filtered candidate selected by residual-calibrated certificate
ks,3,0.05,0.05,data_only_lowrank,data_only,True,physics_filtered_s1.3,1740987902.88876,1765528768.3798032,0.9860999911581368,0.03578114042823123,0.035905540780080666,0.9965353438454551,0.0,4587.811325104627,True,False,False,data-driven candidate without PDE residual selection
ks,3,0.05,0.05,risky_sensor_overfit,risky,False,physics_filtered_s1.3,9796950347.745134,1765528768.3798032,5.549017678559628,0.20301504544979762,0.035905540780080666,5.654142537153214,0.0,75954.32248407474,True,False,False,fits observed points but injects high-frequency nonphysical structure
ks,3,0.05,0.05,underfit_oversmooth,underfit,False,physics_filtered_s1.3,1665225499.9692833,1765528768.3798032,0.9431879728005982,0.023072068281482554,0.035905540780080666,0.642576821838029,0.025083913717311942,962.0938100625664,True,False,False,oversmoothed challenge candidate; shown for diagnosis but not eligible for safe replacement
ks,3,0.05,0.05,physics_filtered_s0.4,physics_informed,False,physics_filtered_s1.3,1709853824.894421,1765528768.3798032,0.9684655699286769,0.03476031241355594,0.035905540780080666,0.968104411112834,0.00046113936881086363,4265.271131121834,True,False,False,physics-filtered candidate selected by residual-calibrated certificate
ks,3,0.05,0.05,physics_filtered_s0.8,physics_informed,True,physics_filtered_s1.3,1607107709.1793797,1765528768.3798032,0.9102699077819028,0.030716435146511494,0.035905540780080666,0.8554789728357632,0.003784339973946834,2769.0695753887403,True,False,False,physics-filtered candidate selected by residual-calibrated certificate
ks,3,0.05,0.05,physics_filtered_s1.3,physics_informed,True,physics_filtered_s1.3,1577823586.1106124,1765528768.3798032,0.89368330574333,0.02795312044759153,0.035905540780080666,0.7785182966056475,0.006659489550447464,1958.4057992302946,True,False,False,physics-filtered candidate selected by residual-calibrated certificate
ks,3,0.05,0.05,physics_filtered_s2,physics_informed,False,physics_filtered_s1.3,1577905905.21537,1765528768.3798032,0.8937299314943411,0.02484957106297092,0.035905540780080666,0.6920817935727805,0.011542202458100717,1608.0705213729348,True,False,False,physics-filtered candidate selected by residual-calibrated certificate
ks,4,0.05,0.05,data_only_lowrank,data_only,True,physics_filtered_s1.3,2075650090.1821742,2167829123.844204,0.95747864411999,0.036883575856355245,0.036927759018014865,0.998803524399169,0.0,4647.630641442639,True,False,False,data-driven candidate without PDE residual selection
ks,4,0.05,0.05,risky_sensor_overfit,risky,False,physics_filtered_s1.3,9973631391.212225,2167829123.844204,4.6007461019464575,0.20067870937943005,0.036927759018014865,5.434359265508,0.0,75765.80586698331,True,False,False,fits observed points but injects high-frequency nonphysical structure
ks,4,0.05,0.05,underfit_oversmooth,underfit,False,physics_filtered_s1.3,1696470921.7375395,2167829123.844204,0.7825667175875899,0.024459658380448134,0.036927759018014865,0.6623650887629913,0.025823991814693442,977.0895914605678,True,False,False,oversmoothed challenge candidate; shown for diagnosis but not eligible for safe replacement
ks,4,0.05,0.05,physics_filtered_s0.4,physics_informed,False,physics_filtered_s1.3,2022673727.381102,2167829123.844204,0.9330411263200956,0.03591109899527349,0.036927759018014865,0.9724689488138754,0.0004701906885352426,4318.541349099051,True,False,False,physics-filtered candidate selected by residual-calibrated certificate
ks,4,0.05,0.05,physics_filtered_s0.8,physics_informed,True,physics_filtered_s1.3,1783236657.0490615,2167829123.844204,0.8225909678189276,0.032033488246421334,0.036927759018014865,0.8674636397493449,0.0038723300301684942,2797.223929921495,True,False,False,physics-filtered candidate selected by residual-calibrated certificate
ks,4,0.05,0.05,physics_filtered_s1.3,physics_informed,True,physics_filtered_s1.3,1679664753.5337527,2167829123.844204,0.7748141839497058,0.029339220795785204,0.036927759018014865,0.7945031481785243,0.006822841506621682,1978.5798124218563,True,False,False,physics-filtered candidate selected by residual-calibrated certificate
ks,4,0.05,0.05,physics_filtered_s2,physics_informed,False,physics_filtered_s1.3,1636903581.423153,2167829123.844204,0.7550888413753005,0.026319029353145736,0.036927759018014865,0.7127166676860496,0.011838471451369893,1625.0827711444915,True,False,False,physics-filtered candidate selected by residual-calibrated certificate
ks,5,0.05,0.05,data_only_lowrank,data_only,True,physics_filtered_s1.3,2445568551.275696,2619385528.8214335,0.9336420791696345,0.0373362775832297,0.037156372738447754,1.0048418300958357,0.0,4719.338437428513,True,False,False,data-driven candidate without PDE residual selection
ks,5,0.05,0.05,risky_sensor_overfit,risky,False,physics_filtered_s1.3,8618629240.271624,2619385528.8214335,3.290324828262104,0.2009186731167684,0.037156372738447754,5.407381245894849,0.0,75914.37187261652,True,False,False,fits observed points but injects high-frequency nonphysical structure
ks,5,0.05,0.05,underfit_oversmooth,underfit,False,physics_filtered_s1.3,2184133797.778718,2619385528.8214335,0.8338344141198059,0.024577018808380303,0.037156372738447754,0.6614482791612125,0.02634862478231472,987.8529564064822,True,False,False,oversmoothed challenge candidate; shown for diagnosis but not eligible for safe replacement
ks,5,0.05,0.05,physics_filtered_s0.4,physics_informed,False,physics_filtered_s1.3,2415129243.240677,2619385528.8214335,0.9220212972342946,0.036321218653561395,0.037156372738447754,0.977523261171301,0.0004785652833692916,4382.0864108630485,True,False,False,physics-filtered candidate selected by residual-calibrated certificate
ks,5,0.05,0.05,physics_filtered_s0.8,physics_informed,True,physics_filtered_s1.3,2288240582.069019,2619385528.8214335,0.8735791493429338,0.03228672086968089,0.037156372738447754,0.8689416778135367,0.003951012146852844,2818.8643386373647,True,False,False,physics-filtered candidate selected by residual-calibrated certificate
ks,5,0.05,0.05,physics_filtered_s1.3,physics_informed,True,physics_filtered_s1.3,2178338289.379404,2619385528.8214335,0.8316218691028372,0.029510588283927594,0.037156372738447754,0.7942268340040934,0.006964365412582941,1991.0810291643193,True,False,False,physics-filtered candidate selected by residual-calibrated certificate
ks,5,0.05,0.05,physics_filtered_s2,physics_informed,False,physics_filtered_s1.3,2095362583.668133,2619385528.8214335,0.7999443230530943,0.02633825025263232,0.037156372738447754,0.7088488006438214,0.012075936638431567,1642.3403390924245,True,False,False,physics-filtered candidate selected by residual-calibrated certificate
ks,1,0.1,0.0,data_only_lowrank,data_only,True,physics_filtered_s0.8,697625800.0974131,717095044.9429318,0.9728498405018708,0.005650452529082824,0.005987658765843997,0.9436831237564145,0.0,574.9637072193615,True,False,False,data-driven candidate without PDE residual selection
ks,1,0.1,0.0,risky_sensor_overfit,risky,False,physics_filtered_s0.8,9416892734.679647,717095044.9429318,13.132000842969243,0.20018726604982506,0.005987658765843997,33.43331239220579,0.0,72733.26794641108,True,False,False,fits observed points but injects high-frequency nonphysical structure
ks,1,0.1,0.0,underfit_oversmooth,underfit,False,physics_filtered_s0.8,1082774621.7783375,717095044.9429318,1.5099457588143108,0.009940100542382733,0.005987658765843997,1.6600980332120707,0.005482637658826267,277.7395633210404,True,False,False,oversmoothed challenge candidate; shown for diagnosis but not eligible for safe replacement
ks,1,0.1,0.0,physics_filtered_s0.4,physics_informed,False,physics_filtered_s0.8,692135728.6141452,717095044.9429318,0.9651938519101426,0.00548392058627581,0.005987658765843997,0.9158705931344013,3.176174700704747e-05,513.1356134645074,True,False,False,physics-filtered candidate selected by residual-calibrated certificate
ks,1,0.1,0.0,physics_filtered_s0.8,physics_informed,True,physics_filtered_s0.8,684704675.2263978,717095044.9429318,0.9548311343873367,0.005024219896402822,0.005987658765843997,0.8390958957487503,0.00030035435321089176,287.508685504955,True,False,False,physics-filtered candidate selected by residual-calibrated certificate
ks,1,0.1,0.0,physics_filtered_s1.3,physics_informed,False,physics_filtered_s0.8,728676646.2656983,717095044.9429318,1.016150720053697,0.005368095289344863,0.005987658765843997,0.8965265888347047,0.0006656198759370062,236.67710119246908,True,False,False,physics-filtered candidate selected by residual-calibrated certificate
ks,1,0.1,0.0,physics_filtered_s2,physics_informed,False,physics_filtered_s0.8,846029584.474538,717095044.9429318,1.1798011859667321,0.006562170641437234,0.005987658765843997,1.0959493346171518,0.0015757249120849095,282.90112346788663,True,False,False,physics-filtered candidate selected by residual-calibrated certificate
ks,2,0.1,0.0,data_only_lowrank,data_only,True,data_only_lowrank,510702217.864506,522533913.08198446,0.9773570768877118,0.0057426305924275,0.006011228208290437,0.9553173482171552,0.0,610.8332793591297,False,True,False,data-driven candidate without PDE residual selection
ks,2,0.1,0.0,risky_sensor_overfit,risky,False,data_only_lowrank,8723281880.375696,522533913.08198446,16.694192782482677,0.19981436228659408,0.006011228208290437,33.240189081122914,0.0,72763.38255009562,False,True,False,fits observed points but injects high-frequency nonphysical structure
ks,2,0.1,0.0,underfit_oversmooth,underfit,False,data_only_lowrank,982226175.4278369,522533913.08198446,1.8797367038524209,0.009914032447228618,0.006011228208290437,1.6492523827171195,0.005044408418848563,252.88787686970642,False,True,False,oversmoothed challenge candidate; shown for diagnosis but not eligible for safe replacement
ks,2,0.1,0.0,physics_filtered_s0.4,physics_informed,False,data_only_lowrank,509806648.4370795,522533913.08198446,0.975643179655388,0.005665879588179468,0.006011228208290437,0.9425494076938838,2.529264458877756e-05,537.063987204942,False,True,False,physics-filtered candidate selected by residual-calibrated certificate
ks,2,0.1,0.0,physics_filtered_s0.8,physics_informed,False,data_only_lowrank,528018299.4926743,522533913.08198446,1.010495752090696,0.0054443326542705575,0.006011228208290437,0.9056938889553826,0.00023636895042289624,253.0622047954183,False,True,False,physics-filtered candidate selected by residual-calibrated certificate
ks,2,0.1,0.0,physics_filtered_s1.3,physics_informed,False,data_only_lowrank,587785391.051798,522533913.08198446,1.1248751063542468,0.005672773689526386,0.006011228208290437,0.9436962783677111,0.0005412396172314932,195.01471617347644,False,True,False,physics-filtered candidate selected by residual-calibrated certificate
ks,2,0.1,0.0,physics_filtered_s2,physics_informed,False,data_only_lowrank,724190976.7777046,522533913.08198446,1.385921484992842,0.006682568842685291,0.006011228208290437,1.1116811090880374,0.0013532129343349878,239.4434707636786,False,True,False,physics-filtered candidate selected by residual-calibrated certificate
ks,3,0.1,0.0,data_only_lowrank,data_only,True,data_only_lowrank,497274225.86296177,502997062.9749672,0.9886225238013164,0.004985730296143941,0.00531063745641375,0.93881955530287,0.0,340.6565015584322,False,True,False,data-driven candidate without PDE residual selection
ks,3,0.1,0.0,risky_sensor_overfit,risky,False,data_only_lowrank,9458704155.760881,502997062.9749672,18.80469062745127,0.20058108953218587,0.00531063745641375,37.769682291561985,0.0,72650.562321454,False,True,False,fits observed points but injects high-frequency nonphysical structure
ks,3,0.1,0.0,underfit_oversmooth,underfit,False,data_only_lowrank,991008248.1859002,502997062.9749672,1.9702068284943843,0.009688023887332408,0.00531063745641375,1.8242676072356894,0.005286478964322357,265.8980208730938,False,True,False,oversmoothed challenge candidate; shown for diagnosis but not eligible for safe replacement
ks,3,0.1,0.0,physics_filtered_s0.4,physics_informed,False,data_only_lowrank,498695441.13836676,502997062.9749672,0.9914480179841239,0.004878543744873932,0.00531063745641375,0.9186361870858634,2.964935117547996e-05,309.7192257533323,False,True,False,physics-filtered candidate selected by residual-calibrated certificate
ks,3,0.1,0.0,physics_filtered_s0.8,physics_informed,False,data_only_lowrank,538470004.143438,502997062.9749672,1.0705231576476146,0.004615459353780018,0.00531063745641375,0.8690970511151631,0.0002770074617766511,213.89581976672744,False,True,False,physics-filtered candidate selected by residual-calibrated certificate
ks,3,0.1,0.0,physics_filtered_s1.3,physics_informed,False,data_only_lowrank,613774036.4602212,502997062.9749672,1.2202338376094397,0.004992692103442594,0.00531063745641375,0.9401304727500653,0.0006111225661608531,213.2223747820728,False,True,False,physics-filtered candidate selected by residual-calibrated certificate
ks,3,0.1,0.0,physics_filtered_s2,physics_informed,False,data_only_lowrank,750829630.3088882,502997062.9749672,1.49271175833139,0.006241748999371831,0.00531063745641375,1.1753295248310034,0.001472704312413896,265.60017082112665,False,True,False,physics-filtered candidate selected by residual-calibrated certificate
ks,4,0.1,0.0,data_only_lowrank,data_only,True,physics_filtered_s0.8,882591195.3100206,893256406.3483194,0.9880603027725278,0.003979825001671371,0.004407924563875602,0.9028795622739262,0.0,518.3018524303975,True,False,False,data-driven candidate without PDE residual selection
ks,4,0.1,0.0,risky_sensor_overfit,risky,False,physics_filtered_s0.8,8393647915.30542,893256406.3483194,9.396683702072854,0.1983655728427253,0.004407924563875602,45.002034386748505,0.0,72712.3857812986,True,False,False,fits observed points but injects high-frequency nonphysical structure
ks,4,0.1,0.0,underfit_oversmooth,underfit,False,physics_filtered_s0.8,1168873023.6839156,893256406.3483194,1.3085526343576217,0.008727846743626788,0.004407924563875602,1.9800354146652914,0.005055003555213624,255.38016531166613,True,False,False,oversmoothed challenge candidate; shown for diagnosis but not eligible for safe replacement
ks,4,0.1,0.0,physics_filtered_s0.4,physics_informed,False,physics_filtered_s0.8,879793522.4826913,893256406.3483194,0.9849283097552414,0.003910253289001368,0.004407924563875602,0.8870962357568658,2.2932611239484083e-05,464.72971282815405,True,False,False,physics-filtered candidate selected by residual-calibrated certificate
ks,4,0.1,0.0,physics_filtered_s0.8,physics_informed,True,physics_filtered_s0.8,876026742.5727415,893256406.3483194,0.9807114019523088,0.003749373691929089,0.004407924563875602,0.850598424892714,0.00021595400773049303,250.17663853545218,True,False,False,physics-filtered candidate selected by residual-calibrated certificate
ks,4,0.1,0.0,physics_filtered_s1.3,physics_informed,False,physics_filtered_s0.8,894211200.4907153,893256406.3483194,1.001068891457828,0.004088817327259945,0.004407924563875602,0.9276060120995597,0.0005125327627744407,194.40244057967885,True,False,False,physics-filtered candidate selected by residual-calibrated certificate
ks,4,0.1,0.0,physics_filtered_s2,physics_informed,False,physics_filtered_s0.8,976233118.634875,893256406.3483194,1.0928923786013123,0.005242231620161994,0.004407924563875602,1.1892743496416747,0.0013258056824546208,238.7453074543476,True,False,False,physics-filtered candidate selected by residual-calibrated certificate
ks,5,0.1,0.0,data_only_lowrank,data_only,True,data_only_lowrank,243927125.20198476,254558644.8610149,0.9582354798249544,0.0035220595137951394,0.003967526466748067,0.8877217436168053,0.0,242.32573635524008,False,True,False,data-driven candidate without PDE residual selection
ks,5,0.1,0.0,risky_sensor_overfit,risky,False,data_only_lowrank,9174546412.926056,254558644.8610149,36.04099329620181,0.19998661319348052,0.003967526466748067,50.405867438860746,0.0,72727.99187778025,False,True,False,fits observed points but injects high-frequency nonphysical structure
ks,5,0.1,0.0,underfit_oversmooth,underfit,False,data_only_lowrank,856632038.0544528,254558644.8610149,3.3651657696487214,0.008915286276094708,0.003967526466748067,2.24706409612308,0.004984363277281653,250.54301524383843,False,True,False,oversmoothed challenge candidate; shown for diagnosis but not eligible for safe replacement
ks,5,0.1,0.0,physics_filtered_s0.4,physics_informed,False,data_only_lowrank,238719462.27290994,254558644.8610149,0.9377778641273294,0.003491025450329066,0.003967526466748067,0.8798997256117969,2.252688160486462e-05,227.44372253002862,False,True,False,physics-filtered candidate selected by residual-calibrated certificate
ks,5,0.1,0.0,physics_filtered_s0.8,physics_informed,False,data_only_lowrank,281824452.7214522,254558644.8610149,1.1071101233875753,0.003496021801476947,0.003967526466748067,0.8811590369707748,0.0002128288919450379,172.99043083524387,False,True,False,physics-filtered candidate selected by residual-calibrated certificate
ks,5,0.1,0.0,physics_filtered_s1.3,physics_informed,False,data_only_lowrank,392736825.2158518,254558644.8610149,1.5428147232252907,0.003966972690356376,0.003967526466748067,0.9998604225085345,0.0005050055201290404,174.39193200458928,False,True,False,physics-filtered candidate selected by residual-calibrated certificate
ks,5,0.1,0.0,physics_filtered_s2,physics_informed,False,data_only_lowrank,572355631.2321573,254558644.8610149,2.2484234685671534,0.0053081026826092715,0.003967526466748067,1.3378871510394996,0.001308485357025356,232.86820636107137,False,True,False,physics-filtered candidate selected by residual-calibrated certificate
ks,1,0.1,0.01,data_only_lowrank,data_only,True,physics_filtered_s0.8,623703536.125365,717193312.5532018,0.869644941201398,0.009074105307210985,0.008752100491582435,1.0367917181597097,0.0,1390.1261744032006,True,False,True,data-driven candidate without PDE residual selection
ks,1,0.1,0.01,risky_sensor_overfit,risky,False,physics_filtered_s0.8,9602334128.678703,717193312.5532018,13.388766962277547,0.2018508093671613,0.008752100491582435,23.063127478738792,0.0,72718.89337628594,True,False,False,fits observed points but injects high-frequency nonphysical structure
ks,1,0.1,0.01,underfit_oversmooth,underfit,False,physics_filtered_s0.8,1052930108.9948511,717193312.5532018,1.4681259439612304,0.009808569144199086,0.008752100491582435,1.120710297203743,0.007538203958840499,396.6579781327061,True,False,False,oversmoothed challenge candidate; shown for diagnosis but not eligible for safe replacement
ks,1,0.1,0.01,physics_filtered_s0.4,physics_informed,False,physics_filtered_s0.8,614101504.3371603,717193312.5532018,0.8562565957997634,0.008676269280504282,0.008752100491582435,0.9913356556928908,0.00011808495057858619,1288.791117023944,True,False,False,physics-filtered candidate selected by residual-calibrated certificate
ks,1,0.1,0.01,physics_filtered_s0.8,physics_informed,True,physics_filtered_s0.8,604318610.4571172,717193312.5532018,0.8426160700045409,0.007210407588555259,0.008752100491582435,0.8238488114557426,0.0009423984959102081,849.4705766711951,True,False,False,physics-filtered candidate selected by residual-calibrated certificate
ks,1,0.1,0.01,physics_filtered_s1.3,physics_informed,True,physics_filtered_s0.8,655174091.8215069,717193312.5532018,0.9135250989570621,0.00669025911593728,0.008752100491582435,0.7644175385791555,0.0016473295204408522,636.4839379803528,True,False,False,physics-filtered candidate selected by residual-calibrated certificate
ks,1,0.1,0.01,physics_filtered_s2,physics_informed,False,physics_filtered_s0.8,775201370.8020366,717193312.5532018,1.0808820400769308,0.006950048937318013,0.008752100491582435,0.7941006782552721,0.0029483842507516504,562.5231521540562,True,False,False,physics-filtered candidate selected by residual-calibrated certificate
ks,2,0.1,0.01,data_only_lowrank,data_only,True,physics_filtered_s0.8,856223091.4157354,900150322.7245264,0.9512001160252496,0.008487356118036466,0.008311712470091707,1.0211320648489286,0.0,1424.3509578948185,True,False,True,data-driven candidate without PDE residual selection
ks,2,0.1,0.01,risky_sensor_overfit,risky,False,physics_filtered_s0.8,8304644213.839565,900150322.7245264,9.225841511341702,0.19991237526730046,0.008311712470091707,24.051887738248823,0.0,72729.66287091038,True,False,False,fits observed points but injects high-frequency nonphysical structure
ks,2,0.1,0.01,underfit_oversmooth,underfit,False,physics_filtered_s0.8,1107157332.192108,900150322.7245264,1.229969377604647,0.009611146722841704,0.008311712470091707,1.1563377289901995,0.007415503922174344,381.56627465862437,True,False,False,oversmoothed challenge candidate; shown for diagnosis but not eligible for safe replacement
ks,2,0.1,0.01,physics_filtered_s0.4,physics_informed,False,physics_filtered_s0.8,839861391.1891127,900150322.7245264,0.933023485063101,0.008090334034343734,0.008311712470091707,0.9733654842467262,0.0001191452332122654,1319.4564788059474,True,False,False,physics-filtered candidate selected by residual-calibrated certificate
ks,2,0.1,0.01,physics_filtered_s0.8,physics_informed,True,physics_filtered_s0.8,795898678.6038254,900150322.7245264,0.8841841840314429,0.0066606414075078965,0.008311712470091707,0.8013560900564994,0.0009442769346342993,858.5358398361127,True,False,False,physics-filtered candidate selected by residual-calibrated certificate
ks,2,0.1,0.01,physics_filtered_s1.3,physics_informed,True,physics_filtered_s0.8,809001710.826999,900150322.7245264,0.898740677421918,0.0061792155922322945,0.008311712470091707,0.743434715014953,0.001640073080241152,633.0963943672639,True,False,False,physics-filtered candidate selected by residual-calibrated certificate
ks,2,0.1,0.01,physics_filtered_s2,physics_informed,False,physics_filtered_s0.8,886080451.5389694,900150322.7245264,0.9843694204952668,0.006529564009163932,0.008311712470091707,0.7855858864071487,0.0029130291662891683,549.46492255403,True,False,False,physics-filtered candidate selected by residual-calibrated certificate
ks,3,0.1,0.01,data_only_lowrank,data_only,True,physics_filtered_s0.8,722349333.8812995,821314501.5416718,0.8795039324465758,0.014039141207162206,0.013892638716869932,1.01054533211922,0.0,1407.7191032765516,True,False,False,data-driven candidate without PDE residual selection
ks,3,0.1,0.01,risky_sensor_overfit,risky,False,physics_filtered_s0.8,9096783634.64172,821314501.5416718,11.075883376667942,0.200993003718358,0.013892638716869932,14.467590196513433,0.0,72751.49719467643,True,False,False,fits observed points but injects high-frequency nonphysical structure
ks,3,0.1,0.01,underfit_oversmooth,underfit,False,physics_filtered_s0.8,1083006712.9715316,821314501.5416718,1.3186260694759961,0.012813066351742189,0.013892638716869932,0.9222917699040786,0.008038358537760151,412.37357397235365,True,False,False,oversmoothed challenge candidate; shown for diagnosis but not eligible for safe replacement
ks,3,0.1,0.01,physics_filtered_s0.4,physics_informed,False,physics_filtered_s0.8,706057462.6654823,821314501.5416718,0.8596675954706231,0.013469829882923298,0.013892638716869932,0.9695659806943097,0.00012463427781818034,1303.0151046115943,True,False,False,physics-filtered candidate selected by residual-calibrated certificate
ks,3,0.1,0.01,physics_filtered_s0.8,physics_informed,True,physics_filtered_s0.8,667493062.415341,821314501.5416718,0.8127131094877835,0.011080029336103024,0.013892638716869932,0.7975467843881174,0.0010021221246054371,858.5386856301739,True,False,False,physics-filtered candidate selected by residual-calibrated certificate
ks,3,0.1,0.01,physics_filtered_s1.3,physics_informed,True,physics_filtered_s0.8,706113885.9254557,821314501.5416718,0.8597362941967109,0.010300355143023717,0.013892638716869932,0.741425394570615,0.0017656267446712847,656.0005714609653,True,False,False,physics-filtered candidate selected by residual-calibrated certificate
ks,3,0.1,0.01,physics_filtered_s2,physics_informed,False,physics_filtered_s0.8,817566912.0481659,821314501.5416718,0.9954370834966736,0.010472104803899073,0.013892638716869932,0.7537880323936541,0.003171400825530505,588.1911231660453,True,False,False,physics-filtered candidate selected by residual-calibrated certificate
ks,4,0.1,0.01,data_only_lowrank,data_only,True,physics_filtered_s0.8,660495787.4995322,730373190.3392153,0.9043264405594774,0.009794852443778687,0.009477288403010885,1.0335079008077253,0.0,1416.325263055268,True,False,True,data-driven candidate without PDE residual selection
ks,4,0.1,0.01,risky_sensor_overfit,risky,False,physics_filtered_s0.8,8036013303.167623,730373190.3392153,11.002612649891171,0.19916171876542338,0.009477288403010885,21.014631007866775,0.0,72772.38991070793,True,False,False,fits observed points but injects high-frequency nonphysical structure
ks,4,0.1,0.01,underfit_oversmooth,underfit,False,physics_filtered_s0.8,1039358276.1280463,730373190.3392153,1.4230509688414572,0.010701564626901406,0.009477288403010885,1.1291800112754187,0.007746584071795405,400.096756315757,True,False,False,oversmoothed challenge candidate; shown for diagnosis but not eligible for safe replacement
ks,4,0.1,0.01,physics_filtered_s0.4,physics_informed,False,physics_filtered_s0.8,644865037.8104076,730373190.3392153,0.882925395318667,0.009393224312367419,0.009477288403010885,0.9911299426523846,0.00012124024680648918,1311.1016626086134,True,False,False,physics-filtered candidate selected by residual-calibrated certificate
ks,4,0.1,0.01,physics_filtered_s0.8,physics_informed,True,physics_filtered_s0.8,599071564.2834561,730373190.3392153,0.8202266624891074,0.007937325703188194,0.009477288403010885,0.8375101996293619,0.000966098867480921,859.0365995163099,True,False,False,physics-filtered candidate selected by residual-calibrated certificate
ks,4,0.1,0.01,physics_filtered_s1.3,physics_informed,True,physics_filtered_s0.8,648955529.4171953,730373190.3392153,0.8885259453674549,0.007494424155154288,0.009477288403010885,0.7907772598734646,0.0016942535934907142,645.1716803924703,True,False,False,physics-filtered candidate selected by residual-calibrated certificate
ks,4,0.1,0.01,physics_filtered_s2,physics_informed,False,physics_filtered_s0.8,782950191.9433553,730373190.3392153,1.0719864889615145,0.007881006997418982,0.009477288403010885,0.83156770813091,0.0030380459781584055,570.9724631026345,True,False,False,physics-filtered candidate selected by residual-calibrated certificate
ks,5,0.1,0.01,data_only_lowrank,data_only,True,physics_filtered_s0.8,1030647271.5219972,1073550896.9945259,0.9600357788413757,0.009135669562262125,0.008850788316048382,1.0321871041322956,0.0,1414.2764310337575,True,False,True,data-driven candidate without PDE residual selection
ks,5,0.1,0.01,risky_sensor_overfit,risky,False,physics_filtered_s0.8,8255697619.251258,1073550896.9945259,7.690084971624176,0.1993699069065371,0.008850788316048382,22.525666614634872,0.0,72702.91663469252,True,False,False,fits observed points but injects high-frequency nonphysical structure
ks,5,0.1,0.01,underfit_oversmooth,underfit,False,physics_filtered_s0.8,1329509894.6514678,1073550896.9945259,1.2384227877537204,0.00993408764882762,0.008850788316048382,1.1223958017041924,0.007537171726270716,397.80509753399264,True,False,False,oversmoothed challenge candidate; shown for diagnosis but not eligible for safe replacement
ks,5,0.1,0.01,physics_filtered_s0.4,physics_informed,False,physics_filtered_s0.8,1027058807.3008325,1073550896.9945259,0.9566931667386698,0.008736139429779998,0.008850788316048382,0.9870464773123602,0.00011914316181219237,1310.7024442877707,True,False,False,physics-filtered candidate selected by residual-calibrated certificate
ks,5,0.1,0.01,physics_filtered_s0.8,physics_informed,True,physics_filtered_s0.8,1024710772.4224153,1073550896.9945259,0.9545059999401596,0.007239137370653559,0.008850788316048382,0.8179087682742945,0.0009476372465870133,860.4968131999696,True,False,False,physics-filtered candidate selected by residual-calibrated certificate
ks,5,0.1,0.01,physics_filtered_s1.3,physics_informed,True,physics_filtered_s0.8,1045949516.7726821,1073550896.9945259,0.9742896398306632,0.006724060257809629,0.008850788316048382,0.7597131483596494,0.0016538764862339323,641.7181070149626,True,False,False,physics-filtered candidate selected by residual-calibrated certificate
ks,5,0.1,0.01,physics_filtered_s2,physics_informed,False,physics_filtered_s0.8,1117696246.3713977,1073550896.9945259,1.0411208723316794,0.007039955017617623,0.008850788316048382,0.7954042922998471,0.002952766474166864,565.0238770194891,True,False,False,physics-filtered candidate selected by residual-calibrated certificate
ks,1,0.1,0.03,data_only_lowrank,data_only,True,physics_filtered_s1.3,1233117332.4429312,1237011462.9157448,0.9968519851355017,0.023117081062532654,0.021309521132997947,1.084824051989177,0.0,4145.334265495943,True,False,True,data-driven candidate without PDE residual selection
ks,1,0.1,0.03,risky_sensor_overfit,risky,False,physics_filtered_s1.3,9367577281.814476,1237011462.9157448,7.572748970114047,0.2006052540146368,0.021309521132997947,9.41387902399103,0.0,72905.96449006782,True,False,False,fits observed points but injects high-frequency nonphysical structure
ks,1,0.1,0.03,underfit_oversmooth,underfit,False,physics_filtered_s1.3,1139594558.895522,1237011462.9157448,0.9212481800365839,0.013238999104388093,0.021309521132997947,0.6212715443551726,0.01704021390906985,899.9304822932863,True,False,False,oversmoothed challenge candidate; shown for diagnosis but not eligible for safe replacement
ks,1,0.1,0.03,physics_filtered_s0.4,physics_informed,False,physics_filtered_s1.3,1193329350.8591347,1237011462.9157448,0.9646873829660013,0.02189270159102959,0.021309521132997947,1.0273671310286376,0.00034686356874861113,3837.890747818654,True,False,False,physics-filtered candidate selected by residual-calibrated certificate
ks,1,0.1,0.03,physics_filtered_s0.8,physics_informed,True,physics_filtered_s1.3,1044753832.0872796,1237011462.9157448,0.8445789415925887,0.01723174296541837,0.021309521132997947,0.808640553537651,0.0027363811203650885,2490.412352009539,True,False,False,physics-filtered candidate selected by residual-calibrated certificate
ks,1,0.1,0.03,physics_filtered_s1.3,physics_informed,True,physics_filtered_s1.3,1002840670.0571237,1237011462.9157448,0.8106963436647062,0.01471547355441398,0.021309521132997947,0.6905586222177656,0.00466930961553123,1810.6096449856154,True,False,False,physics-filtered candidate selected by residual-calibrated certificate
ks,1,0.1,0.03,physics_filtered_s2,physics_informed,False,physics_filtered_s1.3,1009600699.8135636,1237011462.9157448,0.8161611513557409,0.012647139144566643,0.021309521132997947,0.5934971069992259,0.007883534777872247,1503.1735210086683,True,False,False,physics-filtered candidate selected by residual-calibrated certificate
ks,2,0.1,0.03,data_only_lowrank,data_only,True,physics_filtered_s1.3,1220220106.8355587,1254504069.8967104,0.9726713018444216,0.023054783426958023,0.021361591338201695,1.0792633873043471,0.0,4147.350015899263,True,False,True,data-driven candidate without PDE residual selection
ks,2,0.1,0.03,risky_sensor_overfit,risky,False,physics_filtered_s1.3,7381951561.180166,1254504069.8967104,5.8843583997204245,0.20054977494679233,0.021361591338201695,9.388334968226534,0.0,72934.89696316778,True,False,False,fits observed points but injects high-frequency nonphysical structure
ks,2,0.1,0.03,underfit_oversmooth,underfit,False,physics_filtered_s1.3,1186325326.2667978,1254504069.8967104,0.9456528318512939,0.013534023198593701,0.021361591338201695,0.6335681168919639,0.01693057125118704,898.4204977778801,True,False,False,oversmoothed challenge candidate; shown for diagnosis but not eligible for safe replacement
ks,2,0.1,0.03,physics_filtered_s0.4,physics_informed,False,physics_filtered_s1.3,1183830366.2507873,1254504069.8967104,0.9436640300005228,0.02184546744196734,0.021361591338201695,1.022651688026522,0.0003472656214755295,3838.6212236046604,True,False,False,physics-filtered candidate selected by residual-calibrated certificate
ks,2,0.1,0.03,physics_filtered_s0.8,physics_informed,True,physics_filtered_s1.3,1053974433.2610235,1254504069.8967104,0.8401522629956892,0.017263186193930392,0.021361591338201695,0.8081413935791328,0.0027309448177004485,2493.177040631596,True,False,False,physics-filtered candidate selected by residual-calibrated certificate
ks,2,0.1,0.03,physics_filtered_s1.3,physics_informed,True,physics_filtered_s1.3,999448661.150786,1254504069.8967104,0.7966882572434186,0.014797531940228826,0.021361591338201695,0.692716741241705,0.004651047639938738,1814.3212655935608,True,False,False,physics-filtered candidate selected by residual-calibrated certificate
ks,2,0.1,0.03,physics_filtered_s2,physics_informed,False,physics_filtered_s1.3,980985956.51586,1254504069.8967104,0.7819711231360369,0.012814466305342968,0.021361591338201695,0.5998835059552197,0.007842511065051938,1502.27347071969,True,False,False,physics-filtered candidate selected by residual-calibrated certificate
ks,3,0.1,0.03,data_only_lowrank,data_only,False,physics_filtered_s1.3,1263325668.1582932,1260065385.2379265,1.0025873918596304,0.023202132495862643,0.021122306374824082,1.0984658627250605,0.0,4246.462252157033,True,False,False,data-driven candidate without PDE residual selection
ks,3,0.1,0.03,risky_sensor_overfit,risky,False,physics_filtered_s1.3,8612598018.46285,1260065385.2379265,6.835040561674197,0.200795195557341,0.021122306374824082,9.506310153097902,0.0,73013.0997045076,True,False,False,fits observed points but injects high-frequency nonphysical structure
ks,3,0.1,0.03,underfit_oversmooth,underfit,False,physics_filtered_s1.3,1174680913.5396585,1260065385.2379265,0.9322380626445463,0.012852323584471305,0.021122306374824082,0.6084716013390311,0.016957642563650066,904.642255513028,True,False,False,oversmoothed challenge candidate; shown for diagnosis but not eligible for safe replacement
ks,3,0.1,0.03,physics_filtered_s0.4,physics_informed,False,physics_filtered_s1.3,1229391056.575039,1260065385.2379265,0.9756565579673505,0.021956168491824093,0.021122306374824082,1.0394777966555029,0.0003489808485008356,3922.3768951183606,True,False,False,physics-filtered candidate selected by residual-calibrated certificate
ks,3,0.1,0.03,physics_filtered_s0.8,physics_informed,True,physics_filtered_s1.3,1095537425.550997,1260065385.2379265,0.8694290299420746,0.01718443863850758,0.021122306374824082,0.8135682880812837,0.0027428504449117067,2521.4168792712017,True,False,False,physics-filtered candidate selected by residual-calibrated certificate
ks,3,0.1,0.03,physics_filtered_s1.3,physics_informed,True,physics_filtered_s1.3,1042422163.4269418,1260065385.2379265,0.8272762474386286,0.014584999498437256,0.021122306374824082,0.6905022225759769,0.00466419544567455,1831.7681459716177,True,False,False,physics-filtered candidate selected by residual-calibrated certificate
ks,3,0.1,0.03,physics_filtered_s2,physics_informed,False,physics_filtered_s1.3,1041611375.7013482,1260065385.2379265,0.8266327985072539,0.012458871644867415,0.021122306374824082,0.5898442823046749,0.007849580497579252,1518.2033429707242,True,False,False,physics-filtered candidate selected by residual-calibrated certificate
ks,4,0.1,0.03,data_only_lowrank,data_only,False,physics_filtered_s1.3,1293174001.0383234,1253198242.122212,1.0318989905766345,0.023697919985420198,0.021984025878711802,1.07796088464807,0.0,4227.6569909220525,True,False,False,data-driven candidate without PDE residual selection
ks,4,0.1,0.03,risky_sensor_overfit,risky,False,physics_filtered_s1.3,8175746029.562236,1253198242.122212,6.5239048019387,0.20015929327746593,0.021984025878711802,9.104760628133409,0.0,72891.03430851444,True,False,False,fits observed points but injects high-frequency nonphysical structure
ks,4,0.1,0.03,underfit_oversmooth,underfit,False,physics_filtered_s1.3,1183254675.8280723,1253198242.122212,0.944187947330907,0.01373448658463028,0.021984025878711802,0.6247484723580726,0.017287282706053782,927.7739454821084,True,False,False,oversmoothed challenge candidate; shown for diagnosis but not eligible for safe replacement
ks,4,0.1,0.03,physics_filtered_s0.4,physics_informed,False,physics_filtered_s1.3,1253607467.9050128,1253198242.122212,1.0003265451299292,0.022436625658180238,0.021984025878711802,1.0205876658326773,0.0003545659853242564,3906.5565859483827,True,False,False,physics-filtered candidate selected by residual-calibrated certificate
ks,4,0.1,0.03,physics_filtered_s0.8,physics_informed,True,physics_filtered_s1.3,1114129576.4174802,1253198242.122212,0.8890289971447553,0.01768456706836868,0.021984025878711802,0.8044280499455324,0.0027942101095540435,2530.492149111031,True,False,False,physics-filtered candidate selected by residual-calibrated certificate
ks,4,0.1,0.03,physics_filtered_s1.3,physics_informed,True,physics_filtered_s1.3,1060765525.0673631,1253198242.122212,0.846446706844261,0.015143799387944981,0.021984025878711802,0.6888546925302068,0.004752390463077942,1860.5969132928858,True,False,False,physics-filtered candidate selected by residual-calibrated certificate
ks,4,0.1,0.03,physics_filtered_s2,physics_informed,False,physics_filtered_s1.3,1053179972.0297313,1253198242.122212,0.8403937514676351,0.013047333725836892,0.021984025878711802,0.5934915559700904,0.00800585983283555,1550.8791771521787,True,False,False,physics-filtered candidate selected by residual-calibrated certificate
ks,5,0.1,0.03,data_only_lowrank,data_only,True,physics_filtered_s1.3,1363828913.209087,1395711056.9628165,0.9771570601273964,0.02314968577928577,0.021167313187725162,1.093652537423433,0.0,4160.97949683362,True,False,True,data-driven candidate without PDE residual selection
ks,5,0.1,0.03,risky_sensor_overfit,risky,False,physics_filtered_s1.3,9493745569.561005,1395711056.9628165,6.802085232612677,0.20058702054215893,0.021167313187725162,9.476262705320686,0.0,72831.51533495184,True,False,False,fits observed points but injects high-frequency nonphysical structure
ks,5,0.1,0.03,underfit_oversmooth,underfit,False,physics_filtered_s1.3,1457704247.6039944,1395711056.9628165,1.0444169230672145,0.01296635029288053,0.021167313187725162,0.6125647680116104,0.016812014504350353,894.3488955175927,True,False,False,oversmoothed challenge candidate; shown for diagnosis but not eligible for safe replacement
ks,5,0.1,0.03,physics_filtered_s0.4,physics_informed,False,physics_filtered_s1.3,1344190684.1163025,1395711056.9628165,0.9630866484939751,0.021926181222906127,0.021167313187725162,1.0358509380673395,0.00034229211781899226,3851.410856663601,True,False,False,physics-filtered candidate selected by residual-calibrated certificate
ks,5,0.1,0.03,physics_filtered_s0.8,physics_informed,True,physics_filtered_s1.3,1286836592.1976578,1395711056.9628165,0.9219935500102159,0.017274974664239988,0.021167313187725162,0.8161156075983022,0.002700791491729346,2496.37829889481,True,False,False,physics-filtered candidate selected by residual-calibrated certificate
ks,5,0.1,0.03,physics_filtered_s1.3,physics_informed,True,physics_filtered_s1.3,1265250858.5151472,1395711056.9628165,0.9065277889740577,0.014756219098098019,0.021167313187725162,0.6971229161931599,0.004601440720105348,1809.12910083703,True,False,False,physics-filtered candidate selected by residual-calibrated certificate
ks,5,0.1,0.03,physics_filtered_s2,physics_informed,False,physics_filtered_s1.3,1279148359.3069878,1395711056.9628165,0.9164850797202403,0.012604053497412166,0.021167313187725162,0.595448906766578,0.007758430435460191,1494.6102701628424,True,False,False,physics-filtered candidate selected by residual-calibrated certificate
ks,1,0.1,0.05,data_only_lowrank,data_only,True,physics_filtered_s1.3,2234114472.7869363,2559461349.722623,0.8728846298183227,0.03901428887195009,0.03583867791219641,1.0886084851245132,0.0,6892.381085789233,True,False,True,data-driven candidate without PDE residual selection
ks,1,0.1,0.05,risky_sensor_overfit,risky,False,physics_filtered_s1.3,9731482910.969398,2559461349.722623,3.802160525699687,0.2023374440723586,0.03583867791219641,5.645784271463165,0.0,73067.41263212894,True,False,False,fits observed points but injects high-frequency nonphysical structure
ks,1,0.1,0.05,underfit_oversmooth,underfit,False,physics_filtered_s1.3,2279976182.190322,2559461349.722623,0.8908031302904458,0.01959717739237208,0.03583867791219641,0.546816415489369,0.027782385373297316,1475.2476212161537,True,False,False,oversmoothed challenge candidate; shown for diagnosis but not eligible for safe replacement
ks,1,0.1,0.05,physics_filtered_s0.4,physics_informed,False,physics_filtered_s1.3,2193824322.2867947,2559461349.722623,0.8571429775739909,0.03693381138720268,0.03583867791219641,1.0305573067360005,0.0005887625383339925,6375.499213509796,True,False,False,physics-filtered candidate selected by residual-calibrated certificate
ks,1,0.1,0.05,physics_filtered_s0.8,physics_informed,True,physics_filtered_s1.3,2058546337.8300526,2559461349.722623,0.8042888938538353,0.029031070546713295,0.03583867791219641,0.8100485909951373,0.0046205194869643335,4144.136646027979,True,False,False,physics-filtered candidate selected by residual-calibrated certificate
ks,1,0.1,0.05,physics_filtered_s1.3,physics_informed,True,physics_filtered_s1.3,2008744239.3753734,2559461349.722623,0.7848308549738668,0.02477177865294583,0.03583867791219641,0.691202357211521,0.00783813344823273,3030.6605660986206,True,False,False,physics-filtered candidate selected by residual-calibrated certificate
ks,1,0.1,0.05,physics_filtered_s2,physics_informed,False,physics_filtered_s1.3,1991144677.6303105,2559461349.722623,0.7779545793282236,0.020904946328122804,0.03583867791219641,0.5833068501789026,0.013120454092812152,2507.1634059599824,True,False,False,physics-filtered candidate selected by residual-calibrated certificate
ks,2,0.1,0.05,data_only_lowrank,data_only,False,physics_filtered_s1.3,1979858653.5026593,1845803114.4713051,1.0726272146689664,0.03833447300166354,0.03473827680214894,1.1035225845799181,0.0,6993.491227121623,True,False,False,data-driven candidate without PDE residual selection
ks,2,0.1,0.05,risky_sensor_overfit,risky,False,physics_filtered_s1.3,7518314988.568806,1845803114.4713051,4.073194442909087,0.2031794251467902,0.03473827680214894,5.848863094106397,0.0,73152.54068084774,True,False,False,fits observed points but injects high-frequency nonphysical structure
ks,2,0.1,0.05,underfit_oversmooth,underfit,False,physics_filtered_s1.3,1581198350.5328543,1845803114.4713051,0.8566451850341352,0.01771203396466384,0.03473827680214894,0.5098708282230708,0.027588990554451163,1478.531236363517,True,False,False,oversmoothed challenge candidate; shown for diagnosis but not eligible for safe replacement
ks,2,0.1,0.05,physics_filtered_s0.4,physics_informed,False,physics_filtered_s1.3,1910808286.715831,1845803114.4713051,1.0352178256363738,0.03626495483274028,0.03473827680214894,1.0439480069274176,0.0005822434053063827,6470.324176696968,True,False,False,physics-filtered candidate selected by residual-calibrated certificate
ks,2,0.1,0.05,physics_filtered_s0.8,physics_informed,True,physics_filtered_s1.3,1649381495.2586942,1845803114.4713051,0.8935847395246853,0.02838928806442081,0.03473827680214894,0.8172336303638237,0.00458972187686467,4194.88382468937,True,False,False,physics-filtered candidate selected by residual-calibrated certificate
ks,2,0.1,0.05,physics_filtered_s1.3,physics_informed,True,physics_filtered_s1.3,1529262990.5637343,1845803114.4713051,0.8285081862600293,0.02404755068433555,0.03473827680214894,0.692249383025116,0.0077990476800339536,3056.9216639477986,True,False,False,physics-filtered candidate selected by residual-calibrated certificate
ks,2,0.1,0.05,physics_filtered_s2,physics_informed,False,physics_filtered_s1.3,1463131844.3728476,1845803114.4713051,0.7926803421782792,0.01986201699669438,0.03473827680214894,0.5717617229330711,0.013056049610105109,2521.3790665235083,True,False,False,physics-filtered candidate selected by residual-calibrated certificate
ks,3,0.1,0.05,data_only_lowrank,data_only,False,physics_filtered_s1.3,1885309118.9083903,1776799836.0310442,1.0610700657873373,0.038868097977972305,0.03531196739313148,1.100706101819516,0.0,6885.557518760386,True,False,False,data-driven candidate without PDE residual selection
ks,3,0.1,0.05,risky_sensor_overfit,risky,False,physics_filtered_s1.3,7627401731.461228,1776799836.0310442,4.292774896073303,0.20479355260331072,0.03531196739313148,5.799550909116028,0.0,73081.21689902942,True,False,False,fits observed points but injects high-frequency nonphysical structure
ks,3,0.1,0.05,underfit_oversmooth,underfit,False,physics_filtered_s1.3,1194414871.8369887,1776799836.0310442,0.6722281528937061,0.017826541930311558,0.03531196739313148,0.5048300405169202,0.027177041445015454,1477.796969416225,True,False,False,oversmoothed challenge candidate; shown for diagnosis but not eligible for safe replacement
ks,3,0.1,0.05,physics_filtered_s0.4,physics_informed,False,physics_filtered_s1.3,1786421268.1644804,1776799836.0310442,1.0054150343433892,0.036811408275659735,0.03531196739313148,1.0424626831122825,0.0005645964676947975,6369.692225678284,True,False,False,physics-filtered candidate selected by residual-calibrated certificate
ks,3,0.1,0.05,physics_filtered_s0.8,physics_informed,True,physics_filtered_s1.3,1394748575.1383748,1776799836.0310442,0.7849778837519016,0.02892221422093154,0.03531196739313148,0.8190485083461575,0.004456200163353722,4140.760950308886,True,False,False,physics-filtered candidate selected by residual-calibrated certificate
ks,3,0.1,0.05,physics_filtered_s1.3,physics_informed,True,physics_filtered_s1.3,1249280608.5743139,1776799836.0310442,0.7031071160862525,0.024300467809509792,0.03531196739313148,0.6881652199743565,0.007607901259891684,3033.940876833095,True,False,False,physics-filtered candidate selected by residual-calibrated certificate
ks,3,0.1,0.05,physics_filtered_s2,physics_informed,False,physics_filtered_s1.3,1174794442.7183464,1776799836.0310442,0.661185587084791,0.0197994864144513,0.03531196739313148,0.5607018774530754,0.012802645991695156,2514.452310438819,True,False,False,physics-filtered candidate selected by residual-calibrated certificate
ks,4,0.1,0.05,data_only_lowrank,data_only,False,physics_filtered_s1.3,1969503676.7087605,1862762309.190348,1.0573027309988938,0.03826760101232236,0.03462582975440304,1.1051749888058944,0.0,6903.683472911329,True,False,False,data-driven candidate without PDE residual selection
ks,4,0.1,0.05,risky_sensor_overfit,risky,False,physics_filtered_s1.3,7205342252.653842,1862762309.190348,3.868095364129229,0.20275437832399787,0.03462582975440304,5.855581794176642,0.0,73230.61358763947,True,False,False,fits observed points but injects high-frequency nonphysical structure
ks,4,0.1,0.05,underfit_oversmooth,underfit,False,physics_filtered_s1.3,1513515876.813747,1862762309.190348,0.8125115423188901,0.017623988432162164,0.03462582975440304,0.5089838584853582,0.027164431413716994,1455.9180322325983,True,False,False,oversmoothed challenge candidate; shown for diagnosis but not eligible for safe replacement
ks,4,0.1,0.05,physics_filtered_s0.4,physics_informed,False,physics_filtered_s1.3,1890919648.1833029,1862762309.190348,1.015115905477599,0.036279455423652116,0.03462582975440304,1.0477569975919796,0.0005693502667780538,6383.761879055066,True,False,False,physics-filtered candidate selected by residual-calibrated certificate
ks,4,0.1,0.05,physics_filtered_s0.8,physics_informed,True,physics_filtered_s1.3,1565617582.547873,1862762309.190348,0.840481673278203,0.02872945487092958,0.03462582975440304,0.829711665362954,0.0044795945758071085,4120.274228358551,True,False,False,physics-filtered candidate selected by residual-calibrated certificate
ks,4,0.1,0.05,physics_filtered_s1.3,physics_informed,True,physics_filtered_s1.3,1426368643.832897,1862762309.190348,0.7657276705651566,0.024317247650448275,0.03462582975440304,0.7022863516116548,0.007619789408023765,3000.1817154388796,True,False,False,physics-filtered candidate selected by residual-calibrated certificate
ks,4,0.1,0.05,physics_filtered_s2,physics_informed,False,physics_filtered_s1.3,1358984032.6790879,1862762309.190348,0.7295531082920461,0.019920030408948814,0.03462582975440304,0.5752939510667028,0.012804311705870864,2480.405779496191,True,False,False,physics-filtered candidate selected by residual-calibrated certificate
ks,5,0.1,0.05,data_only_lowrank,data_only,False,physics_filtered_s1.3,2158872752.5900908,1967076526.4015718,1.0975031848605186,0.038364274436839235,0.03522227832039008,1.0892047949533423,0.0,6840.274030143086,True,False,False,data-driven candidate without PDE residual selection
ks,5,0.1,0.05,risky_sensor_overfit,risky,False,physics_filtered_s1.3,9795290521.17511,1967076526.4015718,4.97961842851834,0.20288567015948508,0.03522227832039008,5.760151808132042,0.0,73107.20005981521,True,False,False,fits observed points but injects high-frequency nonphysical structure
ks,5,0.1,0.05,underfit_oversmooth,underfit,False,physics_filtered_s1.3,1157945594.3642263,1967076526.4015718,0.5886632161090798,0.018672270643507148,0.03522227832039008,0.5301267133582241,0.026832723048906,1443.9983174658923,True,False,False,oversmoothed challenge candidate; shown for diagnosis but not eligible for safe replacement
ks,5,0.1,0.05,physics_filtered_s0.4,physics_informed,False,physics_filtered_s1.3,2064386471.2153828,1967076526.4015718,1.0494693233881567,0.036401696760798456,0.03522227832039008,1.0334850127707988,0.0005583142414525575,6325.210083574983,True,False,False,physics-filtered candidate selected by residual-calibrated certificate
ks,5,0.1,0.05,physics_filtered_s0.8,physics_informed,True,physics_filtered_s1.3,1642589288.350478,1967076526.4015718,0.835040867146797,0.028936364128155014,0.03522227832039008,0.8215358434261846,0.0044066578725685,4095.063237546249,True,False,False,physics-filtered candidate selected by residual-calibrated certificate
ks,5,0.1,0.05,physics_filtered_s1.3,physics_informed,True,physics_filtered_s1.3,1389663759.093737,1967076526.4015718,0.7064614621963324,0.024641935816975973,0.03522227832039008,0.6996122054379207,0.007519377173120326,2979.8350761199486,True,False,False,physics-filtered candidate selected by residual-calibrated certificate
ks,5,0.1,0.05,physics_filtered_s2,physics_informed,False,physics_filtered_s1.3,1177079630.9107182,1967076526.4015718,0.5983903600659518,0.020490575474751298,0.03522227832039008,0.5817504276067119,0.012642556515869534,2456.9454854698934,True,False,False,physics-filtered candidate selected by residual-calibrated certificate
ks,1,0.2,0.0,data_only_lowrank,data_only,True,data_only_lowrank,68104588.61626829,85032612.71622083,0.8009231569016185,0.0014031276312579696,0.001847852827265771,0.7593286704411517,0.0,142.181913068064,False,True,False,data-driven candidate without PDE residual selection
ks,1,0.2,0.0,risky_sensor_overfit,risky,False,data_only_lowrank,6789547849.288338,85032612.71622083,79.84639813370292,0.1993397091191003,0.001847852827265771,107.8763990670094,0.0,66472.10900765973,False,True,False,fits observed points but injects high-frequency nonphysical structure
ks,1,0.2,0.0,underfit_oversmooth,underfit,False,data_only_lowrank,770140296.5802072,85032612.71622083,9.05699909692761,0.007384041216444064,0.001847852827265771,3.9960115348439644,0.004289496769369602,289.3122112018161,False,True,False,oversmoothed challenge candidate; shown for diagnosis but not eligible for safe replacement
ks,1,0.2,0.0,physics_filtered_s0.4,physics_informed,False,data_only_lowrank,70824248.7406471,85032612.71622083,0.8329068868789054,0.0013864257987686488,0.001847852827265771,0.7502901624854095,1.3882016065457113e-05,133.62242697967545,False,True,False,physics-filtered candidate selected by residual-calibrated certificate
ks,1,0.2,0.0,physics_filtered_s0.8,physics_informed,False,data_only_lowrank,178602710.77346316,85032612.71622083,2.1004024816868045,0.0015235820400946016,0.001847852827265771,0.8245148189233766,0.00013826556982807976,116.20347851109075,False,True,False,physics-filtered candidate selected by residual-calibrated certificate
ks,1,0.2,0.0,physics_filtered_s1.3,physics_informed,False,data_only_lowrank,309385935.8372114,85032612.71622083,3.6384385467458755,0.002153178497316667,0.001847852827265771,1.1652326767480976,0.00036230505928265354,152.0889616057474,False,True,False,physics-filtered candidate selected by residual-calibrated certificate
ks,1,0.2,0.0,physics_filtered_s2,physics_informed,False,data_only_lowrank,488979323.7044986,85032612.71622083,5.750491582992614,0.0036764400196608684,0.001847852827265771,1.98957404151674,0.001035048247176932,243.3627232684457,False,True,False,physics-filtered candidate selected by residual-calibrated certificate
ks,2,0.2,0.0,data_only_lowrank,data_only,True,data_only_lowrank,313476450.01848644,324664252.47118264,0.9655403932907912,0.0024143338953364784,0.0027199734374605115,0.8876314236005837,0.0,234.005253181207,False,True,False,data-driven candidate without PDE residual selection
ks,2,0.2,0.0,risky_sensor_overfit,risky,False,data_only_lowrank,8583352990.591257,324664252.47118264,26.437628797316144,0.19912880224852136,0.0027199734374605115,73.20983338764773,0.0,66398.57446135847,False,True,False,fits observed points but injects high-frequency nonphysical structure
ks,2,0.2,0.0,underfit_oversmooth,underfit,False,data_only_lowrank,899170345.9428849,324664252.47118264,2.76953911340361,0.007811726941523093,0.0027199734374605115,2.8719864801122776,0.004417029890174853,297.8799619984918,False,True,False,oversmoothed challenge candidate; shown for diagnosis but not eligible for safe replacement
ks,2,0.2,0.0,physics_filtered_s0.4,physics_informed,False,data_only_lowrank,316382176.75776577,324664252.47118264,0.9744903368622266,0.002373134023509707,0.0027199734374605115,0.872484263983433,1.455566666901779e-05,212.87359540420712,False,True,False,physics-filtered candidate selected by residual-calibrated certificate
ks,2,0.2,0.0,physics_filtered_s0.8,physics_informed,False,data_only_lowrank,371431970.2985266,324664252.47118264,1.1440494833397006,0.0023771676277145417,0.0027199734374605115,0.873967221187279,0.00014482538025229342,144.42341955233078,False,True,False,physics-filtered candidate selected by residual-calibrated certificate
ks,2,0.2,0.0,physics_filtered_s1.3,physics_informed,False,data_only_lowrank,466851910.86888355,324664252.47118264,1.43795292310576,0.0028965419634649305,0.0027199734374605115,1.06491553281651,0.00038045080513110356,164.2442699547085,False,True,False,physics-filtered candidate selected by residual-calibrated certificate
ks,2,0.2,0.0,physics_filtered_s2,physics_informed,False,data_only_lowrank,628947015.5710806,324664252.47118264,1.937222871886415,0.004287222591801767,0.0027199734374605115,1.5762001684208757,0.0010795149450194494,254.81982112115006,False,True,False,physics-filtered candidate selected by residual-calibrated certificate
ks,3,0.2,0.0,data_only_lowrank,data_only,True,data_only_lowrank,322996382.19294333,327889668.7500022,0.9850764234941792,0.001878010753251064,0.002258740949131629,0.831441406834025,0.0,279.83717365712624,False,True,False,data-driven candidate without PDE residual selection
ks,3,0.2,0.0,risky_sensor_overfit,risky,False,data_only_lowrank,8758011002.787325,327889668.7500022,26.710237733854388,0.20076399939899595,0.002258740949131629,88.88314500487377,0.0,66353.51074814469,False,True,False,fits observed points but injects high-frequency nonphysical structure
ks,3,0.2,0.0,underfit_oversmooth,underfit,False,data_only_lowrank,886056861.120812,327889668.7500022,2.702301858117956,0.007624382503225388,0.002258740949131629,3.3755010740745077,0.004328493095337625,296.7292601493545,False,True,False,oversmoothed challenge candidate; shown for diagnosis but not eligible for safe replacement
ks,3,0.2,0.0,physics_filtered_s0.4,physics_informed,False,data_only_lowrank,322295640.4375308,327889668.7500022,0.9829392968256755,0.0018569164219015897,0.002258740949131629,0.8221024291401708,1.4092526078803248e-05,239.21695651415732,False,True,False,physics-filtered candidate selected by residual-calibrated certificate
ks,3,0.2,0.0,physics_filtered_s0.8,physics_informed,False,data_only_lowrank,363185511.6689354,327889668.7500022,1.1076454865244454,0.0019603377587102525,0.002258740949131629,0.8678895907014096,0.0001400546787408216,131.91797072691628,False,True,False,physics-filtered candidate selected by residual-calibrated certificate
ks,3,0.2,0.0,physics_filtered_s1.3,physics_informed,False,data_only_lowrank,460014197.50229675,327889668.7500022,1.4029542292564035,0.0025333495173395157,0.002258740949131629,1.1215759457461838,0.00036620828199953123,161.16483589271633,False,True,False,physics-filtered candidate selected by residual-calibrated certificate
ks,3,0.2,0.0,physics_filtered_s2,physics_informed,False,data_only_lowrank,621916776.4313164,327889668.7500022,1.8967257455906414,0.003979881335492686,0.002258740949131629,1.7619910487126718,0.0010432556572775131,253.25007035217155,False,True,False,physics-filtered candidate selected by residual-calibrated certificate
ks,4,0.2,0.0,data_only_lowrank,data_only,True,physics_filtered_s0.8,705375373.2913252,706226796.5046781,0.998794405398426,0.0017788345740500206,0.0021465812613684875,0.8286826151120392,0.0,293.475479014582,False,False,False,data-driven candidate without PDE residual selection
ks,4,0.2,0.0,risky_sensor_overfit,risky,False,physics_filtered_s0.8,8496395915.307963,706226796.5046781,12.030690363717575,0.20020891810640085,0.0021465812613684875,93.26873462293014,0.0,66412.10511303703,False,False,False,fits observed points but injects high-frequency nonphysical structure
ks,4,0.2,0.0,underfit_oversmooth,underfit,False,physics_filtered_s0.8,1060715684.5726285,706226796.5046781,1.5019476601885102,0.007234288061051482,0.0021465812613684875,3.370144046198064,0.004338174723414745,292.42263791018894,False,False,False,oversmoothed challenge candidate; shown for diagnosis but not eligible for safe replacement
ks,4,0.2,0.0,physics_filtered_s0.4,physics_informed,False,physics_filtered_s0.8,699172492.8717086,706226796.5046781,0.9900112773008851,0.0017229461815041218,0.0021465812613684875,0.8026466138081646,1.3631728585303236e-05,262.35449968599687,False,False,False,physics-filtered candidate selected by residual-calibrated certificate
ks,4,0.2,0.0,physics_filtered_s0.8,physics_informed,True,physics_filtered_s0.8,692052654.3786112,706226796.5046781,0.9799297588307059,0.001697087975212049,0.0021465812613684875,0.7906003862809843,0.00013685803869337761,152.76068078113954,False,False,False,physics-filtered candidate selected by residual-calibrated certificate
ks,4,0.2,0.0,physics_filtered_s1.3,physics_informed,False,physics_filtered_s0.8,728869486.7995226,706226796.5046781,1.0320614997999364,0.002216970401632488,0.0021465812613684875,1.0327912762950027,0.00036408848042434174,162.54606120190806,False,False,False,physics-filtered candidate selected by residual-calibrated certificate
ks,4,0.2,0.0,physics_filtered_s2,physics_informed,False,physics_filtered_s0.8,836120175.6891497,706226796.5046781,1.183925871727541,0.0036301890252980118,0.0021465812613684875,1.691149125792958,0.0010447834184734626,247.83772801030452,False,False,False,physics-filtered candidate selected by residual-calibrated certificate
ks,5,0.2,0.0,data_only_lowrank,data_only,True,data_only_lowrank,672951274.817499,673310980.1741424,0.9994657663884372,0.0028092241060414143,0.0030504899148479274,0.9209091600162036,0.0,230.68960529669656,False,True,False,data-driven candidate without PDE residual selection
ks,5,0.2,0.0,risky_sensor_overfit,risky,False,data_only_lowrank,8763079465.100565,673310980.1741424,13.014906518877975,0.1998202894773416,0.0030504899148479274,65.5043271702797,0.0,66324.37313497362,False,True,False,fits observed points but injects high-frequency nonphysical structure
ks,5,0.2,0.0,underfit_oversmooth,underfit,False,data_only_lowrank,1047115950.9371598,673310980.1741424,1.55517432771754,0.007657592858966619,0.0030504899148479274,2.5102829611675936,0.004453979704057133,300.73275155172405,False,True,False,oversmoothed challenge candidate; shown for diagnosis but not eligible for safe replacement
ks,5,0.2,0.0,physics_filtered_s0.4,physics_informed,False,data_only_lowrank,670580417.6333023,673310980.1741424,0.995944574466714,0.0027503349834765893,0.0030504899148479274,0.9016043518741134,1.6307064917952973e-05,208.4807161311384,False,True,False,physics-filtered candidate selected by residual-calibrated certificate
ks,5,0.2,0.0,physics_filtered_s0.8,physics_informed,False,data_only_lowrank,683155531.6562481,673310980.1741424,1.0146211064010267,0.002616133590209377,0.0030504899148479274,0.8576109616419385,0.00015996161696621832,146.29717865300927,False,True,False,physics-filtered candidate selected by residual-calibrated certificate
ks,5,0.2,0.0,physics_filtered_s1.3,physics_informed,False,data_only_lowrank,724828206.2455564,673310980.1741424,1.0765132718585546,0.0029841225900940523,0.0030504899148479274,0.9782437157359272,0.0004030051776489862,179.30859535472078,False,True,False,physics-filtered candidate selected by residual-calibrated certificate
ks,5,0.2,0.0,physics_filtered_s2,physics_informed,False,data_only_lowrank,830874217.9834158,673310980.1741424,1.2340125773212878,0.004230615972096518,0.0030504899148479274,1.3868644345020094,0.0011104883437533446,266.94780967146085,False,True,False,physics-filtered candidate selected by residual-calibrated certificate
ks,1,0.2,0.01,data_only_lowrank,data_only,True,physics_filtered_s0.8,535931645.7797174,595721687.678722,0.8996342702714394,0.00845137062080473,0.0074668566176178,1.1318511995706668,0.0,1848.8463568900363,True,False,True,data-driven candidate without PDE residual selection
ks,1,0.2,0.01,risky_sensor_overfit,risky,False,physics_filtered_s0.8,6789773639.244567,595721687.678722,11.39755993390382,0.19965791406168976,0.0074668566176178,26.73921895913527,0.0,66685.33722477092,True,False,False,fits observed points but injects high-frequency nonphysical structure
ks,1,0.2,0.01,underfit_oversmooth,underfit,False,physics_filtered_s0.8,987735246.979275,595721687.678722,1.6580481580720448,0.00801843251953389,0.0074668566176178,1.0738698931945199,0.007216002749785165,522.3010788163925,True,False,False,oversmoothed challenge candidate; shown for diagnosis but not eligible for safe replacement
ks,1,0.2,0.01,physics_filtered_s0.4,physics_informed,False,physics_filtered_s0.8,521296864.070397,595721687.678722,0.8750677956709494,0.007796329676324148,0.0074668566176178,1.0441247334098853,0.00013967766161074356,1708.536247409602,True,False,False,physics-filtered candidate selected by residual-calibrated certificate
ks,1,0.2,0.01,physics_filtered_s0.8,physics_informed,True,physics_filtered_s0.8,497788492.47147965,595721687.678722,0.8356057917098049,0.005462550524726757,0.0074668566176178,0.7315729769213027,0.0010523181417564436,1150.22555790708,True,False,False,physics-filtered candidate selected by residual-calibrated certificate
ks,1,0.2,0.01,physics_filtered_s1.3,physics_informed,True,physics_filtered_s0.8,549949919.9875573,595721687.678722,0.9231658530520885,0.004674093316618259,0.0074668566176178,0.6259787157240856,0.0017498177632124445,904.0337380832334,True,False,False,physics-filtered candidate selected by residual-calibrated certificate
ks,1,0.2,0.01,physics_filtered_s2,physics_informed,False,physics_filtered_s0.8,681212931.1877468,595721687.678722,1.1435086975633677,0.004921928844544227,0.0074668566176178,0.659170129539106,0.002970839967023645,789.0475202042784,True,False,False,physics-filtered candidate selected by residual-calibrated certificate
ks,2,0.2,0.01,data_only_lowrank,data_only,True,physics_filtered_s0.8,603424661.895574,655691037.3616637,0.9202881044761623,0.00862978877275199,0.0074607939608447105,1.1566850414159193,0.0,1885.3536930320377,True,False,True,data-driven candidate without PDE residual selection
ks,2,0.2,0.01,risky_sensor_overfit,risky,False,physics_filtered_s0.8,6933551776.713469,655691037.3616637,10.57441901998896,0.20067088287322643,0.0074607939608447105,26.89671955819696,0.0,66314.51880216591,True,False,False,fits observed points but injects high-frequency nonphysical structure
ks,2,0.2,0.01,underfit_oversmooth,underfit,False,physics_filtered_s0.8,947609450.8491936,655691037.3616637,1.4452072650895709,0.008291498924746524,0.0074607939608447105,1.111342702552855,0.007128454191399507,516.8720813231616,True,False,False,oversmoothed challenge candidate; shown for diagnosis but not eligible for safe replacement
ks,2,0.2,0.01,physics_filtered_s0.4,physics_informed,False,physics_filtered_s0.8,580054448.7296606,655691037.3616637,0.8846459928195057,0.007956982269675532,0.0074607939608447105,1.0665060998022973,0.0001397303198028512,1740.3630337133438,True,False,False,physics-filtered candidate selected by residual-calibrated certificate
ks,2,0.2,0.01,physics_filtered_s0.8,physics_informed,True,physics_filtered_s0.8,512724732.2712582,655691037.3616637,0.7819608673230214,0.005541948157541787,0.0074607939608447105,0.7428094363527388,0.0010510033063821692,1158.5550653806283,True,False,False,physics-filtered candidate selected by residual-calibrated certificate
ks,2,0.2,0.01,physics_filtered_s1.3,physics_informed,True,physics_filtered_s0.8,555700152.1622921,655691037.3616637,0.847503047164241,0.004759028931465855,0.0074607939608447105,0.6378716468788754,0.0017467392205616084,904.72897595199,True,False,False,physics-filtered candidate selected by residual-calibrated certificate
ks,2,0.2,0.01,physics_filtered_s2,physics_informed,False,physics_filtered_s0.8,685006620.8000731,655691037.3616637,1.044709446626521,0.005121841097634351,0.0074607939608447105,0.6865008099443556,0.002958723704358029,785.8214202907994,True,False,False,physics-filtered candidate selected by residual-calibrated certificate
ks,3,0.2,0.01,data_only_lowrank,data_only,False,baseline_linear,364437447.9133094,319247007.8648595,1.1415532140792357,0.008486430289595217,0.007405384643206864,1.1459810256087157,0.0,1882.0477746023876,False,True,False,data-driven candidate without PDE residual selection
ks,3,0.2,0.01,risky_sensor_overfit,risky,False,baseline_linear,7371404315.121941,319247007.8648595,23.089971506459133,0.20014390132035564,0.007405384643206864,27.026806970374672,0.0,66491.05495218,False,True,False,fits observed points but injects high-frequency nonphysical structure
ks,3,0.2,0.01,underfit_oversmooth,underfit,False,baseline_linear,793081986.8093003,319247007.8648595,2.4842268440148385,0.007602741146509458,0.007405384643206864,1.0266504053178362,0.007097117963536137,518.2383655371312,False,True,False,oversmoothed challenge candidate; shown for diagnosis but not eligible for safe replacement
ks,3,0.2,0.01,physics_filtered_s0.4,physics_informed,False,baseline_linear,351341989.70421845,319247007.8648595,1.1005333833949198,0.0078035999015053535,0.007405384643206864,1.0537737438945873,0.00013878991692219884,1737.6578484762904,False,True,False,physics-filtered candidate selected by residual-calibrated certificate
ks,3,0.2,0.01,physics_filtered_s0.8,physics_informed,False,baseline_linear,344033480.9730424,319247007.8648595,1.0776404241779936,0.0053295815214789745,0.007405384643206864,0.7196900333392184,0.0010446289737388078,1162.0349621008108,False,True,False,physics-filtered candidate selected by residual-calibrated certificate
ks,3,0.2,0.01,physics_filtered_s1.3,physics_informed,False,baseline_linear,404126010.4857963,319247007.8648595,1.265872507901051,0.004432994387196172,0.007405384643206864,0.59861770862423,0.0017402734757787225,908.2764635656464,False,True,False,physics-filtered candidate selected by residual-calibrated certificate
ks,3,0.2,0.01,physics_filtered_s2,physics_informed,False,baseline_linear,537125584.2008365,319247007.8648595,1.6824764867591404,0.0046269654697961415,0.007405384643206864,0.6248109574451013,0.002950901390849325,788.9391966892459,False,True,False,physics-filtered candidate selected by residual-calibrated certificate
ks,4,0.2,0.01,data_only_lowrank,data_only,True,physics_filtered_s0.8,751826919.9439197,807554044.0575266,0.9309927000877762,0.009485828173439929,0.00848663805651287,1.1177368598914756,0.0,1826.3346142012008,True,False,True,data-driven candidate without PDE residual selection
ks,4,0.2,0.01,risky_sensor_overfit,risky,False,physics_filtered_s0.8,6841228175.0621395,807554044.0575266,8.471542214919303,0.2009419985756786,0.00848663805651287,23.677455927060887,0.0,66521.65467437294,True,False,False,fits observed points but injects high-frequency nonphysical structure
ks,4,0.2,0.01,underfit_oversmooth,underfit,False,physics_filtered_s0.8,1044347585.1070112,807554044.0575266,1.293223150564294,0.008474654162576967,0.00848663805651287,0.9985879102119485,0.007252434872928317,526.9039897572989,True,False,False,oversmoothed challenge candidate; shown for diagnosis but not eligible for safe replacement
ks,4,0.2,0.01,physics_filtered_s0.4,physics_informed,False,physics_filtered_s0.8,731287556.394203,807554044.0575266,0.9055586579938039,0.008816060692855374,0.00848663805651287,1.0388166236276424,0.00014034498476247833,1687.250143837479,True,False,False,physics-filtered candidate selected by residual-calibrated certificate
ks,4,0.2,0.01,physics_filtered_s0.8,physics_informed,True,physics_filtered_s0.8,674361024.8206129,807554044.0575266,0.8350661231690574,0.006345121445902484,0.00848663805651287,0.7476601927527013,0.0010582412170157425,1141.1836082327422,True,False,False,physics-filtered candidate selected by residual-calibrated certificate
ks,4,0.2,0.01,physics_filtered_s1.3,physics_informed,True,physics_filtered_s0.8,697631008.5270447,807554044.0575266,0.8638815119070204,0.005487928605056056,0.00848663805651287,0.6466551970126521,0.0017589820073028823,905.1980090069803,True,False,False,physics-filtered candidate selected by residual-calibrated certificate
ks,4,0.2,0.01,physics_filtered_s2,physics_informed,False,physics_filtered_s0.8,787723624.160311,807554044.0575266,0.9754438479465989,0.005636935360794267,0.00848663805651287,0.6642130043243827,0.002987991376219826,793.560867553017,True,False,False,physics-filtered candidate selected by residual-calibrated certificate
ks,5,0.2,0.01,data_only_lowrank,data_only,True,physics_filtered_s0.8,389928696.8411083,447322129.7365026,0.8716955207890069,0.008318145686413151,0.00717287941828913,1.159666181484133,0.0,1850.393564322828,True,False,True,data-driven candidate without PDE residual selection
ks,5,0.2,0.01,risky_sensor_overfit,risky,False,physics_filtered_s0.8,7072021514.742519,447322129.7365026,15.809683994190786,0.2005060607094544,0.00717287941828913,27.953357220847522,0.0,66483.07598617373,True,False,False,fits observed points but injects high-frequency nonphysical structure
ks,5,0.2,0.01,underfit_oversmooth,underfit,False,physics_filtered_s0.8,877572538.2461623,447322129.7365026,1.961835732927188,0.007936965488589338,0.00717287941828913,1.1065243153600834,0.007087239516721051,515.9553640920776,True,False,False,oversmoothed challenge candidate; shown for diagnosis but not eligible for safe replacement
ks,5,0.2,0.01,physics_filtered_s0.4,physics_informed,False,physics_filtered_s0.8,377909267.78182083,447322129.7365026,0.8448257813769022,0.007656111330394016,0.00717287941828913,1.0673693063632703,0.00013731690346417826,1710.2866731015279,True,False,False,physics-filtered candidate selected by residual-calibrated certificate
ks,5,0.2,0.01,physics_filtered_s0.8,physics_informed,True,physics_filtered_s0.8,382718291.9424867,447322129.7365026,0.8555764772199598,0.005283216917333006,0.00717287941828913,0.7365545422561418,0.001034950655332617,1149.8436732931832,True,False,False,physics-filtered candidate selected by residual-calibrated certificate
ks,5,0.2,0.01,physics_filtered_s1.3,physics_informed,False,physics_filtered_s0.8,460431159.7840397,447322129.7365026,1.0293055701385911,0.0044604717221541435,0.00717287941828913,0.621852321978138,0.0017204899900204941,898.9933407871068,True,False,False,physics-filtered candidate selected by residual-calibrated certificate
ks,5,0.2,0.01,physics_filtered_s2,physics_informed,False,physics_filtered_s0.8,605269942.1992472,447322129.7365026,1.3530963526346989,0.004744685747070306,0.00717287941828913,0.6614757435223314,0.0029201491115846325,780.5181015385705,True,False,False,physics-filtered candidate selected by residual-calibrated certificate
ks,1,0.2,0.03,data_only_lowrank,data_only,True,physics_filtered_s1.3,1380945623.7201316,1440783740.1779547,0.9584683566387053,0.02460454564036625,0.02063019765937246,1.1926471110661205,0.0,5491.869908244931,True,False,True,data-driven candidate without PDE residual selection
ks,1,0.2,0.03,risky_sensor_overfit,risky,False,physics_filtered_s1.3,7338438512.395068,1440783740.1779547,5.093365720166081,0.20213232765121056,0.02063019765937246,9.797886136567499,0.0,66765.57244781371,True,False,False,fits observed points but injects high-frequency nonphysical structure
ks,1,0.2,0.03,underfit_oversmooth,underfit,False,physics_filtered_s1.3,1264750753.4616106,1440783740.1779547,0.8778213677684884,0.010463326854585335,0.02063019765937246,0.507185002627669,0.017365424303930278,1307.6810412104535,True,False,False,oversmoothed challenge candidate; shown for diagnosis but not eligible for safe replacement
ks,1,0.2,0.03,physics_filtered_s0.4,physics_informed,False,physics_filtered_s1.3,1328278840.4268715,1440783740.1779547,0.9219140967421056,0.022590053844046398,0.02063019765937246,1.0949993895326817,0.0004101444085539471,5072.5652869232745,True,False,False,physics-filtered candidate selected by residual-calibrated certificate
ks,1,0.2,0.03,physics_filtered_s0.8,physics_informed,True,physics_filtered_s1.3,1133696910.1739116,1440783740.1779547,0.7868612606871076,0.015192720949227412,0.02063019765937246,0.7364311869105534,0.003078208595575731,3402.9415279694863,True,False,False,physics-filtered candidate selected by residual-calibrated certificate
ks,1,0.2,0.03,physics_filtered_s1.3,physics_informed,True,physics_filtered_s1.3,1065468945.4199759,1440783740.1779547,0.7395065030983604,0.011818268281582296,0.02063019765937246,0.5728625811609858,0.005057125324577414,2648.061621494278,True,False,False,physics-filtered candidate selected by residual-calibrated certificate
ks,1,0.2,0.03,physics_filtered_s2,physics_informed,False,physics_filtered_s1.3,1065878695.0996586,1440783740.1779547,0.7397908967018252,0.009472859492158469,0.02063019765937246,0.4591744416658898,0.008261211518957886,2230.924561265828,True,False,False,physics-filtered candidate selected by residual-calibrated certificate
ks,2,0.2,0.03,data_only_lowrank,data_only,False,physics_filtered_s1.3,1212953725.3242745,1121984798.9528446,1.08107857295066,0.024473522416230728,0.02075561178665168,1.1791279711056735,0.0,5457.614019137302,True,False,False,data-driven candidate without PDE residual selection
ks,2,0.2,0.03,risky_sensor_overfit,risky,False,physics_filtered_s1.3,8027129946.599027,1121984798.9528446,7.154401694292825,0.2016310990744619,0.02075561178665168,9.714534128761267,0.0,66753.81794822082,True,False,False,fits observed points but injects high-frequency nonphysical structure
ks,2,0.2,0.03,underfit_oversmooth,underfit,False,physics_filtered_s1.3,929961116.5226278,1121984798.9528446,0.8288535792914185,0.010258179824628432,0.02075561178665168,0.4942364469705211,0.017388507411859055,1313.3877938940925,True,False,False,oversmoothed challenge candidate; shown for diagnosis but not eligible for safe replacement
ks,2,0.2,0.03,physics_filtered_s0.4,physics_informed,False,physics_filtered_s1.3,1151495467.6450238,1121984798.9528446,1.0263022001008586,0.022469806182629514,0.02075561178665168,1.0825894419550512,0.00041097126107547395,5041.307354558672,True,False,False,physics-filtered candidate selected by residual-calibrated certificate
ks,2,0.2,0.03,physics_filtered_s0.8,physics_informed,True,physics_filtered_s1.3,904124868.4564265,1121984798.9528446,0.8058263082532418,0.01511945049862981,0.02075561178665168,0.7284512089219629,0.00307824727471956,3392.063418544078,True,False,False,physics-filtered candidate selected by residual-calibrated certificate
ks,2,0.2,0.03,physics_filtered_s1.3,physics_informed,True,physics_filtered_s1.3,798152733.6494702,1121984798.9528446,0.7113757106106884,0.011735436121070635,0.02075561178665168,0.5654102727076684,0.005057986072070961,2649.137284198512,True,False,False,physics-filtered candidate selected by residual-calibrated certificate
ks,2,0.2,0.03,physics_filtered_s2,physics_informed,False,physics_filtered_s1.3,759541352.2499564,1121984798.9528446,0.6769622484714953,0.009328872358142368,0.02075561178665168,0.4494626539359575,0.008263797352176683,2239.5893387174942,True,False,False,physics-filtered candidate selected by residual-calibrated certificate
ks,3,0.2,0.03,data_only_lowrank,data_only,True,physics_filtered_s1.3,1069395096.7317402,1070293595.3613906,0.9991605120001237,0.02478294570647661,0.021083514479950438,1.175465586103717,0.0,5510.481731994044,True,False,True,data-driven candidate without PDE residual selection
ks,3,0.2,0.03,risky_sensor_overfit,risky,False,physics_filtered_s1.3,9061544829.979515,1070293595.3613906,8.46641040295101,0.2007738885012081,0.021083514479950438,9.522790362233634,0.0,66670.39566090984,True,False,False,fits observed points but injects high-frequency nonphysical structure
ks,3,0.2,0.03,underfit_oversmooth,underfit,False,physics_filtered_s1.3,944609162.1629999,1070293595.3613906,0.8825701342668012,0.010550730808304706,0.021083514479950438,0.5004256201136483,0.01743831283528825,1310.7617557839037,True,False,False,oversmoothed challenge candidate; shown for diagnosis but not eligible for safe replacement
ks,3,0.2,0.03,physics_filtered_s0.4,physics_informed,False,physics_filtered_s1.3,1015377680.7934022,1070293595.3613906,0.9486907939970941,0.0227528081806427,0.021083514479950438,1.0791753054833682,0.00041609315211839864,5087.48654148724,True,False,False,physics-filtered candidate selected by residual-calibrated certificate
ks,3,0.2,0.03,physics_filtered_s0.8,physics_informed,True,physics_filtered_s1.3,821852914.1856537,1070293595.3613906,0.7678761395448231,0.015362174701940932,0.021083514479950438,0.7286344369114125,0.003113671033876667,3421.6609934450144,True,False,False,physics-filtered candidate selected by residual-calibrated certificate
ks,3,0.2,0.03,physics_filtered_s1.3,physics_informed,True,physics_filtered_s1.3,750755879.8440589,1070293595.3613906,0.7014485400060364,0.012009899898936355,0.021083514479950438,0.5696346266078004,0.005098860169065134,2663.871369923454,True,False,False,physics-filtered candidate selected by residual-calibrated certificate
ks,3,0.2,0.03,physics_filtered_s2,physics_informed,False,physics_filtered_s1.3,737361085.5814426,1070293595.3613906,0.6889334746812799,0.00961959385168173,0.021083514479950438,0.45626140083871264,0.008304935545678897,2240.968248649928,True,False,False,physics-filtered candidate selected by residual-calibrated certificate
ks,4,0.2,0.03,data_only_lowrank,data_only,False,physics_filtered_s1.3,1243898396.3610206,1171436761.7181475,1.061857060501152,0.024862992618868384,0.02057394461926894,1.2084698912999885,0.0,5620.7755798626295,True,False,False,data-driven candidate without PDE residual selection
ks,4,0.2,0.03,risky_sensor_overfit,risky,False,physics_filtered_s1.3,7488585593.373569,1171436761.7181475,6.39265032317242,0.20174516353569855,0.02057394461926894,9.805857226666404,0.0,66654.45072884299,True,False,False,fits observed points but injects high-frequency nonphysical structure
ks,4,0.2,0.03,underfit_oversmooth,underfit,False,physics_filtered_s1.3,1147058877.6285157,1171436761.7181475,0.9791897566421967,0.010354888763385734,0.02057394461926894,0.5033010905057242,0.017613812779240148,1327.623286570321,True,False,False,oversmoothed challenge candidate; shown for diagnosis but not eligible for safe replacement
ks,4,0.2,0.03,physics_filtered_s0.4,physics_informed,False,physics_filtered_s1.3,1195179138.3685758,1171436761.7181475,1.0202677408002847,0.022796639478568328,0.02057394461926894,1.1080344532525692,0.0004173589206651542,5188.911361874434,True,False,False,physics-filtered candidate selected by residual-calibrated certificate
ks,4,0.2,0.03,physics_filtered_s0.8,physics_informed,True,physics_filtered_s1.3,1009979604.2246035,1171436761.7181475,0.8621716828685361,0.015158493870413535,0.02057394461926894,0.7367811156388437,0.0031267067956593127,3457.899292594696,True,False,False,physics-filtered candidate selected by residual-calibrated certificate
ks,4,0.2,0.03,physics_filtered_s1.3,physics_informed,True,physics_filtered_s1.3,949396239.1467856,1171436761.7181475,0.810454537686102,0.011585639238953283,0.02057394461926894,0.5631219220615282,0.005137346738336554,2678.244722676101,True,False,False,physics-filtered candidate selected by residual-calibrated certificate
ks,4,0.2,0.03,physics_filtered_s2,physics_informed,False,physics_filtered_s1.3,964674373.3254275,1171436761.7181475,0.8234967561633789,0.009171379918852035,0.02057394461926894,0.4457764462832577,0.008387589673114862,2261.5413000358108,True,False,False,physics-filtered candidate selected by residual-calibrated certificate
ks,5,0.2,0.03,data_only_lowrank,data_only,True,physics_filtered_s0.8,1001381976.8751988,1038801964.6614672,0.9639777464240135,0.024756018910395354,0.02063144374284251,1.1999169431748484,0.0,5531.270700640589,True,False,True,data-driven candidate without PDE residual selection
ks,5,0.2,0.03,risky_sensor_overfit,risky,False,physics_filtered_s0.8,8312964457.890755,1038801964.6614672,8.00245353848541,0.19981207401559892,0.02063144374284251,9.684832360567748,0.0,66553.8213687613,True,False,False,fits observed points but injects high-frequency nonphysical structure
ks,5,0.2,0.03,underfit_oversmooth,underfit,False,physics_filtered_s0.8,1177624843.3072371,1038801964.6614672,1.133637481799537,0.010621396177057502,0.02063144374284251,0.5148159435147371,0.017383941168682113,1314.74099686498,True,False,False,oversmoothed challenge candidate; shown for diagnosis but not eligible for safe replacement
ks,5,0.2,0.03,physics_filtered_s0.4,physics_informed,False,physics_filtered_s0.8,963671753.8242198,1038801964.6614672,0.9276760986279696,0.02271538905094181,0.02063144374284251,1.101008215080501,0.00041142507379546067,5111.105262437045,True,False,False,physics-filtered candidate selected by residual-calibrated certificate
ks,5,0.2,0.03,physics_filtered_s0.8,physics_informed,True,physics_filtered_s0.8,845190741.177521,1038801964.6614672,0.8136206610400071,0.015208160126445963,0.02063144374284251,0.7371350408274199,0.00308718262402553,3427.5935531313075,True,False,False,physics-filtered candidate selected by residual-calibrated certificate
ks,5,0.2,0.03,physics_filtered_s1.3,physics_informed,True,physics_filtered_s0.8,845509492.6000657,1038801964.6614672,0.813927506264976,0.011853234827270307,0.02063144374284251,0.5745227999765129,0.005070626071691563,2662.5996286789846,True,False,False,physics-filtered candidate selected by residual-calibrated certificate
ks,5,0.2,0.03,physics_filtered_s2,physics_informed,False,physics_filtered_s0.8,918665222.6028472,1038801964.6614672,0.8843506788151184,0.009559651108701763,0.02063144374284251,0.4633534728540197,0.008264501687526843,2243.6142686167177,True,False,False,physics-filtered candidate selected by residual-calibrated certificate
ks,1,0.2,0.05,data_only_lowrank,data_only,True,physics_filtered_s1.3,2185203977.0918264,2266008793.375646,0.9643404665859898,0.042003383080919984,0.0345673669162737,1.2151166497998558,0.0,9239.496162996364,True,False,True,data-driven candidate without PDE residual selection
ks,1,0.2,0.05,risky_sensor_overfit,risky,False,physics_filtered_s1.3,7543971714.3980465,2266008793.375646,3.3291890730749913,0.20437181766140308,0.0345673669162737,5.9122761114696365,0.0,67371.35711802692,True,False,False,fits observed points but injects high-frequency nonphysical structure
ks,1,0.2,0.05,underfit_oversmooth,underfit,False,physics_filtered_s1.3,1700257552.225528,2266008793.375646,0.7503314008295063,0.014247441648203029,0.0345673669162737,0.4121645042360292,0.02884971257287049,2183.9625308052905,True,False,False,oversmoothed challenge candidate; shown for diagnosis but not eligible for safe replacement
ks,1,0.2,0.05,physics_filtered_s0.4,physics_informed,False,physics_filtered_s1.3,2079962602.322404,2266008793.375646,0.9178969686273408,0.03853428425308486,0.0345673669162737,1.1147590253346387,0.0006957568171993211,8536.547034949815,True,False,False,physics-filtered candidate selected by residual-calibrated certificate
ks,1,0.2,0.05,physics_filtered_s0.8,physics_informed,True,physics_filtered_s1.3,1682048448.106047,2266008793.375646,0.7422956402566822,0.02568452399980343,0.0345673669162737,0.7430280721488389,0.00520827641125982,5744.553543396387,True,False,False,physics-filtered candidate selected by residual-calibrated certificate
ks,1,0.2,0.05,physics_filtered_s1.3,physics_informed,True,physics_filtered_s1.3,1544278148.531669,2266008793.375646,0.6814969796437446,0.019721800168399025,0.0345673669162737,0.5705323236102147,0.008556146093916955,4481.116978043649,True,False,False,physics-filtered candidate selected by residual-calibrated certificate
ks,1,0.2,0.05,physics_filtered_s2,physics_informed,False,physics_filtered_s1.3,1481421153.6067739,2266008793.375646,0.6537579015304342,0.015152813642304171,0.0345673669162737,0.4383560274801302,0.013936978689069892,3776.0978981757958,True,False,False,physics-filtered candidate selected by residual-calibrated certificate
ks,2,0.2,0.05,data_only_lowrank,data_only,False,physics_filtered_s1.3,2456633345.057827,2250299141.4740853,1.0916918998816219,0.04124847002655249,0.03434794574306498,1.2009006399947473,0.0,9177.241659725256,True,False,False,data-driven candidate without PDE residual selection
ks,2,0.2,0.05,risky_sensor_overfit,risky,False,physics_filtered_s1.3,8416040881.617395,2250299141.4740853,3.7399653790492793,0.20589909350252344,0.03434794574306498,5.994509687325361,0.0,67058.56525075326,True,False,False,fits observed points but injects high-frequency nonphysical structure
ks,2,0.2,0.05,underfit_oversmooth,underfit,False,physics_filtered_s1.3,1291255537.998637,2250299141.4740853,0.5738150604958169,0.013742293310325329,0.03434794574306498,0.4000906899272098,0.02858883670942738,2160.006265724033,True,False,False,oversmoothed challenge candidate; shown for diagnosis but not eligible for safe replacement
ks,2,0.2,0.05,physics_filtered_s0.4,physics_informed,False,physics_filtered_s1.3,2333735173.9889135,2250299141.4740853,1.037077751565142,0.03776950827426747,0.03434794574306498,1.0996147646120498,0.0006981404686505156,8467.215663723598,True,False,False,physics-filtered candidate selected by residual-calibrated certificate
ks,2,0.2,0.05,physics_filtered_s0.8,physics_informed,True,physics_filtered_s1.3,1826801489.5678027,2250299141.4740853,0.8118038423865436,0.024975280354999047,0.03434794574306498,0.7271258823190191,0.005203593782330586,5676.4769422735735,True,False,False,physics-filtered candidate selected by residual-calibrated certificate
ks,2,0.2,0.05,physics_filtered_s1.3,physics_informed,True,physics_filtered_s1.3,1586690787.5027993,2250299141.4740853,0.7051021609791036,0.019212058881725814,0.03434794574306498,0.5593364745851064,0.008514034884006958,4433.332756586159,True,False,False,physics-filtered candidate selected by residual-calibrated certificate
ks,2,0.2,0.05,physics_filtered_s2,physics_informed,False,physics_filtered_s1.3,1415632798.890864,2250299141.4740853,0.6290864946797858,0.014795870657702851,0.03434794574306498,0.43076435394275203,0.01382666820354286,3735.492618604037,True,False,False,physics-filtered candidate selected by residual-calibrated certificate
ks,3,0.2,0.05,data_only_lowrank,data_only,False,physics_filtered_s1.3,2212950853.0945587,2112936574.0975893,1.047334255189219,0.041498030835703345,0.03470465918032574,1.1957481160925234,0.0,9095.995196624019,True,False,False,data-driven candidate without PDE residual selection
ks,3,0.2,0.05,risky_sensor_overfit,risky,False,physics_filtered_s1.3,9048647387.120384,2112936574.0975893,4.282498347582893,0.2051416994104146,0.03470465918032574,5.911070854739858,0.0,67053.7841915022,True,False,False,fits observed points but injects high-frequency nonphysical structure
ks,3,0.2,0.05,underfit_oversmooth,underfit,False,physics_filtered_s1.3,1734020259.5300026,2112936574.0975893,0.8206683914639428,0.0143689676212817,0.03470465918032574,0.4140356931963046,0.028514441724270298,2160.8480066844663,True,False,False,oversmoothed challenge candidate; shown for diagnosis but not eligible for safe replacement
ks,3,0.2,0.05,physics_filtered_s0.4,physics_informed,False,physics_filtered_s1.3,2111157788.265132,2112936574.0975893,0.9991581451832188,0.037965082740026426,0.03470465918032574,1.093947718710204,0.0006936998264776506,8389.7189457201,True,False,False,physics-filtered candidate selected by residual-calibrated certificate
ks,3,0.2,0.05,physics_filtered_s0.8,physics_informed,True,physics_filtered_s1.3,1737943208.2929623,2112936574.0975893,0.8225250249337076,0.0251625026761913,0.03470465918032574,0.7250468170490207,0.005180741822821611,5631.218223903275,True,False,False,physics-filtered candidate selected by residual-calibrated certificate
ks,3,0.2,0.05,physics_filtered_s1.3,physics_informed,True,physics_filtered_s1.3,1592639543.771763,2112936574.0975893,0.7537564370345385,0.01939087542047842,0.03470465918032574,0.5587398314204588,0.008484561256017657,4416.512081972096,True,False,False,physics-filtered candidate selected by residual-calibrated certificate
ks,3,0.2,0.05,physics_filtered_s2,physics_informed,False,physics_filtered_s1.3,1520058896.462904,2112936574.0975893,0.7194058331410651,0.015021666036962152,0.03470465918032574,0.432842920556476,0.013793097741293572,3733.315201269769,True,False,False,physics-filtered candidate selected by residual-calibrated certificate
ks,4,0.2,0.05,data_only_lowrank,data_only,False,physics_filtered_s1.3,2123308758.367385,1820329822.731284,1.1664417798646518,0.041826835971962434,0.034668184965420054,1.2064905045498149,0.0,9330.30534954633,True,False,False,data-driven candidate without PDE residual selection
ks,4,0.2,0.05,risky_sensor_overfit,risky,False,physics_filtered_s1.3,8476677071.740093,1820329822.731284,4.656670986701411,0.2044798330637633,0.034668184965420054,5.89819839895929,0.0,67069.58549495834,True,False,False,fits observed points but injects high-frequency nonphysical structure
ks,4,0.2,0.05,underfit_oversmooth,underfit,False,physics_filtered_s1.3,1246659393.9881206,1820329822.731284,0.6848535789616362,0.013935581975517777,0.034668184965420054,0.40197033646312663,0.028598787807784166,2171.3339660766733,True,False,False,oversmoothed challenge candidate; shown for diagnosis but not eligible for safe replacement
ks,4,0.2,0.05,physics_filtered_s0.4,physics_informed,False,physics_filtered_s1.3,2023511378.9436843,1820329822.731284,1.111617990143973,0.038434987048260566,0.034668184965420054,1.108652993673856,0.0006887367799095162,8616.718583692567,True,False,False,physics-filtered candidate selected by residual-calibrated certificate
ks,4,0.2,0.05,physics_filtered_s0.8,physics_informed,True,physics_filtered_s1.3,1633723096.4801128,1820329822.731284,0.8974874091931427,0.02584478112607813,0.034668184965420054,0.7454898821819383,0.005165875134632342,5761.894448201773,True,False,False,physics-filtered candidate selected by residual-calibrated certificate
ks,4,0.2,0.05,physics_filtered_s1.3,physics_informed,True,physics_filtered_s1.3,1432154735.9403536,1820329822.731284,0.7867556296976449,0.019939139314712962,0.034668184965420054,0.5751422906629294,0.008488580873335481,4465.609082719743,True,False,False,physics-filtered candidate selected by residual-calibrated certificate
ks,4,0.2,0.05,physics_filtered_s2,physics_informed,False,physics_filtered_s1.3,1265902788.5519361,1820329822.731284,0.6954249569193638,0.015267893034876308,0.034668184965420054,0.44040070311338597,0.013821503127715096,3755.2330814098455,True,False,False,physics-filtered candidate selected by residual-calibrated certificate
ks,5,0.2,0.05,data_only_lowrank,data_only,False,physics_filtered_s1.3,2094819666.9992065,2015266397.2604048,1.0394753119721285,0.04136524000337194,0.034396522504885334,1.2025994777900655,0.0,9230.924541470735,True,False,False,data-driven candidate without PDE residual selection
ks,5,0.2,0.05,risky_sensor_overfit,risky,False,physics_filtered_s1.3,7759148414.436606,2015266397.2604048,3.8501849804991313,0.2044451565301176,0.034396522504885334,5.943774010734269,0.0,66910.31123818301,True,False,False,fits observed points but injects high-frequency nonphysical structure
ks,5,0.2,0.05,underfit_oversmooth,underfit,False,physics_filtered_s1.3,1493211174.2208242,2015266397.2604048,0.7409497703384161,0.01409204720956997,0.034396522504885334,0.4096939511009808,0.02836460855094251,2152.6191681259975,True,False,False,oversmoothed challenge candidate; shown for diagnosis but not eligible for safe replacement
ks,5,0.2,0.05,physics_filtered_s0.4,physics_informed,False,physics_filtered_s1.3,2003558753.5774856,2015266397.2604048,0.994190523050037,0.0379885902949851,0.034396522504885334,1.104431132201959,0.0006827696737809946,8529.73801628578,True,False,False,physics-filtered candidate selected by residual-calibrated certificate
ks,5,0.2,0.05,physics_filtered_s0.8,physics_informed,True,physics_filtered_s1.3,1665735872.5665753,2015266397.2604048,0.8265586499288686,0.025539123491133253,0.034396522504885334,0.7424914389750721,0.005124784486294475,5715.599729115663,True,False,False,physics-filtered candidate selected by residual-calibrated certificate
ks,5,0.2,0.05,physics_filtered_s1.3,physics_informed,True,physics_filtered_s1.3,1512816189.7706125,2015266397.2604048,0.7506780204479002,0.019707950876758442,0.034396522504885334,0.5729634695887168,0.008409843944101667,4428.947380863447,True,False,False,physics-filtered candidate selected by residual-calibrated certificate
ks,5,0.2,0.05,physics_filtered_s2,physics_informed,False,physics_filtered_s1.3,1401572507.3470354,2015266397.2604048,0.6954775355021858,0.015137916160546454,0.034396522504885334,0.4401001920457604,0.013686464912496185,3717.9029852627873,True,False,False,physics-filtered candidate selected by residual-calibrated certificate
